<?xml version="1.0" encoding="UTF-8"?>
<osm version="0.6" generator="openstreetmap-cgimap 2.1.0 (2942768 spike-08.openstreetmap.org)" copyright="OpenStreetMap and contributors" attribution="http://www.openstreetmap.org/copyright" license="http://opendatacommons.org/licenses/odbl/1-0/">
 <bounds minlat="19.5950000" minlon="-155.9920000" maxlat="19.6150000" maxlon="-155.9700000"/>
 <node id="88998495" visible="true" version="2" changeset="10067091" timestamp="2011-12-08T17:55:50Z" user="abschiff" uid="101433" lat="19.5969751" lon="-155.9738557"/>
 <node id="88998499" visible="true" version="2" changeset="10067091" timestamp="2011-12-08T17:55:50Z" user="abschiff" uid="101433" lat="19.5952013" lon="-155.9728393"/>
 <node id="88998554" visible="true" version="3" changeset="10067091" timestamp="2011-12-08T17:55:50Z" user="abschiff" uid="101433" lat="19.6018437" lon="-155.9762256"/>
 <node id="88998557" visible="true" version="2" changeset="10067091" timestamp="2011-12-08T17:55:51Z" user="abschiff" uid="101433" lat="19.6000450" lon="-155.9765779"/>
 <node id="88998602" visible="true" version="2" changeset="10067091" timestamp="2011-12-08T17:55:51Z" user="abschiff" uid="101433" lat="19.5988131" lon="-155.9748152"/>
 <node id="88998605" visible="true" version="3" changeset="10060769" timestamp="2011-12-07T20:27:52Z" user="abschiff" uid="101433" lat="19.6066242" lon="-155.9768217"/>
 <node id="88998607" visible="true" version="3" changeset="10060769" timestamp="2011-12-07T20:27:52Z" user="abschiff" uid="101433" lat="19.6055778" lon="-155.9756317"/>
 <node id="88998610" visible="true" version="3" changeset="10060769" timestamp="2011-12-07T20:27:52Z" user="abschiff" uid="101433" lat="19.6045770" lon="-155.9755614"/>
 <node id="88998612" visible="true" version="3" changeset="10060769" timestamp="2011-12-07T20:27:53Z" user="abschiff" uid="101433" lat="19.6029144" lon="-155.9745803"/>
 <node id="88998614" visible="true" version="2" changeset="10060769" timestamp="2011-12-07T20:27:53Z" user="abschiff" uid="101433" lat="19.6086299" lon="-155.9783004"/>
 <node id="88998618" visible="true" version="3" changeset="19680354" timestamp="2013-12-28T15:26:55Z" user="bdiscoe" uid="402624" lat="19.6101683" lon="-155.9798640"/>
 <node id="88998621" visible="true" version="2" changeset="10060769" timestamp="2011-12-07T20:27:53Z" user="abschiff" uid="101433" lat="19.6118147" lon="-155.9809705"/>
 <node id="88998624" visible="true" version="3" changeset="10060769" timestamp="2011-12-07T20:27:53Z" user="abschiff" uid="101433" lat="19.6119003" lon="-155.9826042"/>
 <node id="88998643" visible="true" version="3" changeset="19680354" timestamp="2013-12-28T15:26:55Z" user="bdiscoe" uid="402624" lat="19.6224721" lon="-155.9864348"/>
 <node id="88998651" visible="true" version="2" changeset="6631998" timestamp="2010-12-12T02:38:06Z" user="dandv" uid="51581" lat="19.6253601" lon="-155.9878009"/>
 <node id="368391215" visible="true" version="3" changeset="151977289" timestamp="2024-05-29T08:47:22Z" user="Mateusz Konieczny - bot account" uid="3199858" lat="19.6039872" lon="-155.9773159">
  <tag k="addr:state" v="HI"/>
  <tag k="ele" v="0"/>
  <tag k="gnis:feature_id" v="359253"/>
  <tag k="name" v="Holualoa Bay"/>
  <tag k="natural" v="bay"/>
 </node>
 <node id="384258507" visible="true" version="1" changeset="937814" timestamp="2009-04-25T07:08:34Z" user="Chris Lawrence" uid="36121" lat="19.5807320" lon="-155.9766940"/>
 <node id="384258508" visible="true" version="1" changeset="937814" timestamp="2009-04-25T07:08:34Z" user="Chris Lawrence" uid="36121" lat="19.5783980" lon="-155.9762280"/>
 <node id="384258531" visible="true" version="1" changeset="937814" timestamp="2009-04-25T07:08:35Z" user="Chris Lawrence" uid="36121" lat="19.5465530" lon="-155.9685000"/>
 <node id="384258532" visible="true" version="1" changeset="937814" timestamp="2009-04-25T07:08:35Z" user="Chris Lawrence" uid="36121" lat="19.5381100" lon="-155.9637770"/>
 <node id="384258533" visible="true" version="1" changeset="937814" timestamp="2009-04-25T07:08:35Z" user="Chris Lawrence" uid="36121" lat="19.5549180" lon="-155.9724480"/>
 <node id="384258534" visible="true" version="1" changeset="937814" timestamp="2009-04-25T07:08:35Z" user="Chris Lawrence" uid="36121" lat="19.5928850" lon="-155.9785020"/>
 <node id="384258535" visible="true" version="1" changeset="937814" timestamp="2009-04-25T07:08:35Z" user="Chris Lawrence" uid="36121" lat="19.5934480" lon="-155.9785060"/>
 <node id="384258536" visible="true" version="1" changeset="937814" timestamp="2009-04-25T07:08:35Z" user="Chris Lawrence" uid="36121" lat="19.5955700" lon="-155.9789780"/>
 <node id="384258537" visible="true" version="1" changeset="937814" timestamp="2009-04-25T07:08:35Z" user="Chris Lawrence" uid="36121" lat="19.5495580" lon="-155.9699180"/>
 <node id="384258538" visible="true" version="1" changeset="937814" timestamp="2009-04-25T07:08:35Z" user="Chris Lawrence" uid="36121" lat="19.5837000" lon="-155.9777510"/>
 <node id="384258539" visible="true" version="1" changeset="937814" timestamp="2009-04-25T07:08:35Z" user="Chris Lawrence" uid="36121" lat="19.5883550" lon="-155.9784700"/>
 <node id="384258550" visible="true" version="1" changeset="937814" timestamp="2009-04-25T07:08:35Z" user="Chris Lawrence" uid="36121" lat="19.5745790" lon="-155.9760830"/>
 <node id="384258551" visible="true" version="1" changeset="937814" timestamp="2009-04-25T07:08:35Z" user="Chris Lawrence" uid="36121" lat="19.5643930" lon="-155.9750960"/>
 <node id="384258578" visible="true" version="1" changeset="937814" timestamp="2009-04-25T07:08:36Z" user="Chris Lawrence" uid="36121" lat="19.5294330" lon="-155.9561950"/>
 <node id="384258579" visible="true" version="1" changeset="937814" timestamp="2009-04-25T07:08:36Z" user="Chris Lawrence" uid="36121" lat="19.5293400" lon="-155.9561400"/>
 <node id="384258580" visible="true" version="1" changeset="937814" timestamp="2009-04-25T07:08:36Z" user="Chris Lawrence" uid="36121" lat="19.5292400" lon="-155.9560300"/>
 <node id="384258581" visible="true" version="1" changeset="937814" timestamp="2009-04-25T07:08:36Z" user="Chris Lawrence" uid="36121" lat="19.5289430" lon="-155.9558390"/>
 <node id="384258582" visible="true" version="1" changeset="937814" timestamp="2009-04-25T07:08:36Z" user="Chris Lawrence" uid="36121" lat="19.5289810" lon="-155.9555950"/>
 <node id="384258583" visible="true" version="1" changeset="937814" timestamp="2009-04-25T07:08:36Z" user="Chris Lawrence" uid="36121" lat="19.5290110" lon="-155.9554040"/>
 <node id="384258584" visible="true" version="1" changeset="937814" timestamp="2009-04-25T07:08:36Z" user="Chris Lawrence" uid="36121" lat="19.5290480" lon="-155.9553200"/>
 <node id="384258588" visible="true" version="1" changeset="937814" timestamp="2009-04-25T07:08:36Z" user="Chris Lawrence" uid="36121" lat="19.5550610" lon="-155.9725110"/>
 <node id="384258609" visible="true" version="1" changeset="937814" timestamp="2009-04-25T07:08:37Z" user="Chris Lawrence" uid="36121" lat="19.5640100" lon="-155.9749900"/>
 <node id="384258657" visible="true" version="1" changeset="937814" timestamp="2009-04-25T07:08:38Z" user="Chris Lawrence" uid="36121" lat="19.6013950" lon="-155.9525760"/>
 <node id="384258659" visible="true" version="1" changeset="937814" timestamp="2009-04-25T07:08:39Z" user="Chris Lawrence" uid="36121" lat="19.6013520" lon="-155.9508170"/>
 <node id="384258661" visible="true" version="1" changeset="937814" timestamp="2009-04-25T07:08:39Z" user="Chris Lawrence" uid="36121" lat="19.6012710" lon="-155.9500010"/>
 <node id="384258696" visible="true" version="1" changeset="937814" timestamp="2009-04-25T07:08:39Z" user="Chris Lawrence" uid="36121" lat="19.6022660" lon="-155.9600420"/>
 <node id="384258699" visible="true" version="2" changeset="15390781" timestamp="2013-03-17T01:07:55Z" user="Tom_Holland" uid="574654" lat="19.6017658" lon="-155.9579704"/>
 <node id="384258736" visible="true" version="2" changeset="41651716" timestamp="2016-08-24T02:37:28Z" user="Tom_Holland" uid="574654" lat="19.5335722" lon="-155.9448782"/>
 <node id="384258737" visible="true" version="2" changeset="41651716" timestamp="2016-08-24T02:37:28Z" user="Tom_Holland" uid="574654" lat="19.5338857" lon="-155.9440628"/>
 <node id="384258738" visible="true" version="2" changeset="41651716" timestamp="2016-08-24T02:37:28Z" user="Tom_Holland" uid="574654" lat="19.5332588" lon="-155.9465841"/>
 <node id="384258739" visible="true" version="2" changeset="41651716" timestamp="2016-08-24T02:37:28Z" user="Tom_Holland" uid="574654" lat="19.5333295" lon="-155.9457365"/>
 <node id="384258740" visible="true" version="1" changeset="937814" timestamp="2009-04-25T07:08:40Z" user="Chris Lawrence" uid="36121" lat="19.5985400" lon="-155.9792270"/>
 <node id="384258741" visible="true" version="1" changeset="937814" timestamp="2009-04-25T07:08:40Z" user="Chris Lawrence" uid="36121" lat="19.5917500" lon="-155.9784940"/>
 <node id="384258742" visible="true" version="1" changeset="937814" timestamp="2009-04-25T07:08:41Z" user="Chris Lawrence" uid="36121" lat="19.5919900" lon="-155.9784950"/>
 <node id="384258745" visible="true" version="1" changeset="937814" timestamp="2009-04-25T07:08:41Z" user="Chris Lawrence" uid="36121" lat="19.6005560" lon="-155.9791310"/>
 <node id="384258787" visible="true" version="1" changeset="937814" timestamp="2009-04-25T07:08:42Z" user="Chris Lawrence" uid="36121" lat="19.5295800" lon="-155.9563900"/>
 <node id="384258788" visible="true" version="1" changeset="937814" timestamp="2009-04-25T07:08:42Z" user="Chris Lawrence" uid="36121" lat="19.5296390" lon="-155.9565050"/>
 <node id="384258789" visible="true" version="1" changeset="937814" timestamp="2009-04-25T07:08:42Z" user="Chris Lawrence" uid="36121" lat="19.5295600" lon="-155.9562700"/>
 <node id="384258790" visible="true" version="1" changeset="937814" timestamp="2009-04-25T07:08:42Z" user="Chris Lawrence" uid="36121" lat="19.5296000" lon="-155.9563100"/>
 <node id="384258791" visible="true" version="1" changeset="937814" timestamp="2009-04-25T07:08:42Z" user="Chris Lawrence" uid="36121" lat="19.5298530" lon="-155.9569760"/>
 <node id="384258792" visible="true" version="1" changeset="937814" timestamp="2009-04-25T07:08:42Z" user="Chris Lawrence" uid="36121" lat="19.5324260" lon="-155.9593820"/>
 <node id="384258793" visible="true" version="1" changeset="937814" timestamp="2009-04-25T07:08:42Z" user="Chris Lawrence" uid="36121" lat="19.5297510" lon="-155.9567220"/>
 <node id="384258794" visible="true" version="1" changeset="937814" timestamp="2009-04-25T07:08:42Z" user="Chris Lawrence" uid="36121" lat="19.5298040" lon="-155.9568550"/>
 <node id="384258795" visible="true" version="1" changeset="937814" timestamp="2009-04-25T07:08:42Z" user="Chris Lawrence" uid="36121" lat="19.5343270" lon="-155.9608520"/>
 <node id="384258796" visible="true" version="1" changeset="937814" timestamp="2009-04-25T07:08:42Z" user="Chris Lawrence" uid="36121" lat="19.5369830" lon="-155.9629060"/>
 <node id="384258801" visible="true" version="2" changeset="41746617" timestamp="2016-08-28T01:08:24Z" user="Tom_Holland" uid="574654" lat="19.6014607" lon="-155.9684484"/>
 <node id="384258803" visible="true" version="1" changeset="937814" timestamp="2009-04-25T07:08:42Z" user="Chris Lawrence" uid="36121" lat="19.6021030" lon="-155.9613460"/>
 <node id="384258805" visible="true" version="3" changeset="41746617" timestamp="2016-08-28T01:08:24Z" user="Tom_Holland" uid="574654" lat="19.6016962" lon="-155.9652759"/>
 <node id="384258806" visible="true" version="1" changeset="937814" timestamp="2009-04-25T07:08:42Z" user="Chris Lawrence" uid="36121" lat="19.6020520" lon="-155.9630050"/>
 <node id="384258819" visible="true" version="2" changeset="41651716" timestamp="2016-08-24T02:37:28Z" user="Tom_Holland" uid="574654" lat="19.5340434" lon="-155.9435283"/>
 <node id="384258856" visible="true" version="2" changeset="41651716" timestamp="2016-08-24T02:37:28Z" user="Tom_Holland" uid="574654" lat="19.5331775" lon="-155.9469998"/>
 <node id="384258857" visible="true" version="2" changeset="41651716" timestamp="2016-08-24T02:37:28Z" user="Tom_Holland" uid="574654" lat="19.5330024" lon="-155.9476692"/>
 <node id="384258858" visible="true" version="2" changeset="41651716" timestamp="2016-08-24T02:37:28Z" user="Tom_Holland" uid="574654" lat="19.5328880" lon="-155.9482151"/>
 <node id="384258867" visible="true" version="3" changeset="41746617" timestamp="2016-08-28T01:08:24Z" user="Tom_Holland" uid="574654" lat="19.5996943" lon="-155.9766736"/>
 <node id="384258873" visible="true" version="2" changeset="41746617" timestamp="2016-08-28T01:08:24Z" user="Tom_Holland" uid="574654" lat="19.6001554" lon="-155.9745217"/>
 <node id="384258875" visible="true" version="1" changeset="937814" timestamp="2009-04-25T07:08:44Z" user="Chris Lawrence" uid="36121" lat="19.6013220" lon="-155.9788580"/>
 <node id="384259076" visible="true" version="1" changeset="937814" timestamp="2009-04-25T07:08:50Z" user="Chris Lawrence" uid="36121" lat="19.6164890" lon="-155.9948650"/>
 <node id="384259096" visible="true" version="1" changeset="937814" timestamp="2009-04-25T07:08:51Z" user="Chris Lawrence" uid="36121" lat="19.6243040" lon="-155.9969770"/>
 <node id="384259399" visible="true" version="1" changeset="937814" timestamp="2009-04-25T07:08:59Z" user="Chris Lawrence" uid="36121" lat="19.6014390" lon="-155.9825040"/>
 <node id="384259483" visible="true" version="1" changeset="937814" timestamp="2009-04-25T07:09:02Z" user="Chris Lawrence" uid="36121" lat="19.6024430" lon="-155.9848960"/>
 <node id="384259574" visible="true" version="1" changeset="937821" timestamp="2009-04-25T07:09:10Z" user="Chris Lawrence" uid="36121" lat="19.6043640" lon="-155.9868750"/>
 <node id="581605426" visible="true" version="2" changeset="15106325" timestamp="2013-02-20T23:05:32Z" user="Tom_Holland" uid="574654" lat="19.6131452" lon="-155.9774265"/>
 <node id="581605442" visible="true" version="4" changeset="20423228" timestamp="2014-02-07T02:42:56Z" user="bdiscoe" uid="402624" lat="19.6115295" lon="-155.9749485"/>
 <node id="581605453" visible="true" version="4" changeset="20423228" timestamp="2014-02-07T02:42:56Z" user="bdiscoe" uid="402624" lat="19.6113604" lon="-155.9752974"/>
 <node id="581612448" visible="true" version="1" changeset="3293234" timestamp="2009-12-05T06:56:06Z" user="docoga" uid="161269" lat="19.6087200" lon="-155.9680100"/>
 <node id="581650506" visible="true" version="1" changeset="3293234" timestamp="2009-12-05T07:15:35Z" user="docoga" uid="161269" lat="19.6145100" lon="-155.9753900"/>
 <node id="581662042" visible="true" version="4" changeset="182405024" timestamp="2026-05-09T00:23:33Z" user="Abaluni_Lyft" uid="23086916" lat="19.5998495" lon="-155.9744304"/>
 <node id="581662072" visible="true" version="3" changeset="15390486" timestamp="2013-03-17T00:12:59Z" user="Tom_Holland" uid="574654" lat="19.6088997" lon="-155.9748742"/>
 <node id="581662255" visible="true" version="4" changeset="20423228" timestamp="2014-02-07T02:42:56Z" user="bdiscoe" uid="402624" lat="19.6112887" lon="-155.9754868"/>
 <node id="581671654" visible="true" version="2" changeset="20423228" timestamp="2014-02-07T02:42:56Z" user="bdiscoe" uid="402624" lat="19.6086832" lon="-155.9777156"/>
 <node id="581671757" visible="true" version="3" changeset="15390486" timestamp="2013-03-17T00:12:59Z" user="Tom_Holland" uid="574654" lat="19.6105179" lon="-155.9720068"/>
 <node id="581671950" visible="true" version="4" changeset="20423228" timestamp="2014-02-07T02:42:56Z" user="bdiscoe" uid="402624" lat="19.6117664" lon="-155.9745533"/>
 <node id="581672022" visible="true" version="3" changeset="20423228" timestamp="2014-02-07T02:42:56Z" user="bdiscoe" uid="402624" lat="19.6126995" lon="-155.9732584"/>
 <node id="581672100" visible="true" version="2" changeset="15106325" timestamp="2013-02-20T23:05:32Z" user="Tom_Holland" uid="574654" lat="19.6148495" lon="-155.9747202"/>
 <node id="581672108" visible="true" version="1" changeset="3293328" timestamp="2009-12-05T07:30:45Z" user="docoga" uid="161269" lat="19.6140700" lon="-155.9760600"/>
 <node id="581678122" visible="true" version="4" changeset="20423228" timestamp="2014-02-07T02:42:56Z" user="bdiscoe" uid="402624" lat="19.6109760" lon="-155.9762694"/>
 <node id="581718863" visible="true" version="3" changeset="15390486" timestamp="2013-03-17T00:12:59Z" user="Tom_Holland" uid="574654" lat="19.6110979" lon="-155.9722210"/>
 <node id="581729752" visible="true" version="4" changeset="155038436" timestamp="2024-08-09T19:47:04Z" user="zbrown4" uid="14095775" lat="19.6154529" lon="-155.9739661"/>
 <node id="581729938" visible="true" version="4" changeset="158920790" timestamp="2024-11-09T06:56:08Z" user="wislander" uid="384146" lat="19.6113499" lon="-155.9788314">
  <tag k="direction" v="both"/>
  <tag k="highway" v="stop"/>
  <tag k="stop" v="all"/>
 </node>
 <node id="581730022" visible="true" version="3" changeset="106103047" timestamp="2021-06-09T14:55:15Z" user="wvdp" uid="436419" lat="19.6214426" lon="-155.9850383"/>
 <node id="581730032" visible="true" version="2" changeset="15097079" timestamp="2013-02-20T08:38:16Z" user="Tom_Holland" uid="574654" lat="19.6208229" lon="-155.9848545"/>
 <node id="581739778" visible="true" version="3" changeset="81990009" timestamp="2020-03-10T03:51:47Z" user="phidauex" uid="1231522" lat="19.6122285" lon="-155.9821273"/>
 <node id="581745477" visible="true" version="3" changeset="20423228" timestamp="2014-02-07T02:42:57Z" user="bdiscoe" uid="402624" lat="19.6090027" lon="-155.9780307"/>
 <node id="581745482" visible="true" version="2" changeset="10067254" timestamp="2011-12-08T18:13:29Z" user="abschiff" uid="101433" lat="19.6066703" lon="-155.9763404"/>
 <node id="581745504" visible="true" version="2" changeset="10067254" timestamp="2011-12-08T18:13:29Z" user="abschiff" uid="101433" lat="19.6068079" lon="-155.9764377"/>
 <node id="581745515" visible="true" version="2" changeset="10067254" timestamp="2011-12-08T18:13:29Z" user="abschiff" uid="101433" lat="19.6069571" lon="-155.9765210"/>
 <node id="581745556" visible="true" version="3" changeset="15390486" timestamp="2013-03-17T00:12:59Z" user="Tom_Holland" uid="574654" lat="19.6102403" lon="-155.9757716"/>
 <node id="581745565" visible="true" version="5" changeset="81990009" timestamp="2020-03-10T03:51:47Z" user="phidauex" uid="1231522" lat="19.6093981" lon="-155.9783814"/>
 <node id="581745741" visible="true" version="1" changeset="3293646" timestamp="2009-12-05T09:01:48Z" user="docoga" uid="161269" lat="19.6090800" lon="-155.9687700"/>
 <node id="581745759" visible="true" version="1" changeset="3293646" timestamp="2009-12-05T09:01:49Z" user="docoga" uid="161269" lat="19.6089400" lon="-155.9684760"/>
 <node id="581745770" visible="true" version="1" changeset="3293646" timestamp="2009-12-05T09:01:49Z" user="docoga" uid="161269" lat="19.6120300" lon="-155.9792700"/>
 <node id="581745796" visible="true" version="3" changeset="81990009" timestamp="2020-03-10T03:51:47Z" user="phidauex" uid="1231522" lat="19.6121718" lon="-155.9822009"/>
 <node id="581745843" visible="true" version="2" changeset="15390486" timestamp="2013-03-17T00:12:59Z" user="Tom_Holland" uid="574654" lat="19.6110586" lon="-155.9740730"/>
 <node id="581745971" visible="true" version="4" changeset="155038436" timestamp="2024-08-09T19:47:04Z" user="zbrown4" uid="14095775" lat="19.6144495" lon="-155.9732770">
  <tag k="highway" v="turning_circle"/>
 </node>
 <node id="581746621" visible="true" version="1" changeset="3293646" timestamp="2009-12-05T09:02:12Z" user="docoga" uid="161269" lat="19.6091400" lon="-155.9688500"/>
 <node id="581746944" visible="true" version="1" changeset="3293646" timestamp="2009-12-05T09:02:21Z" user="docoga" uid="161269" lat="19.6126100" lon="-155.9709200"/>
 <node id="581747254" visible="true" version="2" changeset="10067254" timestamp="2011-12-08T18:13:29Z" user="abschiff" uid="101433" lat="19.6156950" lon="-155.9826379"/>
 <node id="581747768" visible="true" version="3" changeset="20423228" timestamp="2014-02-07T02:42:58Z" user="bdiscoe" uid="402624" lat="19.6129568" lon="-155.9716941"/>
 <node id="581750329" visible="true" version="3" changeset="15390486" timestamp="2013-03-17T00:12:59Z" user="Tom_Holland" uid="574654" lat="19.6120664" lon="-155.9728017"/>
 <node id="581750402" visible="true" version="1" changeset="3293646" timestamp="2009-12-05T09:03:46Z" user="docoga" uid="161269" lat="19.6124700" lon="-155.9705800"/>
 <node id="581750447" visible="true" version="2" changeset="20423228" timestamp="2014-02-07T02:42:58Z" user="bdiscoe" uid="402624" lat="19.6124199" lon="-155.9703766"/>
 <node id="581750538" visible="true" version="3" changeset="20423228" timestamp="2014-02-07T02:42:58Z" user="bdiscoe" uid="402624" lat="19.6126068" lon="-155.9721419">
  <tag k="highway" v="turning_circle"/>
 </node>
 <node id="581750550" visible="true" version="3" changeset="15390486" timestamp="2013-03-17T00:12:59Z" user="Tom_Holland" uid="574654" lat="19.6117920" lon="-155.9728516"/>
 <node id="581763088" visible="true" version="2" changeset="10067254" timestamp="2011-12-08T18:13:30Z" user="abschiff" uid="101433" lat="19.6070924" lon="-155.9765917"/>
 <node id="581773485" visible="true" version="3" changeset="15390486" timestamp="2013-03-17T00:12:59Z" user="Tom_Holland" uid="574654" lat="19.6093873" lon="-155.9751540"/>
 <node id="581773693" visible="true" version="2" changeset="20423228" timestamp="2014-02-07T02:42:58Z" user="bdiscoe" uid="402624" lat="19.6124009" lon="-155.9702196"/>
 <node id="581782410" visible="true" version="1" changeset="3293646" timestamp="2009-12-05T09:20:10Z" user="docoga" uid="161269" lat="19.6065200" lon="-155.9762100"/>
 <node id="581782573" visible="true" version="4" changeset="20423228" timestamp="2014-02-07T02:42:59Z" user="bdiscoe" uid="402624" lat="19.6107721" lon="-155.9766590"/>
 <node id="581822845" visible="true" version="1" changeset="3293995" timestamp="2009-12-05T10:23:06Z" user="docoga" uid="161269" lat="19.6107800" lon="-155.9667700"/>
 <node id="581831696" visible="true" version="6" changeset="158920775" timestamp="2024-11-09T06:55:24Z" user="wislander" uid="384146" lat="19.6096254" lon="-155.9785544">
  <tag k="direction" v="both"/>
  <tag k="highway" v="stop"/>
  <tag k="stop" v="all"/>
 </node>
 <node id="581831763" visible="true" version="4" changeset="20423228" timestamp="2014-02-07T02:42:59Z" user="bdiscoe" uid="402624" lat="19.6131521" lon="-155.9724941"/>
 <node id="581836836" visible="true" version="3" changeset="15393021" timestamp="2013-03-17T09:26:44Z" user="Tom_Holland" uid="574654" lat="19.5989670" lon="-155.9700630"/>
 <node id="581837773" visible="true" version="2" changeset="20423228" timestamp="2014-02-07T02:42:59Z" user="bdiscoe" uid="402624" lat="19.6138191" lon="-155.9729090"/>
 <node id="581837774" visible="true" version="2" changeset="20423228" timestamp="2014-02-07T02:42:59Z" user="bdiscoe" uid="402624" lat="19.6139264" lon="-155.9729380">
  <tag k="highway" v="turning_circle"/>
 </node>
 <node id="581837775" visible="true" version="2" changeset="20423228" timestamp="2014-02-07T02:42:59Z" user="bdiscoe" uid="402624" lat="19.6137491" lon="-155.9728790"/>
 <node id="581837812" visible="true" version="1" changeset="3293995" timestamp="2009-12-05T10:39:08Z" user="docoga" uid="161269" lat="19.6103400" lon="-155.9665100"/>
 <node id="581837833" visible="true" version="1" changeset="3293995" timestamp="2009-12-05T10:39:10Z" user="docoga" uid="161269" lat="19.6121200" lon="-155.9775400"/>
 <node id="581837879" visible="true" version="3" changeset="59829977" timestamp="2018-06-14T03:46:51Z" user="eringreb" uid="138546" lat="19.6004043" lon="-155.9641372">
  <tag k="highway" v="turning_circle"/>
 </node>
 <node id="581837886" visible="true" version="3" changeset="15393021" timestamp="2013-03-17T09:26:44Z" user="Tom_Holland" uid="574654" lat="19.6004166" lon="-155.9642804"/>
 <node id="581842547" visible="true" version="3" changeset="15393021" timestamp="2013-03-17T09:26:44Z" user="Tom_Holland" uid="574654" lat="19.6004040" lon="-155.9643915"/>
 <node id="581863829" visible="true" version="3" changeset="15390486" timestamp="2013-03-17T00:12:59Z" user="Tom_Holland" uid="574654" lat="19.6083883" lon="-155.9745386"/>
 <node id="581870115" visible="true" version="3" changeset="15390486" timestamp="2013-03-17T00:12:59Z" user="Tom_Holland" uid="574654" lat="19.6099179" lon="-155.9717846"/>
 <node id="581870130" visible="true" version="1" changeset="3294300" timestamp="2009-12-05T11:28:07Z" user="docoga" uid="161269" lat="19.6104300" lon="-155.9698400"/>
 <node id="581870218" visible="true" version="2" changeset="15390486" timestamp="2013-03-17T00:12:59Z" user="Tom_Holland" uid="574654" lat="19.6114080" lon="-155.9702083"/>
 <node id="581870241" visible="true" version="1" changeset="3294300" timestamp="2009-12-05T11:28:17Z" user="docoga" uid="161269" lat="19.6109000" lon="-155.9688700"/>
 <node id="581874835" visible="true" version="1" changeset="3294300" timestamp="2009-12-05T11:34:07Z" user="docoga" uid="161269" lat="19.6018350" lon="-155.9582900"/>
 <node id="581874837" visible="true" version="1" changeset="3294300" timestamp="2009-12-05T11:34:07Z" user="docoga" uid="161269" lat="19.6021880" lon="-155.9593590"/>
 <node id="581875765" visible="true" version="1" changeset="3294300" timestamp="2009-12-05T11:35:06Z" user="docoga" uid="161269" lat="19.6093600" lon="-155.9691200"/>
 <node id="581875767" visible="true" version="1" changeset="3294300" timestamp="2009-12-05T11:35:06Z" user="docoga" uid="161269" lat="19.6099980" lon="-155.9695560"/>
 <node id="581875771" visible="true" version="1" changeset="3294300" timestamp="2009-12-05T11:35:06Z" user="docoga" uid="161269" lat="19.6100700" lon="-155.9696000"/>
 <node id="581875780" visible="true" version="1" changeset="3294300" timestamp="2009-12-05T11:35:07Z" user="docoga" uid="161269" lat="19.6095800" lon="-155.9693000"/>
 <node id="581875782" visible="true" version="1" changeset="3294300" timestamp="2009-12-05T11:35:07Z" user="docoga" uid="161269" lat="19.6092200" lon="-155.9689600"/>
 <node id="581875829" visible="true" version="1" changeset="3294300" timestamp="2009-12-05T11:35:12Z" user="docoga" uid="161269" lat="19.6118600" lon="-155.9712500"/>
 <node id="581875837" visible="true" version="1" changeset="3294300" timestamp="2009-12-05T11:35:12Z" user="docoga" uid="161269" lat="19.6123660" lon="-155.9710200"/>
 <node id="581875842" visible="true" version="1" changeset="3294300" timestamp="2009-12-05T11:35:13Z" user="docoga" uid="161269" lat="19.6115600" lon="-155.9713500"/>
 <node id="581875846" visible="true" version="1" changeset="3294300" timestamp="2009-12-05T11:35:13Z" user="docoga" uid="161269" lat="19.6119530" lon="-155.9701360"/>
 <node id="581875850" visible="true" version="1" changeset="3294300" timestamp="2009-12-05T11:35:13Z" user="docoga" uid="161269" lat="19.6118200" lon="-155.9701300"/>
 <node id="581875851" visible="true" version="1" changeset="3294300" timestamp="2009-12-05T11:35:13Z" user="docoga" uid="161269" lat="19.6120400" lon="-155.9701400"/>
 <node id="581880595" visible="true" version="2" changeset="15106325" timestamp="2013-02-20T23:05:33Z" user="Tom_Holland" uid="574654" lat="19.6113929" lon="-155.9713690"/>
 <node id="582096721" visible="true" version="1" changeset="3297996" timestamp="2009-12-05T20:31:07Z" user="docoga" uid="161269" lat="19.6078700" lon="-155.9681500"/>
 <node id="582096732" visible="true" version="1" changeset="3297996" timestamp="2009-12-05T20:31:07Z" user="docoga" uid="161269" lat="19.6103380" lon="-155.9700340"/>
 <node id="582096734" visible="true" version="1" changeset="3297996" timestamp="2009-12-05T20:31:07Z" user="docoga" uid="161269" lat="19.6100620" lon="-155.9706160"/>
 <node id="582096939" visible="true" version="2" changeset="10067254" timestamp="2011-12-08T18:13:30Z" user="abschiff" uid="101433" lat="19.6141399" lon="-155.9817632"/>
 <node id="582096943" visible="true" version="2" changeset="10067254" timestamp="2011-12-08T18:13:31Z" user="abschiff" uid="101433" lat="19.6146806" lon="-155.9821145"/>
 <node id="582096956" visible="true" version="2" changeset="15106325" timestamp="2013-02-20T23:05:33Z" user="Tom_Holland" uid="574654" lat="19.6127834" lon="-155.9786076"/>
 <node id="582097154" visible="true" version="2" changeset="20423228" timestamp="2014-02-07T02:43:00Z" user="bdiscoe" uid="402624" lat="19.6126634" lon="-155.9687854"/>
 <node id="582097164" visible="true" version="4" changeset="155038436" timestamp="2024-08-09T19:47:04Z" user="zbrown4" uid="14095775" lat="19.6153729" lon="-155.9727803"/>
 <node id="582097233" visible="true" version="2" changeset="20423228" timestamp="2014-02-07T02:43:01Z" user="bdiscoe" uid="402624" lat="19.6126617" lon="-155.9689754"/>
 <node id="582104776" visible="true" version="3" changeset="140395639" timestamp="2023-08-26T04:16:08Z" user="BlueOddish" uid="18668804" lat="19.6126330" lon="-155.9685901"/>
 <node id="582104826" visible="true" version="4" changeset="155038436" timestamp="2024-08-09T19:47:04Z" user="zbrown4" uid="14095775" lat="19.6160052" lon="-155.9732021"/>
 <node id="582104838" visible="true" version="2" changeset="10067254" timestamp="2011-12-08T18:13:31Z" user="abschiff" uid="101433" lat="19.6200800" lon="-155.9846079"/>
 <node id="582111757" visible="true" version="3" changeset="14430223" timestamp="2012-12-27T19:51:56Z" user="Tom_Holland" uid="574654" lat="19.6186086" lon="-155.9839928"/>
 <node id="582111867" visible="true" version="2" changeset="10067254" timestamp="2011-12-08T18:13:31Z" user="abschiff" uid="101433" lat="19.6175125" lon="-155.9834685"/>
 <node id="582111901" visible="true" version="1" changeset="3297996" timestamp="2009-12-05T20:45:03Z" user="docoga" uid="161269" lat="19.6164300" lon="-155.9829600"/>
 <node id="582115789" visible="true" version="3" changeset="81990009" timestamp="2020-03-10T03:51:47Z" user="phidauex" uid="1231522" lat="19.6135181" lon="-155.9813654"/>
 <node id="582120166" visible="true" version="3" changeset="15393021" timestamp="2013-03-17T09:26:44Z" user="Tom_Holland" uid="574654" lat="19.5996094" lon="-155.9673210"/>
 <node id="582121119" visible="true" version="2" changeset="15393021" timestamp="2013-03-17T09:26:44Z" user="Tom_Holland" uid="574654" lat="19.5993157" lon="-155.9749009"/>
 <node id="582127567" visible="true" version="1" changeset="3297996" timestamp="2009-12-05T21:01:40Z" user="docoga" uid="161269" lat="19.6078500" lon="-155.9685100"/>
 <node id="582127614" visible="true" version="3" changeset="82076104" timestamp="2020-03-11T19:16:28Z" user="phidauex" uid="1231522" lat="19.6118365" lon="-155.9780141"/>
 <node id="582127768" visible="true" version="2" changeset="15390486" timestamp="2013-03-17T00:13:00Z" user="Tom_Holland" uid="574654" lat="19.6090216" lon="-155.9657817"/>
 <node id="582128110" visible="true" version="2" changeset="20423228" timestamp="2014-02-07T02:43:02Z" user="bdiscoe" uid="402624" lat="19.6126038" lon="-155.9692772"/>
 <node id="582131291" visible="true" version="1" changeset="3297996" timestamp="2009-12-05T21:04:59Z" user="docoga" uid="161269" lat="19.6099700" lon="-155.9708100"/>
 <node id="582131483" visible="true" version="2" changeset="15393021" timestamp="2013-03-17T09:26:44Z" user="Tom_Holland" uid="574654" lat="19.5996792" lon="-155.9752961"/>
 <node id="582154210" visible="true" version="3" changeset="15393021" timestamp="2013-03-17T09:26:44Z" user="Tom_Holland" uid="574654" lat="19.6000138" lon="-155.9657872"/>
 <node id="582156866" visible="true" version="3" changeset="41747352" timestamp="2016-08-28T03:07:50Z" user="Tom_Holland" uid="574654" lat="19.5952525" lon="-155.9722728"/>
 <node id="582169618" visible="true" version="2" changeset="117354668" timestamp="2022-02-13T13:48:28Z" user="zluuzki" uid="12785610" lat="19.6063300" lon="-155.9644400">
  <tag k="highway" v="turning_circle"/>
 </node>
 <node id="582169706" visible="true" version="2" changeset="20423228" timestamp="2014-02-07T02:43:03Z" user="bdiscoe" uid="402624" lat="19.6137561" lon="-155.9717913"/>
 <node id="582169808" visible="true" version="2" changeset="20423228" timestamp="2014-02-07T02:43:03Z" user="bdiscoe" uid="402624" lat="19.6142710" lon="-155.9721607">
  <tag k="highway" v="turning_circle"/>
 </node>
 <node id="582169817" visible="true" version="4" changeset="20423228" timestamp="2014-02-07T02:43:03Z" user="bdiscoe" uid="402624" lat="19.6136601" lon="-155.9717376"/>
 <node id="582169821" visible="true" version="2" changeset="20423228" timestamp="2014-02-07T02:43:03Z" user="bdiscoe" uid="402624" lat="19.6141401" lon="-155.9720553"/>
 <node id="582170442" visible="true" version="4" changeset="15392933" timestamp="2013-03-17T09:19:04Z" user="Tom_Holland" uid="574654" lat="19.5945846" lon="-155.9716517"/>
 <node id="582203932" visible="true" version="4" changeset="158920716" timestamp="2024-11-09T06:52:07Z" user="wislander" uid="384146" lat="19.5908976" lon="-155.9712958">
  <tag k="direction" v="both"/>
  <tag k="highway" v="stop"/>
  <tag k="stop" v="all"/>
 </node>
 <node id="582216634" visible="true" version="1" changeset="3298949" timestamp="2009-12-05T22:48:09Z" user="docoga" uid="161269" lat="19.6057400" lon="-155.9754500"/>
 <node id="582216674" visible="true" version="1" changeset="3298949" timestamp="2009-12-05T22:48:11Z" user="docoga" uid="161269" lat="19.6062400" lon="-155.9759600"/>
 <node id="582216681" visible="true" version="1" changeset="3298949" timestamp="2009-12-05T22:48:12Z" user="docoga" uid="161269" lat="19.6061290" lon="-155.9758470"/>
 <node id="582216709" visible="true" version="1" changeset="3298949" timestamp="2009-12-05T22:48:13Z" user="docoga" uid="161269" lat="19.6105500" lon="-155.9710600"/>
 <node id="582216710" visible="true" version="1" changeset="3298949" timestamp="2009-12-05T22:48:13Z" user="docoga" uid="161269" lat="19.6101300" lon="-155.9708900"/>
 <node id="582216752" visible="true" version="3" changeset="41746617" timestamp="2016-08-28T01:08:24Z" user="Tom_Holland" uid="574654" lat="19.6053902" lon="-155.9752095"/>
 <node id="582244056" visible="true" version="3" changeset="14431358" timestamp="2012-12-27T21:28:27Z" user="Tom_Holland" uid="574654" lat="19.6194147" lon="-155.9843459"/>
 <node id="582244160" visible="true" version="1" changeset="3299317" timestamp="2009-12-05T23:21:41Z" user="docoga" uid="161269" lat="19.6128100" lon="-155.9714300"/>
 <node id="582244299" visible="true" version="2" changeset="20423228" timestamp="2014-02-07T02:43:03Z" user="bdiscoe" uid="402624" lat="19.6114972" lon="-155.9756265"/>
 <node id="582244303" visible="true" version="2" changeset="15096764" timestamp="2013-02-20T08:05:41Z" user="Tom_Holland" uid="574654" lat="19.6126417" lon="-155.9763757"/>
 <node id="582244320" visible="true" version="1" changeset="3299317" timestamp="2009-12-05T23:21:48Z" user="docoga" uid="161269" lat="19.6077300" lon="-155.9651600"/>
 <node id="582244341" visible="true" version="1" changeset="3299317" timestamp="2009-12-05T23:21:49Z" user="docoga" uid="161269" lat="19.6081600" lon="-155.9695200"/>
 <node id="582244528" visible="true" version="1" changeset="3299317" timestamp="2009-12-05T23:21:57Z" user="docoga" uid="161269" lat="19.6123200" lon="-155.9681500"/>
 <node id="582244538" visible="true" version="2" changeset="20423228" timestamp="2014-02-07T02:43:04Z" user="bdiscoe" uid="402624" lat="19.6125450" lon="-155.9684337"/>
 <node id="582247259" visible="true" version="4" changeset="182405024" timestamp="2026-05-09T00:23:33Z" user="Abaluni_Lyft" uid="23086916" lat="19.5983144" lon="-155.9740833"/>
 <node id="582255664" visible="true" version="1" changeset="3299317" timestamp="2009-12-05T23:28:33Z" user="docoga" uid="161269" lat="19.6119700" lon="-155.9678300"/>
 <node id="582316855" visible="true" version="1" changeset="3300184" timestamp="2009-12-06T02:25:56Z" user="docoga" uid="161269" lat="19.5296450" lon="-155.9549040"/>
 <node id="582316856" visible="true" version="1" changeset="3300184" timestamp="2009-12-06T02:25:56Z" user="docoga" uid="161269" lat="19.5299280" lon="-155.9545340"/>
 <node id="582316857" visible="true" version="2" changeset="41651716" timestamp="2016-08-24T02:37:28Z" user="Tom_Holland" uid="574654" lat="19.5315064" lon="-155.9518777"/>
 <node id="582316858" visible="true" version="2" changeset="41651716" timestamp="2016-08-24T02:37:28Z" user="Tom_Holland" uid="574654" lat="19.5320707" lon="-155.9505323"/>
 <node id="582316859" visible="true" version="2" changeset="41651716" timestamp="2016-08-24T02:37:28Z" user="Tom_Holland" uid="574654" lat="19.5305022" lon="-155.9536164"/>
 <node id="582316860" visible="true" version="2" changeset="41651716" timestamp="2016-08-24T02:37:28Z" user="Tom_Holland" uid="574654" lat="19.5307773" lon="-155.9531823"/>
 <node id="582319175" visible="true" version="3" changeset="81990009" timestamp="2020-03-10T03:51:47Z" user="phidauex" uid="1231522" lat="19.6109921" lon="-155.9794811"/>
 <node id="582319192" visible="true" version="2" changeset="10067254" timestamp="2011-12-08T18:13:34Z" user="abschiff" uid="101433" lat="19.6204675" lon="-155.9847358"/>
 <node id="582345713" visible="true" version="2" changeset="20423228" timestamp="2014-02-07T02:43:05Z" user="bdiscoe" uid="402624" lat="19.6082837" lon="-155.9772959"/>
 <node id="582345716" visible="true" version="3" changeset="20423228" timestamp="2014-02-07T02:43:05Z" user="bdiscoe" uid="402624" lat="19.6077684" lon="-155.9768964"/>
 <node id="582345721" visible="true" version="3" changeset="20423228" timestamp="2014-02-07T02:43:05Z" user="bdiscoe" uid="402624" lat="19.6076203" lon="-155.9768213"/>
 <node id="582345827" visible="true" version="2" changeset="15390548" timestamp="2013-03-17T00:22:22Z" user="Tom_Holland" uid="574654" lat="19.6113494" lon="-155.9702170"/>
 <node id="582345829" visible="true" version="1" changeset="3300288" timestamp="2009-12-06T03:19:01Z" user="docoga" uid="161269" lat="19.6110000" lon="-155.9701700"/>
 <node id="582345834" visible="true" version="1" changeset="3300288" timestamp="2009-12-06T03:19:01Z" user="docoga" uid="161269" lat="19.6107800" lon="-155.9700490"/>
 <node id="582345836" visible="true" version="1" changeset="3300288" timestamp="2009-12-06T03:19:01Z" user="docoga" uid="161269" lat="19.6112600" lon="-155.9702300"/>
 <node id="582345838" visible="true" version="1" changeset="3300288" timestamp="2009-12-06T03:19:01Z" user="docoga" uid="161269" lat="19.6111100" lon="-155.9702100"/>
 <node id="582345846" visible="true" version="2" changeset="15106325" timestamp="2013-02-20T23:05:33Z" user="Tom_Holland" uid="574654" lat="19.6147839" lon="-155.9746133"/>
 <node id="582345860" visible="true" version="1" changeset="3300288" timestamp="2009-12-06T03:19:03Z" user="docoga" uid="161269" lat="19.6106000" lon="-155.9699500"/>
 <node id="582382460" visible="true" version="4" changeset="20423228" timestamp="2014-02-07T02:43:05Z" user="bdiscoe" uid="402624" lat="19.6134391" lon="-155.9720390"/>
 <node id="582382469" visible="true" version="1" changeset="3300431" timestamp="2009-12-06T04:29:29Z" user="docoga" uid="161269" lat="19.6111900" lon="-155.9671300"/>
 <node id="582383742" visible="true" version="3" changeset="15393021" timestamp="2013-03-17T09:26:44Z" user="Tom_Holland" uid="574654" lat="19.5992270" lon="-155.9691130"/>
 <node id="582383745" visible="true" version="3" changeset="15393021" timestamp="2013-03-17T09:26:44Z" user="Tom_Holland" uid="574654" lat="19.5991570" lon="-155.9695830"/>
 <node id="582383760" visible="true" version="3" changeset="15393021" timestamp="2013-03-17T09:26:44Z" user="Tom_Holland" uid="574654" lat="19.5991170" lon="-155.9697730"/>
 <node id="582383763" visible="true" version="3" changeset="15393021" timestamp="2013-03-17T09:26:44Z" user="Tom_Holland" uid="574654" lat="19.5990370" lon="-155.9699530"/>
 <node id="582387480" visible="true" version="1" changeset="3300431" timestamp="2009-12-06T04:35:33Z" user="docoga" uid="161269" lat="19.6017160" lon="-155.9578040"/>
 <node id="582389270" visible="true" version="5" changeset="182810718" timestamp="2026-05-18T04:17:47Z" user="sarya_Lyft" uid="18784339" lat="19.6133823" lon="-155.9783908"/>
 <node id="582389302" visible="true" version="2" changeset="20423228" timestamp="2014-02-07T02:43:06Z" user="bdiscoe" uid="402624" lat="19.6126109" lon="-155.9702426"/>
 <node id="582389305" visible="true" version="3" changeset="155038436" timestamp="2024-08-09T19:47:04Z" user="zbrown4" uid="14095775" lat="19.6149241" lon="-155.9724812">
  <tag k="highway" v="turning_circle"/>
 </node>
 <node id="582389311" visible="true" version="2" changeset="20423228" timestamp="2014-02-07T02:43:06Z" user="bdiscoe" uid="402624" lat="19.6133866" lon="-155.9703427">
  <tag k="highway" v="turning_circle"/>
 </node>
 <node id="582404867" visible="true" version="3" changeset="15390486" timestamp="2013-03-17T00:13:00Z" user="Tom_Holland" uid="574654" lat="19.6081340" lon="-155.9743721"/>
 <node id="582404930" visible="true" version="3" changeset="15390486" timestamp="2013-03-17T00:13:00Z" user="Tom_Holland" uid="574654" lat="19.6096049" lon="-155.9716696"/>
 <node id="582404936" visible="true" version="1" changeset="3300515" timestamp="2009-12-06T05:17:51Z" user="docoga" uid="161269" lat="19.6095900" lon="-155.9706100"/>
 <node id="582404940" visible="true" version="1" changeset="3300515" timestamp="2009-12-06T05:17:51Z" user="docoga" uid="161269" lat="19.6079200" lon="-155.9690100"/>
 <node id="582404943" visible="true" version="1" changeset="3300515" timestamp="2009-12-06T05:17:51Z" user="docoga" uid="161269" lat="19.6079800" lon="-155.9692000"/>
 <node id="582404946" visible="true" version="1" changeset="3300515" timestamp="2009-12-06T05:17:51Z" user="docoga" uid="161269" lat="19.6082800" lon="-155.9696800"/>
 <node id="582404952" visible="true" version="1" changeset="3300515" timestamp="2009-12-06T05:17:52Z" user="docoga" uid="161269" lat="19.6078600" lon="-155.9687600"/>
 <node id="582404958" visible="true" version="1" changeset="3300515" timestamp="2009-12-06T05:17:52Z" user="docoga" uid="161269" lat="19.6084700" lon="-155.9698800"/>
 <node id="582404961" visible="true" version="1" changeset="3300515" timestamp="2009-12-06T05:17:52Z" user="docoga" uid="161269" lat="19.6086700" lon="-155.9700300"/>
 <node id="582405024" visible="true" version="2" changeset="15393021" timestamp="2013-03-17T09:26:44Z" user="Tom_Holland" uid="574654" lat="19.5998911" lon="-155.9755526"/>
 <node id="582405033" visible="true" version="4" changeset="81990009" timestamp="2020-03-10T03:51:47Z" user="phidauex" uid="1231522" lat="19.6097944" lon="-155.9786815"/>
 <node id="582406923" visible="true" version="3" changeset="20423228" timestamp="2014-02-07T02:43:06Z" user="bdiscoe" uid="402624" lat="19.6131542" lon="-155.9718619"/>
 <node id="582406934" visible="true" version="2" changeset="20423228" timestamp="2014-02-07T02:43:06Z" user="bdiscoe" uid="402624" lat="19.6123909" lon="-155.9701596"/>
 <node id="582406938" visible="true" version="1" changeset="3300515" timestamp="2009-12-06T05:19:24Z" user="docoga" uid="161269" lat="19.6108070" lon="-155.9690640"/>
 <node id="582407020" visible="true" version="4" changeset="155038436" timestamp="2024-08-09T19:47:04Z" user="zbrown4" uid="14095775" lat="19.6157414" lon="-155.9741733"/>
 <node id="582407031" visible="true" version="4" changeset="178972929" timestamp="2026-02-24T06:49:55Z" user="sarya_Lyft" uid="18784339" lat="19.6103724" lon="-155.9781918"/>
 <node id="582407055" visible="true" version="1" changeset="3300515" timestamp="2009-12-06T05:19:28Z" user="docoga" uid="161269" lat="19.6105290" lon="-155.9696480"/>
 <node id="582407061" visible="true" version="1" changeset="3300515" timestamp="2009-12-06T05:19:28Z" user="docoga" uid="161269" lat="19.6105000" lon="-155.9697100"/>
 <node id="582407238" visible="true" version="2" changeset="20423228" timestamp="2014-02-07T02:43:07Z" user="bdiscoe" uid="402624" lat="19.6124109" lon="-155.9700196"/>
 <node id="582407242" visible="true" version="2" changeset="20423228" timestamp="2014-02-07T02:43:07Z" user="bdiscoe" uid="402624" lat="19.6125409" lon="-155.9695596"/>
 <node id="582434839" visible="true" version="3" changeset="81990009" timestamp="2020-03-10T03:51:47Z" user="phidauex" uid="1231522" lat="19.6123509" lon="-155.9819613"/>
 <node id="582434840" visible="true" version="3" changeset="81990009" timestamp="2020-03-10T03:51:47Z" user="phidauex" uid="1231522" lat="19.6127844" lon="-155.9816522"/>
 <node id="582434841" visible="true" version="3" changeset="81990009" timestamp="2020-03-10T03:51:47Z" user="phidauex" uid="1231522" lat="19.6126285" lon="-155.9817286"/>
 <node id="582434842" visible="true" version="3" changeset="81990009" timestamp="2020-03-10T03:51:47Z" user="phidauex" uid="1231522" lat="19.6123943" lon="-155.9822623"/>
 <node id="582434843" visible="true" version="3" changeset="81990009" timestamp="2020-03-10T03:51:47Z" user="phidauex" uid="1231522" lat="19.6130654" lon="-155.9815949"/>
 <node id="582434844" visible="true" version="3" changeset="81990009" timestamp="2020-03-10T03:51:47Z" user="phidauex" uid="1231522" lat="19.6132063" lon="-155.9816108"/>
 <node id="582434845" visible="true" version="3" changeset="81990009" timestamp="2020-03-10T03:51:47Z" user="phidauex" uid="1231522" lat="19.6133043" lon="-155.9816084"/>
 <node id="582434846" visible="true" version="3" changeset="81990009" timestamp="2020-03-10T03:51:47Z" user="phidauex" uid="1231522" lat="19.6124843" lon="-155.9818328"/>
 <node id="582434878" visible="true" version="3" changeset="81990009" timestamp="2020-03-10T03:51:47Z" user="phidauex" uid="1231522" lat="19.6129143" lon="-155.9816137"/>
 <node id="582434879" visible="true" version="3" changeset="81990009" timestamp="2020-03-10T03:51:47Z" user="phidauex" uid="1231522" lat="19.6134213" lon="-155.9815278"/>
 <node id="582434880" visible="true" version="3" changeset="81990009" timestamp="2020-03-10T03:51:47Z" user="phidauex" uid="1231522" lat="19.6133664" lon="-155.9815754"/>
 <node id="594240370" visible="true" version="3" changeset="41746617" timestamp="2016-08-28T01:08:24Z" user="Tom_Holland" uid="574654" lat="19.5997752" lon="-155.9763690"/>
 <node id="594240371" visible="true" version="3" changeset="41746617" timestamp="2016-08-28T01:08:24Z" user="Tom_Holland" uid="574654" lat="19.5997335" lon="-155.9764715"/>
 <node id="594240373" visible="true" version="2" changeset="41746617" timestamp="2016-08-28T01:08:24Z" user="Tom_Holland" uid="574654" lat="19.5998440" lon="-155.9762238"/>
 <node id="594240392" visible="true" version="3" changeset="41746617" timestamp="2016-08-28T01:08:24Z" user="Tom_Holland" uid="574654" lat="19.5999911" lon="-155.9753981"/>
 <node id="594240396" visible="true" version="3" changeset="41746617" timestamp="2016-08-28T01:08:24Z" user="Tom_Holland" uid="574654" lat="19.5999337" lon="-155.9756408"/>
 <node id="594240412" visible="true" version="2" changeset="41746617" timestamp="2016-08-28T01:08:24Z" user="Tom_Holland" uid="574654" lat="19.6001102" lon="-155.9747208"/>
 <node id="594240414" visible="true" version="2" changeset="41746617" timestamp="2016-08-28T01:08:24Z" user="Tom_Holland" uid="574654" lat="19.6021360" lon="-155.9748494"/>
 <node id="594240415" visible="true" version="2" changeset="41746617" timestamp="2016-08-28T01:08:24Z" user="Tom_Holland" uid="574654" lat="19.6014419" lon="-155.9746499"/>
 <node id="594240417" visible="true" version="2" changeset="41746617" timestamp="2016-08-28T01:08:24Z" user="Tom_Holland" uid="574654" lat="19.6024647" lon="-155.9746815"/>
 <node id="594240419" visible="true" version="2" changeset="41746617" timestamp="2016-08-28T01:08:24Z" user="Tom_Holland" uid="574654" lat="19.6023029" lon="-155.9747901"/>
 <node id="594240424" visible="true" version="2" changeset="41746617" timestamp="2016-08-28T01:08:24Z" user="Tom_Holland" uid="574654" lat="19.6016431" lon="-155.9747761"/>
 <node id="594240427" visible="true" version="2" changeset="41746617" timestamp="2016-08-28T01:08:24Z" user="Tom_Holland" uid="574654" lat="19.6019660" lon="-155.9748639"/>
 <node id="594240441" visible="true" version="2" changeset="41746617" timestamp="2016-08-28T01:08:24Z" user="Tom_Holland" uid="574654" lat="19.6025909" lon="-155.9744679"/>
 <node id="594240465" visible="true" version="2" changeset="41746617" timestamp="2016-08-28T01:08:24Z" user="Tom_Holland" uid="574654" lat="19.6036565" lon="-155.9746154"/>
 <node id="594240467" visible="true" version="2" changeset="41746617" timestamp="2016-08-28T01:08:24Z" user="Tom_Holland" uid="574654" lat="19.6037078" lon="-155.9744426"/>
 <node id="1034593690" visible="true" version="2" changeset="10060769" timestamp="2011-12-07T20:27:51Z" user="abschiff" uid="101433" lat="19.6130676" lon="-155.9825420"/>
 <node id="1034593750" visible="true" version="2" changeset="10060769" timestamp="2011-12-07T20:27:52Z" user="abschiff" uid="101433" lat="19.6119624" lon="-155.9817055"/>
 <node id="1034593786" visible="true" version="2" changeset="14440649" timestamp="2012-12-28T16:22:30Z" user="Tom_Holland" uid="574654" lat="19.6266986" lon="-155.9880620"/>
 <node id="1034593791" visible="true" version="3" changeset="69775682" timestamp="2019-05-01T17:52:16Z" user="Tom_Holland" uid="574654" lat="19.6286629" lon="-155.9886101"/>
 <node id="1034593817" visible="true" version="2" changeset="10060769" timestamp="2011-12-07T20:27:52Z" user="abschiff" uid="101433" lat="19.6081776" lon="-155.9776757"/>
 <node id="1034593850" visible="true" version="3" changeset="19680354" timestamp="2013-12-28T15:26:38Z" user="bdiscoe" uid="402624" lat="19.6076600" lon="-155.9776090"/>
 <node id="1034593922" visible="true" version="3" changeset="19680354" timestamp="2013-12-28T15:26:38Z" user="bdiscoe" uid="402624" lat="19.6057059" lon="-155.9764585"/>
 <node id="1477043861" visible="true" version="3" changeset="15393021" timestamp="2013-03-17T09:26:44Z" user="Tom_Holland" uid="574654" lat="19.5965163" lon="-155.9732070"/>
 <node id="1528966191" visible="true" version="1" changeset="10021141" timestamp="2011-12-03T00:14:38Z" user="abschiff" uid="101433" lat="19.5935120" lon="-155.9718825"/>
 <node id="1528966193" visible="true" version="2" changeset="10067091" timestamp="2011-12-08T17:55:50Z" user="abschiff" uid="101433" lat="19.5935977" lon="-155.9719185"/>
 <node id="1535745089" visible="true" version="1" changeset="10060769" timestamp="2011-12-07T20:26:33Z" user="abschiff" uid="101433" lat="19.6025276" lon="-155.9751733"/>
 <node id="1535745093" visible="true" version="1" changeset="10060769" timestamp="2011-12-07T20:26:33Z" user="abschiff" uid="101433" lat="19.6025641" lon="-155.9751397"/>
 <node id="1535745096" visible="true" version="1" changeset="10060769" timestamp="2011-12-07T20:26:33Z" user="abschiff" uid="101433" lat="19.6025811" lon="-155.9748634"/>
 <node id="1535745103" visible="true" version="1" changeset="10060769" timestamp="2011-12-07T20:26:33Z" user="abschiff" uid="101433" lat="19.6025860" lon="-155.9750648"/>
 <node id="1535745108" visible="true" version="1" changeset="10060769" timestamp="2011-12-07T20:26:33Z" user="abschiff" uid="101433" lat="19.6025909" lon="-155.9747936"/>
 <node id="1535745112" visible="true" version="1" changeset="10060769" timestamp="2011-12-07T20:26:33Z" user="abschiff" uid="101433" lat="19.6026371" lon="-155.9747342"/>
 <node id="1535745114" visible="true" version="1" changeset="10060769" timestamp="2011-12-07T20:26:33Z" user="abschiff" uid="101433" lat="19.6027052" lon="-155.9747032"/>
 <node id="1535745136" visible="true" version="1" changeset="10060769" timestamp="2011-12-07T20:26:34Z" user="abschiff" uid="101433" lat="19.6027563" lon="-155.9746438"/>
 <node id="1535745139" visible="true" version="1" changeset="10060769" timestamp="2011-12-07T20:26:34Z" user="abschiff" uid="101433" lat="19.6028269" lon="-155.9746025"/>
 <node id="1535745140" visible="true" version="1" changeset="10060769" timestamp="2011-12-07T20:26:34Z" user="abschiff" uid="101433" lat="19.6030434" lon="-155.9745689"/>
 <node id="1535745142" visible="true" version="1" changeset="10060769" timestamp="2011-12-07T20:26:34Z" user="abschiff" uid="101433" lat="19.6031115" lon="-155.9745818"/>
 <node id="1535745143" visible="true" version="1" changeset="10060769" timestamp="2011-12-07T20:26:34Z" user="abschiff" uid="101433" lat="19.6031772" lon="-155.9746283"/>
 <node id="1535745147" visible="true" version="1" changeset="10060769" timestamp="2011-12-07T20:26:34Z" user="abschiff" uid="101433" lat="19.6032673" lon="-155.9747136"/>
 <node id="1535745149" visible="true" version="1" changeset="10060769" timestamp="2011-12-07T20:26:34Z" user="abschiff" uid="101433" lat="19.6033159" lon="-155.9747291"/>
 <node id="1535745152" visible="true" version="1" changeset="10060769" timestamp="2011-12-07T20:26:34Z" user="abschiff" uid="101433" lat="19.6033913" lon="-155.9747213"/>
 <node id="1535745177" visible="true" version="1" changeset="10060769" timestamp="2011-12-07T20:26:34Z" user="abschiff" uid="101433" lat="19.6035544" lon="-155.9746103"/>
 <node id="1535745181" visible="true" version="1" changeset="10060769" timestamp="2011-12-07T20:26:34Z" user="abschiff" uid="101433" lat="19.6036055" lon="-155.9745973"/>
 <node id="1535745187" visible="true" version="1" changeset="10060769" timestamp="2011-12-07T20:26:34Z" user="abschiff" uid="101433" lat="19.6036590" lon="-155.9747032"/>
 <node id="1535745190" visible="true" version="1" changeset="10060769" timestamp="2011-12-07T20:26:34Z" user="abschiff" uid="101433" lat="19.6036711" lon="-155.9746490"/>
 <node id="1535745195" visible="true" version="1" changeset="10060769" timestamp="2011-12-07T20:26:35Z" user="abschiff" uid="101433" lat="19.6036736" lon="-155.9747420"/>
 <node id="1535745199" visible="true" version="1" changeset="10060769" timestamp="2011-12-07T20:26:35Z" user="abschiff" uid="101433" lat="19.6037174" lon="-155.9747730"/>
 <node id="1535745218" visible="true" version="1" changeset="10060769" timestamp="2011-12-07T20:26:35Z" user="abschiff" uid="101433" lat="19.6037587" lon="-155.9747626"/>
 <node id="1535745222" visible="true" version="1" changeset="10060769" timestamp="2011-12-07T20:26:35Z" user="abschiff" uid="101433" lat="19.6037879" lon="-155.9746542"/>
 <node id="1535745225" visible="true" version="1" changeset="10060769" timestamp="2011-12-07T20:26:35Z" user="abschiff" uid="101433" lat="19.6037928" lon="-155.9747136"/>
 <node id="1535745227" visible="true" version="1" changeset="10060769" timestamp="2011-12-07T20:26:35Z" user="abschiff" uid="101433" lat="19.6038220" lon="-155.9746077"/>
 <node id="1535745230" visible="true" version="1" changeset="10060769" timestamp="2011-12-07T20:26:35Z" user="abschiff" uid="101433" lat="19.6039412" lon="-155.9746154"/>
 <node id="1535745232" visible="true" version="1" changeset="10060769" timestamp="2011-12-07T20:26:35Z" user="abschiff" uid="101433" lat="19.6040361" lon="-155.9746645"/>
 <node id="1535745235" visible="true" version="1" changeset="10060769" timestamp="2011-12-07T20:26:35Z" user="abschiff" uid="101433" lat="19.6041991" lon="-155.9748014"/>
 <node id="1535745240" visible="true" version="1" changeset="10060769" timestamp="2011-12-07T20:26:35Z" user="abschiff" uid="101433" lat="19.6042575" lon="-155.9748944"/>
 <node id="1535745242" visible="true" version="1" changeset="10060769" timestamp="2011-12-07T20:26:35Z" user="abschiff" uid="101433" lat="19.6042964" lon="-155.9749899"/>
 <node id="1535745274" visible="true" version="1" changeset="10060769" timestamp="2011-12-07T20:26:36Z" user="abschiff" uid="101433" lat="19.6043110" lon="-155.9751965"/>
 <node id="1535745280" visible="true" version="1" changeset="10060769" timestamp="2011-12-07T20:26:36Z" user="abschiff" uid="101433" lat="19.6043329" lon="-155.9752560"/>
 <node id="1535745284" visible="true" version="1" changeset="10060769" timestamp="2011-12-07T20:26:36Z" user="abschiff" uid="101433" lat="19.6044035" lon="-155.9753179"/>
 <node id="1535745291" visible="true" version="1" changeset="10060769" timestamp="2011-12-07T20:26:36Z" user="abschiff" uid="101433" lat="19.6044181" lon="-155.9755065"/>
 <node id="1535745294" visible="true" version="1" changeset="10060769" timestamp="2011-12-07T20:26:36Z" user="abschiff" uid="101433" lat="19.6044546" lon="-155.9755426"/>
 <node id="1535745296" visible="true" version="1" changeset="10060769" timestamp="2011-12-07T20:26:36Z" user="abschiff" uid="101433" lat="19.6046371" lon="-155.9755943"/>
 <node id="1535745302" visible="true" version="1" changeset="10060769" timestamp="2011-12-07T20:26:36Z" user="abschiff" uid="101433" lat="19.6048244" lon="-155.9756305"/>
 <node id="1535745318" visible="true" version="1" changeset="10060769" timestamp="2011-12-07T20:26:36Z" user="abschiff" uid="101433" lat="19.6048853" lon="-155.9756124"/>
 <node id="1535745323" visible="true" version="1" changeset="10060769" timestamp="2011-12-07T20:26:36Z" user="abschiff" uid="101433" lat="19.6050069" lon="-155.9755246"/>
 <node id="1535745326" visible="true" version="1" changeset="10060769" timestamp="2011-12-07T20:26:37Z" user="abschiff" uid="101433" lat="19.6050872" lon="-155.9755168"/>
 <node id="1535745330" visible="true" version="1" changeset="10060769" timestamp="2011-12-07T20:26:37Z" user="abschiff" uid="101433" lat="19.6051943" lon="-155.9755220"/>
 <node id="1535745339" visible="true" version="1" changeset="10060769" timestamp="2011-12-07T20:26:37Z" user="abschiff" uid="101433" lat="19.6053524" lon="-155.9755633"/>
 <node id="1535745348" visible="true" version="1" changeset="10060769" timestamp="2011-12-07T20:26:37Z" user="abschiff" uid="101433" lat="19.6054741" lon="-155.9755349"/>
 <node id="1535745377" visible="true" version="1" changeset="10060769" timestamp="2011-12-07T20:26:37Z" user="abschiff" uid="101433" lat="19.6055349" lon="-155.9759223"/>
 <node id="1535745386" visible="true" version="1" changeset="10060769" timestamp="2011-12-07T20:26:37Z" user="abschiff" uid="101433" lat="19.6055446" lon="-155.9755762"/>
 <node id="1535745390" visible="true" version="1" changeset="10060769" timestamp="2011-12-07T20:26:37Z" user="abschiff" uid="101433" lat="19.6055568" lon="-155.9761367"/>
 <node id="1535745392" visible="true" version="1" changeset="10060769" timestamp="2011-12-07T20:26:37Z" user="abschiff" uid="101433" lat="19.6055689" lon="-155.9758758"/>
 <node id="1535745401" visible="true" version="2" changeset="19680354" timestamp="2013-12-28T15:26:48Z" user="bdiscoe" uid="402624" lat="19.6055891" lon="-155.9762485"/>
 <node id="1535745405" visible="true" version="2" changeset="19680354" timestamp="2013-12-28T15:26:48Z" user="bdiscoe" uid="402624" lat="19.6056405" lon="-155.9763573"/>
 <node id="1535745434" visible="true" version="1" changeset="10060769" timestamp="2011-12-07T20:26:38Z" user="abschiff" uid="101433" lat="19.6059436" lon="-155.9765938"/>
 <node id="1535745437" visible="true" version="1" changeset="10060769" timestamp="2011-12-07T20:26:38Z" user="abschiff" uid="101433" lat="19.6060215" lon="-155.9766119"/>
 <node id="1535745447" visible="true" version="1" changeset="10060769" timestamp="2011-12-07T20:26:38Z" user="abschiff" uid="101433" lat="19.6062916" lon="-155.9766145"/>
 <node id="1535745448" visible="true" version="1" changeset="10060769" timestamp="2011-12-07T20:26:38Z" user="abschiff" uid="101433" lat="19.6064838" lon="-155.9767126"/>
 <node id="1535745450" visible="true" version="1" changeset="10060769" timestamp="2011-12-07T20:26:38Z" user="abschiff" uid="101433" lat="19.6067003" lon="-155.9769374"/>
 <node id="1535745476" visible="true" version="1" changeset="10060769" timestamp="2011-12-07T20:26:38Z" user="abschiff" uid="101433" lat="19.6067052" lon="-155.9769942"/>
 <node id="1535745480" visible="true" version="1" changeset="10060769" timestamp="2011-12-07T20:26:39Z" user="abschiff" uid="101433" lat="19.6067490" lon="-155.9770458"/>
 <node id="1535745485" visible="true" version="1" changeset="10060769" timestamp="2011-12-07T20:26:39Z" user="abschiff" uid="101433" lat="19.6068463" lon="-155.9771156"/>
 <node id="1535745491" visible="true" version="1" changeset="10060769" timestamp="2011-12-07T20:26:39Z" user="abschiff" uid="101433" lat="19.6069752" lon="-155.9771104"/>
 <node id="1535745492" visible="true" version="1" changeset="10060769" timestamp="2011-12-07T20:26:39Z" user="abschiff" uid="101433" lat="19.6070726" lon="-155.9771569"/>
 <node id="1535745493" visible="true" version="1" changeset="10060769" timestamp="2011-12-07T20:26:39Z" user="abschiff" uid="101433" lat="19.6071796" lon="-155.9772783"/>
 <node id="1535745494" visible="true" version="1" changeset="10060769" timestamp="2011-12-07T20:26:39Z" user="abschiff" uid="101433" lat="19.6072599" lon="-155.9773403"/>
 <node id="1535745495" visible="true" version="1" changeset="10060769" timestamp="2011-12-07T20:26:39Z" user="abschiff" uid="101433" lat="19.6073134" lon="-155.9774332"/>
 <node id="1535745516" visible="true" version="1" changeset="10060769" timestamp="2011-12-07T20:26:39Z" user="abschiff" uid="101433" lat="19.6074108" lon="-155.9775495"/>
 <node id="1535745556" visible="true" version="1" changeset="10060769" timestamp="2011-12-07T20:26:39Z" user="abschiff" uid="101433" lat="19.6077416" lon="-155.9776760"/>
 <node id="1535745606" visible="true" version="1" changeset="10060769" timestamp="2011-12-07T20:26:41Z" user="abschiff" uid="101433" lat="19.6079801" lon="-155.9776967"/>
 <node id="1535745645" visible="true" version="1" changeset="10060769" timestamp="2011-12-07T20:26:41Z" user="abschiff" uid="101433" lat="19.6080847" lon="-155.9776709"/>
 <node id="1535745653" visible="true" version="1" changeset="10060769" timestamp="2011-12-07T20:26:41Z" user="abschiff" uid="101433" lat="19.6082964" lon="-155.9777561"/>
 <node id="1535745659" visible="true" version="1" changeset="10060769" timestamp="2011-12-07T20:26:41Z" user="abschiff" uid="101433" lat="19.6083742" lon="-155.9778852"/>
 <node id="1535745663" visible="true" version="1" changeset="10060769" timestamp="2011-12-07T20:26:41Z" user="abschiff" uid="101433" lat="19.6084180" lon="-155.9779136"/>
 <node id="1535745680" visible="true" version="1" changeset="10060769" timestamp="2011-12-07T20:26:42Z" user="abschiff" uid="101433" lat="19.6084740" lon="-155.9785154"/>
 <node id="1535745683" visible="true" version="1" changeset="10060769" timestamp="2011-12-07T20:26:42Z" user="abschiff" uid="101433" lat="19.6084862" lon="-155.9785697"/>
 <node id="1535745698" visible="true" version="1" changeset="10060769" timestamp="2011-12-07T20:26:42Z" user="abschiff" uid="101433" lat="19.6085129" lon="-155.9783915"/>
 <node id="1535745703" visible="true" version="1" changeset="10060769" timestamp="2011-12-07T20:26:42Z" user="abschiff" uid="101433" lat="19.6085251" lon="-155.9779395"/>
 <node id="1535745710" visible="true" version="1" changeset="10060769" timestamp="2011-12-07T20:26:42Z" user="abschiff" uid="101433" lat="19.6085275" lon="-155.9787298"/>
 <node id="1535745738" visible="true" version="1" changeset="10060769" timestamp="2011-12-07T20:26:43Z" user="abschiff" uid="101433" lat="19.6085324" lon="-155.9786394"/>
 <node id="1535745740" visible="true" version="1" changeset="10060769" timestamp="2011-12-07T20:26:43Z" user="abschiff" uid="101433" lat="19.6085640" lon="-155.9779679"/>
 <node id="1535745742" visible="true" version="1" changeset="10060769" timestamp="2011-12-07T20:26:43Z" user="abschiff" uid="101433" lat="19.6085689" lon="-155.9787479"/>
 <node id="1535745744" visible="true" version="1" changeset="10060769" timestamp="2011-12-07T20:26:43Z" user="abschiff" uid="101433" lat="19.6085810" lon="-155.9781564"/>
 <node id="1535745746" visible="true" version="1" changeset="10060769" timestamp="2011-12-07T20:26:43Z" user="abschiff" uid="101433" lat="19.6085956" lon="-155.9788254"/>
 <node id="1535745747" visible="true" version="1" changeset="10060769" timestamp="2011-12-07T20:26:43Z" user="abschiff" uid="101433" lat="19.6085956" lon="-155.9789235"/>
 <node id="1535745780" visible="true" version="1" changeset="10060769" timestamp="2011-12-07T20:26:44Z" user="abschiff" uid="101433" lat="19.6086054" lon="-155.9788590"/>
 <node id="1535745783" visible="true" version="1" changeset="10060769" timestamp="2011-12-07T20:26:44Z" user="abschiff" uid="101433" lat="19.6086102" lon="-155.9789416"/>
 <node id="1535745787" visible="true" version="1" changeset="10060769" timestamp="2011-12-07T20:26:44Z" user="abschiff" uid="101433" lat="19.6086127" lon="-155.9780583"/>
 <node id="1535745790" visible="true" version="1" changeset="10060769" timestamp="2011-12-07T20:26:44Z" user="abschiff" uid="101433" lat="19.6086127" lon="-155.9783346"/>
 <node id="1535745793" visible="true" version="1" changeset="10060769" timestamp="2011-12-07T20:26:44Z" user="abschiff" uid="101433" lat="19.6086151" lon="-155.9780944"/>
 <node id="1535745797" visible="true" version="1" changeset="10060769" timestamp="2011-12-07T20:26:44Z" user="abschiff" uid="101433" lat="19.6086273" lon="-155.9782313"/>
 <node id="1535745802" visible="true" version="1" changeset="10060769" timestamp="2011-12-07T20:26:44Z" user="abschiff" uid="101433" lat="19.6086613" lon="-155.9789339"/>
 <node id="1535745829" visible="true" version="1" changeset="10060769" timestamp="2011-12-07T20:26:44Z" user="abschiff" uid="101433" lat="19.6090263" lon="-155.9790966"/>
 <node id="1535745831" visible="true" version="1" changeset="10060769" timestamp="2011-12-07T20:26:44Z" user="abschiff" uid="101433" lat="19.6090798" lon="-155.9791611"/>
 <node id="1535745833" visible="true" version="1" changeset="10060769" timestamp="2011-12-07T20:26:45Z" user="abschiff" uid="101433" lat="19.6092063" lon="-155.9792309"/>
 <node id="1535745838" visible="true" version="1" changeset="10060769" timestamp="2011-12-07T20:26:45Z" user="abschiff" uid="101433" lat="19.6093085" lon="-155.9792464"/>
 <node id="1535745842" visible="true" version="1" changeset="10060769" timestamp="2011-12-07T20:26:45Z" user="abschiff" uid="101433" lat="19.6093766" lon="-155.9792205"/>
 <node id="1535745847" visible="true" version="1" changeset="10060769" timestamp="2011-12-07T20:26:45Z" user="abschiff" uid="101433" lat="19.6094788" lon="-155.9792154"/>
 <node id="1535745861" visible="true" version="1" changeset="10060769" timestamp="2011-12-07T20:26:45Z" user="abschiff" uid="101433" lat="19.6094983" lon="-155.9792490"/>
 <node id="1535745863" visible="true" version="1" changeset="10060769" timestamp="2011-12-07T20:26:45Z" user="abschiff" uid="101433" lat="19.6095007" lon="-155.9792825"/>
 <node id="1535745866" visible="true" version="1" changeset="10060769" timestamp="2011-12-07T20:26:45Z" user="abschiff" uid="101433" lat="19.6095275" lon="-155.9793032"/>
 <node id="1535745870" visible="true" version="1" changeset="10060769" timestamp="2011-12-07T20:26:45Z" user="abschiff" uid="101433" lat="19.6095980" lon="-155.9792619"/>
 <node id="1535745874" visible="true" version="1" changeset="10060769" timestamp="2011-12-07T20:26:45Z" user="abschiff" uid="101433" lat="19.6096467" lon="-155.9792670"/>
 <node id="1535745877" visible="true" version="1" changeset="10060769" timestamp="2011-12-07T20:26:45Z" user="abschiff" uid="101433" lat="19.6096832" lon="-155.9793006"/>
 <node id="1535745880" visible="true" version="1" changeset="10060769" timestamp="2011-12-07T20:26:45Z" user="abschiff" uid="101433" lat="19.6097002" lon="-155.9793523"/>
 <node id="1535745884" visible="true" version="1" changeset="10060769" timestamp="2011-12-07T20:26:45Z" user="abschiff" uid="101433" lat="19.6097246" lon="-155.9793807"/>
 <node id="1535745902" visible="true" version="1" changeset="10060769" timestamp="2011-12-07T20:26:45Z" user="abschiff" uid="101433" lat="19.6097513" lon="-155.9793936"/>
 <node id="1535745903" visible="true" version="1" changeset="10060769" timestamp="2011-12-07T20:26:46Z" user="abschiff" uid="101433" lat="19.6097902" lon="-155.9793781"/>
 <node id="1535745904" visible="true" version="1" changeset="10060769" timestamp="2011-12-07T20:26:46Z" user="abschiff" uid="101433" lat="19.6098267" lon="-155.9794039"/>
 <node id="1535745908" visible="true" version="1" changeset="10060769" timestamp="2011-12-07T20:26:46Z" user="abschiff" uid="101433" lat="19.6099143" lon="-155.9795046"/>
 <node id="1535745911" visible="true" version="1" changeset="10060769" timestamp="2011-12-07T20:26:46Z" user="abschiff" uid="101433" lat="19.6099168" lon="-155.9795486"/>
 <node id="1535745914" visible="true" version="1" changeset="10060769" timestamp="2011-12-07T20:26:46Z" user="abschiff" uid="101433" lat="19.6099338" lon="-155.9795821"/>
 <node id="1535745930" visible="true" version="1" changeset="10060769" timestamp="2011-12-07T20:26:46Z" user="abschiff" uid="101433" lat="19.6100092" lon="-155.9796028"/>
 <node id="1535745938" visible="true" version="1" changeset="10060769" timestamp="2011-12-07T20:26:47Z" user="abschiff" uid="101433" lat="19.6100311" lon="-155.9797371"/>
 <node id="1535745940" visible="true" version="1" changeset="10060769" timestamp="2011-12-07T20:26:47Z" user="abschiff" uid="101433" lat="19.6100530" lon="-155.9802123"/>
 <node id="1535745942" visible="true" version="1" changeset="10060769" timestamp="2011-12-07T20:26:47Z" user="abschiff" uid="101433" lat="19.6100700" lon="-155.9801297"/>
 <node id="1535745944" visible="true" version="1" changeset="10060769" timestamp="2011-12-07T20:26:47Z" user="abschiff" uid="101433" lat="19.6100773" lon="-155.9797681"/>
 <node id="1535745946" visible="true" version="1" changeset="10060769" timestamp="2011-12-07T20:26:47Z" user="abschiff" uid="101433" lat="19.6100773" lon="-155.9802769"/>
 <node id="1535745949" visible="true" version="1" changeset="10060769" timestamp="2011-12-07T20:26:47Z" user="abschiff" uid="101433" lat="19.6100919" lon="-155.9800884"/>
 <node id="1535745969" visible="true" version="1" changeset="10060769" timestamp="2011-12-07T20:26:47Z" user="abschiff" uid="101433" lat="19.6101260" lon="-155.9800600"/>
 <node id="1535745971" visible="true" version="1" changeset="10060769" timestamp="2011-12-07T20:26:47Z" user="abschiff" uid="101433" lat="19.6101284" lon="-155.9803156"/>
 <node id="1535745976" visible="true" version="1" changeset="10060769" timestamp="2011-12-07T20:26:48Z" user="abschiff" uid="101433" lat="19.6101795" lon="-155.9799618"/>
 <node id="1535745998" visible="true" version="1" changeset="10060769" timestamp="2011-12-07T20:26:48Z" user="abschiff" uid="101433" lat="19.6102330" lon="-155.9804422"/>
 <node id="1535746001" visible="true" version="1" changeset="10060769" timestamp="2011-12-07T20:26:48Z" user="abschiff" uid="101433" lat="19.6102647" lon="-155.9804190"/>
 <node id="1535746007" visible="true" version="1" changeset="10060769" timestamp="2011-12-07T20:26:48Z" user="abschiff" uid="101433" lat="19.6103133" lon="-155.9803234"/>
 <node id="1535746011" visible="true" version="1" changeset="10060769" timestamp="2011-12-07T20:26:48Z" user="abschiff" uid="101433" lat="19.6103425" lon="-155.9803131"/>
 <node id="1535746014" visible="true" version="1" changeset="10060769" timestamp="2011-12-07T20:26:48Z" user="abschiff" uid="101433" lat="19.6103498" lon="-155.9802175"/>
 <node id="1535746018" visible="true" version="1" changeset="10060769" timestamp="2011-12-07T20:26:48Z" user="abschiff" uid="101433" lat="19.6103596" lon="-155.9802743"/>
 <node id="1535746022" visible="true" version="1" changeset="10060769" timestamp="2011-12-07T20:26:48Z" user="abschiff" uid="101433" lat="19.6103839" lon="-155.9801839"/>
 <node id="1535746037" visible="true" version="1" changeset="10060769" timestamp="2011-12-07T20:26:49Z" user="abschiff" uid="101433" lat="19.6104374" lon="-155.9801633"/>
 <node id="1535746039" visible="true" version="1" changeset="10060769" timestamp="2011-12-07T20:26:49Z" user="abschiff" uid="101433" lat="19.6104617" lon="-155.9801219"/>
 <node id="1535746041" visible="true" version="1" changeset="10060769" timestamp="2011-12-07T20:26:49Z" user="abschiff" uid="101433" lat="19.6105007" lon="-155.9801555"/>
 <node id="1535746043" visible="true" version="1" changeset="10060769" timestamp="2011-12-07T20:26:49Z" user="abschiff" uid="101433" lat="19.6105055" lon="-155.9801968"/>
 <node id="1535746049" visible="true" version="1" changeset="10060769" timestamp="2011-12-07T20:26:49Z" user="abschiff" uid="101433" lat="19.6107342" lon="-155.9803880"/>
 <node id="1535746052" visible="true" version="1" changeset="10060769" timestamp="2011-12-07T20:26:49Z" user="abschiff" uid="101433" lat="19.6107707" lon="-155.9804603"/>
 <node id="1535746058" visible="true" version="1" changeset="10060769" timestamp="2011-12-07T20:26:49Z" user="abschiff" uid="101433" lat="19.6107780" lon="-155.9805843"/>
 <node id="1535746069" visible="true" version="1" changeset="10060769" timestamp="2011-12-07T20:26:50Z" user="abschiff" uid="101433" lat="19.6108145" lon="-155.9806307"/>
 <node id="1535746072" visible="true" version="1" changeset="10060769" timestamp="2011-12-07T20:26:50Z" user="abschiff" uid="101433" lat="19.6108608" lon="-155.9806385"/>
 <node id="1535746076" visible="true" version="1" changeset="10060769" timestamp="2011-12-07T20:26:50Z" user="abschiff" uid="101433" lat="19.6109118" lon="-155.9806101"/>
 <node id="1535746081" visible="true" version="1" changeset="10060769" timestamp="2011-12-07T20:26:50Z" user="abschiff" uid="101433" lat="19.6110092" lon="-155.9805817"/>
 <node id="1535746084" visible="true" version="1" changeset="10060769" timestamp="2011-12-07T20:26:50Z" user="abschiff" uid="101433" lat="19.6110724" lon="-155.9806307"/>
 <node id="1535746088" visible="true" version="1" changeset="10060769" timestamp="2011-12-07T20:26:50Z" user="abschiff" uid="101433" lat="19.6111259" lon="-155.9806566"/>
 <node id="1535746092" visible="true" version="1" changeset="10060769" timestamp="2011-12-07T20:26:50Z" user="abschiff" uid="101433" lat="19.6111819" lon="-155.9806643"/>
 <node id="1535746112" visible="true" version="1" changeset="10060769" timestamp="2011-12-07T20:26:50Z" user="abschiff" uid="101433" lat="19.6112865" lon="-155.9806359"/>
 <node id="1535746114" visible="true" version="1" changeset="10060769" timestamp="2011-12-07T20:26:50Z" user="abschiff" uid="101433" lat="19.6113449" lon="-155.9806333"/>
 <node id="1535746117" visible="true" version="1" changeset="10060769" timestamp="2011-12-07T20:26:50Z" user="abschiff" uid="101433" lat="19.6114495" lon="-155.9806617"/>
 <node id="1535746121" visible="true" version="1" changeset="10060769" timestamp="2011-12-07T20:26:51Z" user="abschiff" uid="101433" lat="19.6115250" lon="-155.9806592"/>
 <node id="1535746126" visible="true" version="1" changeset="10060769" timestamp="2011-12-07T20:26:51Z" user="abschiff" uid="101433" lat="19.6115882" lon="-155.9806747"/>
 <node id="1535746130" visible="true" version="1" changeset="10060769" timestamp="2011-12-07T20:26:51Z" user="abschiff" uid="101433" lat="19.6116223" lon="-155.9821985"/>
 <node id="1535746133" visible="true" version="1" changeset="10060769" timestamp="2011-12-07T20:26:51Z" user="abschiff" uid="101433" lat="19.6116320" lon="-155.9822502"/>
 <node id="1535746155" visible="true" version="1" changeset="10060769" timestamp="2011-12-07T20:26:51Z" user="abschiff" uid="101433" lat="19.6116612" lon="-155.9807418"/>
 <node id="1535746159" visible="true" version="1" changeset="10060769" timestamp="2011-12-07T20:26:51Z" user="abschiff" uid="101433" lat="19.6116734" lon="-155.9820719"/>
 <node id="1535746165" visible="true" version="1" changeset="10060769" timestamp="2011-12-07T20:26:51Z" user="abschiff" uid="101433" lat="19.6116758" lon="-155.9820074"/>
 <node id="1535746168" visible="true" version="1" changeset="10060769" timestamp="2011-12-07T20:26:52Z" user="abschiff" uid="101433" lat="19.6116928" lon="-155.9819376"/>
 <node id="1535746173" visible="true" version="1" changeset="10060769" timestamp="2011-12-07T20:26:52Z" user="abschiff" uid="101433" lat="19.6117050" lon="-155.9823535"/>
 <node id="1535746181" visible="true" version="1" changeset="10060769" timestamp="2011-12-07T20:26:52Z" user="abschiff" uid="101433" lat="19.6117366" lon="-155.9824206"/>
 <node id="1535746185" visible="true" version="1" changeset="10060769" timestamp="2011-12-07T20:26:52Z" user="abschiff" uid="101433" lat="19.6117464" lon="-155.9818731"/>
 <node id="1535746195" visible="true" version="1" changeset="10060769" timestamp="2011-12-07T20:26:52Z" user="abschiff" uid="101433" lat="19.6117488" lon="-155.9824929"/>
 <node id="1535746198" visible="true" version="1" changeset="10060769" timestamp="2011-12-07T20:26:52Z" user="abschiff" uid="101433" lat="19.6117804" lon="-155.9808968"/>
 <node id="1535746201" visible="true" version="1" changeset="10060769" timestamp="2011-12-07T20:26:52Z" user="abschiff" uid="101433" lat="19.6117829" lon="-155.9825239"/>
 <node id="1535746209" visible="true" version="1" changeset="10060769" timestamp="2011-12-07T20:26:52Z" user="abschiff" uid="101433" lat="19.6118145" lon="-155.9825782"/>
 <node id="1535746211" visible="true" version="1" changeset="10060769" timestamp="2011-12-07T20:26:53Z" user="abschiff" uid="101433" lat="19.6118534" lon="-155.9825988"/>
 <node id="1535746214" visible="true" version="1" changeset="10060769" timestamp="2011-12-07T20:26:53Z" user="abschiff" uid="101433" lat="19.6118875" lon="-155.9810672"/>
 <node id="1535746234" visible="true" version="1" changeset="10060769" timestamp="2011-12-07T20:26:53Z" user="abschiff" uid="101433" lat="19.6119069" lon="-155.9813410"/>
 <node id="1535746240" visible="true" version="1" changeset="10060769" timestamp="2011-12-07T20:26:53Z" user="abschiff" uid="101433" lat="19.6119142" lon="-155.9813849"/>
 <node id="1535746249" visible="true" version="1" changeset="10060769" timestamp="2011-12-07T20:26:53Z" user="abschiff" uid="101433" lat="19.6119410" lon="-155.9811757"/>
 <node id="1535746253" visible="true" version="1" changeset="10060769" timestamp="2011-12-07T20:26:54Z" user="abschiff" uid="101433" lat="19.6119434" lon="-155.9817491"/>
 <node id="1535746255" visible="true" version="1" changeset="10060769" timestamp="2011-12-07T20:26:54Z" user="abschiff" uid="101433" lat="19.6119507" lon="-155.9826660"/>
 <node id="1535746260" visible="true" version="1" changeset="10060769" timestamp="2011-12-07T20:26:54Z" user="abschiff" uid="101433" lat="19.6119556" lon="-155.9814547"/>
 <node id="1535746284" visible="true" version="1" changeset="10060769" timestamp="2011-12-07T20:26:54Z" user="abschiff" uid="101433" lat="19.6119751" lon="-155.9815270"/>
 <node id="1535746286" visible="true" version="1" changeset="10060769" timestamp="2011-12-07T20:26:54Z" user="abschiff" uid="101433" lat="19.6119824" lon="-155.9812196"/>
 <node id="1535746290" visible="true" version="1" changeset="10060769" timestamp="2011-12-07T20:26:55Z" user="abschiff" uid="101433" lat="19.6121186" lon="-155.9826582"/>
 <node id="1535746292" visible="true" version="1" changeset="10060769" timestamp="2011-12-07T20:26:55Z" user="abschiff" uid="101433" lat="19.6121600" lon="-155.9826944"/>
 <node id="1535746295" visible="true" version="1" changeset="10060769" timestamp="2011-12-07T20:26:55Z" user="abschiff" uid="101433" lat="19.6121770" lon="-155.9827409"/>
 <node id="1535746316" visible="true" version="1" changeset="10060769" timestamp="2011-12-07T20:26:55Z" user="abschiff" uid="101433" lat="19.6121843" lon="-155.9828468"/>
 <node id="1535746319" visible="true" version="1" changeset="10060769" timestamp="2011-12-07T20:26:55Z" user="abschiff" uid="101433" lat="19.6122256" lon="-155.9829139"/>
 <node id="1535746321" visible="true" version="1" changeset="10060769" timestamp="2011-12-07T20:26:55Z" user="abschiff" uid="101433" lat="19.6122621" lon="-155.9829423"/>
 <node id="1535746325" visible="true" version="1" changeset="10060769" timestamp="2011-12-07T20:26:55Z" user="abschiff" uid="101433" lat="19.6123084" lon="-155.9829604"/>
 <node id="1535746328" visible="true" version="1" changeset="10060769" timestamp="2011-12-07T20:26:55Z" user="abschiff" uid="101433" lat="19.6123570" lon="-155.9829398"/>
 <node id="1535746338" visible="true" version="1" changeset="10060769" timestamp="2011-12-07T20:26:55Z" user="abschiff" uid="101433" lat="19.6125590" lon="-155.9827047"/>
 <node id="1535746341" visible="true" version="1" changeset="10060769" timestamp="2011-12-07T20:26:56Z" user="abschiff" uid="101433" lat="19.6126028" lon="-155.9826815"/>
 <node id="1535746349" visible="true" version="1" changeset="10060769" timestamp="2011-12-07T20:26:56Z" user="abschiff" uid="101433" lat="19.6126563" lon="-155.9826892"/>
 <node id="1535746355" visible="true" version="1" changeset="10060769" timestamp="2011-12-07T20:26:56Z" user="abschiff" uid="101433" lat="19.6127877" lon="-155.9826531"/>
 <node id="1535746368" visible="true" version="1" changeset="10060769" timestamp="2011-12-07T20:26:56Z" user="abschiff" uid="101433" lat="19.6130066" lon="-155.9825472"/>
 <node id="1535746369" visible="true" version="1" changeset="10060769" timestamp="2011-12-07T20:26:56Z" user="abschiff" uid="101433" lat="19.6131258" lon="-155.9825653"/>
 <node id="1535746372" visible="true" version="1" changeset="10060769" timestamp="2011-12-07T20:26:56Z" user="abschiff" uid="101433" lat="19.6131842" lon="-155.9825575"/>
 <node id="1535746394" visible="true" version="1" changeset="10060769" timestamp="2011-12-07T20:26:57Z" user="abschiff" uid="101433" lat="19.6132207" lon="-155.9825963"/>
 <node id="1535746396" visible="true" version="1" changeset="10060769" timestamp="2011-12-07T20:26:57Z" user="abschiff" uid="101433" lat="19.6133545" lon="-155.9826815"/>
 <node id="1535746397" visible="true" version="1" changeset="10060769" timestamp="2011-12-07T20:26:57Z" user="abschiff" uid="101433" lat="19.6134008" lon="-155.9826660"/>
 <node id="1535746399" visible="true" version="1" changeset="10060769" timestamp="2011-12-07T20:26:57Z" user="abschiff" uid="101433" lat="19.6134981" lon="-155.9825704"/>
 <node id="1535746401" visible="true" version="1" changeset="10060769" timestamp="2011-12-07T20:26:57Z" user="abschiff" uid="101433" lat="19.6135662" lon="-155.9825343"/>
 <node id="1535746406" visible="true" version="1" changeset="10060769" timestamp="2011-12-07T20:26:57Z" user="abschiff" uid="101433" lat="19.6138168" lon="-155.9825059"/>
 <node id="1535746427" visible="true" version="1" changeset="10060769" timestamp="2011-12-07T20:26:57Z" user="abschiff" uid="101433" lat="19.6139214" lon="-155.9825291"/>
 <node id="1535746432" visible="true" version="1" changeset="10060769" timestamp="2011-12-07T20:26:58Z" user="abschiff" uid="101433" lat="19.6140796" lon="-155.9826169"/>
 <node id="1535747041" visible="true" version="3" changeset="19680354" timestamp="2013-12-28T15:26:48Z" user="bdiscoe" uid="402624" lat="19.6211369" lon="-155.9868297"/>
 <node id="1535747085" visible="true" version="3" changeset="19680354" timestamp="2013-12-28T15:26:48Z" user="bdiscoe" uid="402624" lat="19.6221322" lon="-155.9865218"/>
 <node id="1535747089" visible="true" version="2" changeset="19680354" timestamp="2013-12-28T15:26:48Z" user="bdiscoe" uid="402624" lat="19.6223059" lon="-155.9865043"/>
 <node id="1535747093" visible="true" version="2" changeset="19680354" timestamp="2013-12-28T15:26:48Z" user="bdiscoe" uid="402624" lat="19.6225607" lon="-155.9864275"/>
 <node id="1535747094" visible="true" version="2" changeset="19680354" timestamp="2013-12-28T15:26:48Z" user="bdiscoe" uid="402624" lat="19.6226458" lon="-155.9863836"/>
 <node id="1535747096" visible="true" version="2" changeset="19680354" timestamp="2013-12-28T15:26:48Z" user="bdiscoe" uid="402624" lat="19.6227115" lon="-155.9863319"/>
 <node id="1535747105" visible="true" version="2" changeset="19680354" timestamp="2013-12-28T15:26:48Z" user="bdiscoe" uid="402624" lat="19.6227285" lon="-155.9862957"/>
 <node id="1535747107" visible="true" version="2" changeset="19680354" timestamp="2013-12-28T15:26:48Z" user="bdiscoe" uid="402624" lat="19.6228842" lon="-155.9861950"/>
 <node id="1535747108" visible="true" version="2" changeset="19680354" timestamp="2013-12-28T15:26:48Z" user="bdiscoe" uid="402624" lat="19.6229085" lon="-155.9861511"/>
 <node id="1535747109" visible="true" version="2" changeset="19680354" timestamp="2013-12-28T15:26:48Z" user="bdiscoe" uid="402624" lat="19.6229888" lon="-155.9860840"/>
 <node id="1535747111" visible="true" version="2" changeset="19680354" timestamp="2013-12-28T15:26:48Z" user="bdiscoe" uid="402624" lat="19.6230830" lon="-155.9860876"/>
 <node id="1535747118" visible="true" version="2" changeset="19680354" timestamp="2013-12-28T15:26:48Z" user="bdiscoe" uid="402624" lat="19.6233029" lon="-155.9860478"/>
 <node id="1535747119" visible="true" version="2" changeset="19680354" timestamp="2013-12-28T15:26:48Z" user="bdiscoe" uid="402624" lat="19.6235076" lon="-155.9860528"/>
 <node id="1535747121" visible="true" version="2" changeset="19680354" timestamp="2013-12-28T15:26:48Z" user="bdiscoe" uid="402624" lat="19.6236053" lon="-155.9861137"/>
 <node id="1535747129" visible="true" version="2" changeset="19680354" timestamp="2013-12-28T15:26:48Z" user="bdiscoe" uid="402624" lat="19.6237757" lon="-155.9859770"/>
 <node id="1535747138" visible="true" version="1" changeset="10060769" timestamp="2011-12-07T20:27:16Z" user="abschiff" uid="101433" lat="19.6238110" lon="-155.9858997"/>
 <node id="1535747139" visible="true" version="1" changeset="10060769" timestamp="2011-12-07T20:27:17Z" user="abschiff" uid="101433" lat="19.6238840" lon="-155.9858661"/>
 <node id="1535747142" visible="true" version="2" changeset="19680354" timestamp="2013-12-28T15:26:48Z" user="bdiscoe" uid="402624" lat="19.6239965" lon="-155.9858991"/>
 <node id="1535747145" visible="true" version="1" changeset="10060769" timestamp="2011-12-07T20:27:17Z" user="abschiff" uid="101433" lat="19.6241978" lon="-155.9861192"/>
 <node id="1535747147" visible="true" version="1" changeset="10060769" timestamp="2011-12-07T20:27:17Z" user="abschiff" uid="101433" lat="19.6242148" lon="-155.9862354"/>
 <node id="1535747154" visible="true" version="2" changeset="19680354" timestamp="2013-12-28T15:26:48Z" user="bdiscoe" uid="402624" lat="19.6241707" lon="-155.9863607"/>
 <node id="1535747156" visible="true" version="2" changeset="19680354" timestamp="2013-12-28T15:26:48Z" user="bdiscoe" uid="402624" lat="19.6243541" lon="-155.9866272"/>
 <node id="1535747165" visible="true" version="2" changeset="19680354" timestamp="2013-12-28T15:26:48Z" user="bdiscoe" uid="402624" lat="19.6244941" lon="-155.9868861"/>
 <node id="1535747167" visible="true" version="2" changeset="19680354" timestamp="2013-12-28T15:26:48Z" user="bdiscoe" uid="402624" lat="19.6245463" lon="-155.9870245"/>
 <node id="1535747176" visible="true" version="2" changeset="19680354" timestamp="2013-12-28T15:26:48Z" user="bdiscoe" uid="402624" lat="19.6247546" lon="-155.9871553"/>
 <node id="1535747178" visible="true" version="1" changeset="10060769" timestamp="2011-12-07T20:27:18Z" user="abschiff" uid="101433" lat="19.6247889" lon="-155.9872763"/>
 <node id="1535747179" visible="true" version="1" changeset="10060769" timestamp="2011-12-07T20:27:18Z" user="abschiff" uid="101433" lat="19.6248011" lon="-155.9872324"/>
 <node id="1535747181" visible="true" version="1" changeset="10060769" timestamp="2011-12-07T20:27:18Z" user="abschiff" uid="101433" lat="19.6248352" lon="-155.9874028"/>
 <node id="1537003580" visible="true" version="1" changeset="10067091" timestamp="2011-12-08T17:55:21Z" user="abschiff" uid="101433" lat="19.5937054" lon="-155.9719334"/>
 <node id="1537003585" visible="true" version="2" changeset="35619563" timestamp="2015-11-27T22:21:33Z" user="Vlad" uid="24247" lat="19.5937395" lon="-155.9719112"/>
 <node id="1537003588" visible="true" version="2" changeset="35619563" timestamp="2015-11-27T22:21:33Z" user="Vlad" uid="24247" lat="19.5937844" lon="-155.9718786"/>
 <node id="1537003620" visible="true" version="3" changeset="35619563" timestamp="2015-11-27T22:21:33Z" user="Vlad" uid="24247" lat="19.5938210" lon="-155.9718247"/>
 <node id="1537003628" visible="true" version="3" changeset="35619563" timestamp="2015-11-27T22:21:33Z" user="Vlad" uid="24247" lat="19.5940195" lon="-155.9718978"/>
 <node id="1537003633" visible="true" version="3" changeset="35619563" timestamp="2015-11-27T22:21:33Z" user="Vlad" uid="24247" lat="19.5943908" lon="-155.9721052"/>
 <node id="1537003634" visible="true" version="2" changeset="35619563" timestamp="2015-11-27T22:21:33Z" user="Vlad" uid="24247" lat="19.5944755" lon="-155.9722033"/>
 <node id="1537003636" visible="true" version="1" changeset="10067091" timestamp="2011-12-08T17:55:22Z" user="abschiff" uid="101433" lat="19.5946518" lon="-155.9724301"/>
 <node id="1537003656" visible="true" version="1" changeset="10067091" timestamp="2011-12-08T17:55:23Z" user="abschiff" uid="101433" lat="19.5947046" lon="-155.9726243"/>
 <node id="1537003660" visible="true" version="1" changeset="10067091" timestamp="2011-12-08T17:55:23Z" user="abschiff" uid="101433" lat="19.5947644" lon="-155.9726691"/>
 <node id="1537003670" visible="true" version="1" changeset="10067091" timestamp="2011-12-08T17:55:23Z" user="abschiff" uid="101433" lat="19.5952922" lon="-155.9729231"/>
 <node id="1537003673" visible="true" version="1" changeset="10067091" timestamp="2011-12-08T17:55:23Z" user="abschiff" uid="101433" lat="19.5953802" lon="-155.9729791"/>
 <node id="1537003680" visible="true" version="1" changeset="10067091" timestamp="2011-12-08T17:55:23Z" user="abschiff" uid="101433" lat="19.5957461" lon="-155.9731397"/>
 <node id="1537003707" visible="true" version="1" changeset="10067091" timestamp="2011-12-08T17:55:23Z" user="abschiff" uid="101433" lat="19.5959079" lon="-155.9732518"/>
 <node id="1537003708" visible="true" version="1" changeset="10067091" timestamp="2011-12-08T17:55:24Z" user="abschiff" uid="101433" lat="19.5960205" lon="-155.9732966"/>
 <node id="1537003712" visible="true" version="1" changeset="10067091" timestamp="2011-12-08T17:55:24Z" user="abschiff" uid="101433" lat="19.5961366" lon="-155.9735841"/>
 <node id="1537003716" visible="true" version="1" changeset="10067091" timestamp="2011-12-08T17:55:24Z" user="abschiff" uid="101433" lat="19.5961683" lon="-155.9733787"/>
 <node id="1537003718" visible="true" version="1" changeset="10067091" timestamp="2011-12-08T17:55:24Z" user="abschiff" uid="101433" lat="19.5961683" lon="-155.9735020"/>
 <node id="1537003719" visible="true" version="1" changeset="10067091" timestamp="2011-12-08T17:55:24Z" user="abschiff" uid="101433" lat="19.5962105" lon="-155.9734870"/>
 <node id="1537003721" visible="true" version="1" changeset="10067091" timestamp="2011-12-08T17:55:24Z" user="abschiff" uid="101433" lat="19.5962844" lon="-155.9737186"/>
 <node id="1537003722" visible="true" version="1" changeset="10067091" timestamp="2011-12-08T17:55:24Z" user="abschiff" uid="101433" lat="19.5964251" lon="-155.9737559"/>
 <node id="1537003751" visible="true" version="1" changeset="10067091" timestamp="2011-12-08T17:55:24Z" user="abschiff" uid="101433" lat="19.5964779" lon="-155.9737223"/>
 <node id="1537003752" visible="true" version="1" changeset="10067091" timestamp="2011-12-08T17:55:24Z" user="abschiff" uid="101433" lat="19.5964920" lon="-155.9736663"/>
 <node id="1537003755" visible="true" version="1" changeset="10067091" timestamp="2011-12-08T17:55:24Z" user="abschiff" uid="101433" lat="19.5965166" lon="-155.9736252"/>
 <node id="1537003759" visible="true" version="1" changeset="10067091" timestamp="2011-12-08T17:55:24Z" user="abschiff" uid="101433" lat="19.5965623" lon="-155.9736215"/>
 <node id="1537003768" visible="true" version="1" changeset="10067091" timestamp="2011-12-08T17:55:25Z" user="abschiff" uid="101433" lat="19.5966573" lon="-155.9735692"/>
 <node id="1537003771" visible="true" version="1" changeset="10067091" timestamp="2011-12-08T17:55:25Z" user="abschiff" uid="101433" lat="19.5966960" lon="-155.9735991"/>
 <node id="1537003781" visible="true" version="1" changeset="10067091" timestamp="2011-12-08T17:55:25Z" user="abschiff" uid="101433" lat="19.5967453" lon="-155.9736925"/>
 <node id="1537003819" visible="true" version="1" changeset="10067091" timestamp="2011-12-08T17:55:25Z" user="abschiff" uid="101433" lat="19.5968508" lon="-155.9736925"/>
 <node id="1537003823" visible="true" version="1" changeset="10067091" timestamp="2011-12-08T17:55:25Z" user="abschiff" uid="101433" lat="19.5968825" lon="-155.9737037"/>
 <node id="1537003827" visible="true" version="1" changeset="10067091" timestamp="2011-12-08T17:55:25Z" user="abschiff" uid="101433" lat="19.5969071" lon="-155.9737634"/>
 <node id="1537003831" visible="true" version="1" changeset="10067091" timestamp="2011-12-08T17:55:25Z" user="abschiff" uid="101433" lat="19.5969494" lon="-155.9737970"/>
 <node id="1537003840" visible="true" version="1" changeset="10067091" timestamp="2011-12-08T17:55:26Z" user="abschiff" uid="101433" lat="19.5970338" lon="-155.9737821"/>
 <node id="1537003843" visible="true" version="1" changeset="10067091" timestamp="2011-12-08T17:55:26Z" user="abschiff" uid="101433" lat="19.5970690" lon="-155.9738082"/>
 <node id="1537003849" visible="true" version="1" changeset="10067091" timestamp="2011-12-08T17:55:26Z" user="abschiff" uid="101433" lat="19.5971536" lon="-155.9738190"/>
 <node id="1537003852" visible="true" version="1" changeset="10067091" timestamp="2011-12-08T17:55:26Z" user="abschiff" uid="101433" lat="19.5971685" lon="-155.9739378"/>
 <node id="1537003855" visible="true" version="1" changeset="10067091" timestamp="2011-12-08T17:55:26Z" user="abschiff" uid="101433" lat="19.5971810" lon="-155.9738322"/>
 <node id="1537003857" visible="true" version="1" changeset="10067091" timestamp="2011-12-08T17:55:26Z" user="abschiff" uid="101433" lat="19.5971860" lon="-155.9738692"/>
 <node id="1537003883" visible="true" version="1" changeset="10067091" timestamp="2011-12-08T17:55:26Z" user="abschiff" uid="101433" lat="19.5972158" lon="-155.9739722"/>
 <node id="1537003886" visible="true" version="1" changeset="10067091" timestamp="2011-12-08T17:55:27Z" user="abschiff" uid="101433" lat="19.5972307" lon="-155.9740250"/>
 <node id="1537003890" visible="true" version="1" changeset="10067091" timestamp="2011-12-08T17:55:27Z" user="abschiff" uid="101433" lat="19.5972606" lon="-155.9740435"/>
 <node id="1537003894" visible="true" version="1" changeset="10067091" timestamp="2011-12-08T17:55:27Z" user="abschiff" uid="101433" lat="19.5973004" lon="-155.9740223"/>
 <node id="1537003898" visible="true" version="1" changeset="10067091" timestamp="2011-12-08T17:55:27Z" user="abschiff" uid="101433" lat="19.5973427" lon="-155.9739748"/>
 <node id="1537003902" visible="true" version="1" changeset="10067091" timestamp="2011-12-08T17:55:27Z" user="abschiff" uid="101433" lat="19.5973800" lon="-155.9739616"/>
 <node id="1537003909" visible="true" version="1" changeset="10067091" timestamp="2011-12-08T17:55:27Z" user="abschiff" uid="101433" lat="19.5974347" lon="-155.9740303"/>
 <node id="1537003933" visible="true" version="1" changeset="10067091" timestamp="2011-12-08T17:55:27Z" user="abschiff" uid="101433" lat="19.5978303" lon="-155.9740884"/>
 <node id="1537003944" visible="true" version="1" changeset="10067091" timestamp="2011-12-08T17:55:27Z" user="abschiff" uid="101433" lat="19.5979572" lon="-155.9741887"/>
 <node id="1537003948" visible="true" version="1" changeset="10067091" timestamp="2011-12-08T17:55:27Z" user="abschiff" uid="101433" lat="19.5980642" lon="-155.9743234"/>
 <node id="1537003960" visible="true" version="1" changeset="10067091" timestamp="2011-12-08T17:55:28Z" user="abschiff" uid="101433" lat="19.5981526" lon="-155.9745104"/>
 <node id="1537003967" visible="true" version="1" changeset="10067091" timestamp="2011-12-08T17:55:28Z" user="abschiff" uid="101433" lat="19.5982234" lon="-155.9744818"/>
 <node id="1537003973" visible="true" version="1" changeset="10067091" timestamp="2011-12-08T17:55:28Z" user="abschiff" uid="101433" lat="19.5983702" lon="-155.9744607"/>
 <node id="1537003978" visible="true" version="1" changeset="10067091" timestamp="2011-12-08T17:55:28Z" user="abschiff" uid="101433" lat="19.5984075" lon="-155.9744317"/>
 <node id="1537004009" visible="true" version="1" changeset="10067091" timestamp="2011-12-08T17:55:28Z" user="abschiff" uid="101433" lat="19.5984548" lon="-155.9744475"/>
 <node id="1537004013" visible="true" version="1" changeset="10067091" timestamp="2011-12-08T17:55:28Z" user="abschiff" uid="101433" lat="19.5985170" lon="-155.9746535"/>
 <node id="1537004019" visible="true" version="1" changeset="10067091" timestamp="2011-12-08T17:55:29Z" user="abschiff" uid="101433" lat="19.5985219" lon="-155.9744977"/>
 <node id="1537004029" visible="true" version="1" changeset="10067091" timestamp="2011-12-08T17:55:29Z" user="abschiff" uid="101433" lat="19.5985468" lon="-155.9745373"/>
 <node id="1537004032" visible="true" version="1" changeset="10067091" timestamp="2011-12-08T17:55:29Z" user="abschiff" uid="101433" lat="19.5985518" lon="-155.9746905"/>
 <node id="1537004039" visible="true" version="1" changeset="10067091" timestamp="2011-12-08T17:55:29Z" user="abschiff" uid="101433" lat="19.5985891" lon="-155.9747037"/>
 <node id="1537004045" visible="true" version="1" changeset="10067091" timestamp="2011-12-08T17:55:29Z" user="abschiff" uid="101433" lat="19.5986040" lon="-155.9747512"/>
 <node id="1537004052" visible="true" version="1" changeset="10067091" timestamp="2011-12-08T17:55:29Z" user="abschiff" uid="101433" lat="19.5987259" lon="-155.9748067"/>
 <node id="1537004055" visible="true" version="1" changeset="10067091" timestamp="2011-12-08T17:55:29Z" user="abschiff" uid="101433" lat="19.5987707" lon="-155.9752028"/>
 <node id="1537004080" visible="true" version="1" changeset="10067091" timestamp="2011-12-08T17:55:30Z" user="abschiff" uid="101433" lat="19.5987832" lon="-155.9751368"/>
 <node id="1537004091" visible="true" version="1" changeset="10067091" timestamp="2011-12-08T17:55:30Z" user="abschiff" uid="101433" lat="19.5988031" lon="-155.9755620"/>
 <node id="1537004095" visible="true" version="1" changeset="10067091" timestamp="2011-12-08T17:55:30Z" user="abschiff" uid="101433" lat="19.5988056" lon="-155.9750998"/>
 <node id="1537004106" visible="true" version="1" changeset="10067091" timestamp="2011-12-08T17:55:30Z" user="abschiff" uid="101433" lat="19.5988503" lon="-155.9756887"/>
 <node id="1537004109" visible="true" version="1" changeset="10067091" timestamp="2011-12-08T17:55:30Z" user="abschiff" uid="101433" lat="19.5988578" lon="-155.9748410"/>
 <node id="1537004113" visible="true" version="1" changeset="10067091" timestamp="2011-12-08T17:55:30Z" user="abschiff" uid="101433" lat="19.5988901" lon="-155.9758577"/>
 <node id="1537004115" visible="true" version="1" changeset="10067091" timestamp="2011-12-08T17:55:30Z" user="abschiff" uid="101433" lat="19.5988951" lon="-155.9751130"/>
 <node id="1537004119" visible="true" version="1" changeset="10067091" timestamp="2011-12-08T17:55:30Z" user="abschiff" uid="101433" lat="19.5989001" lon="-155.9748965"/>
 <node id="1537004153" visible="true" version="1" changeset="10067091" timestamp="2011-12-08T17:55:31Z" user="abschiff" uid="101433" lat="19.5989275" lon="-155.9750628"/>
 <node id="1537004161" visible="true" version="1" changeset="10067091" timestamp="2011-12-08T17:55:31Z" user="abschiff" uid="101433" lat="19.5989275" lon="-155.9759185"/>
 <node id="1537004164" visible="true" version="1" changeset="10067091" timestamp="2011-12-08T17:55:31Z" user="abschiff" uid="101433" lat="19.5989299" lon="-155.9749651"/>
 <node id="1537004166" visible="true" version="1" changeset="10067091" timestamp="2011-12-08T17:55:31Z" user="abschiff" uid="101433" lat="19.5989399" lon="-155.9750127"/>
 <node id="1537004168" visible="true" version="1" changeset="10067091" timestamp="2011-12-08T17:55:31Z" user="abschiff" uid="101433" lat="19.5990046" lon="-155.9759105"/>
 <node id="1537004169" visible="true" version="1" changeset="10067091" timestamp="2011-12-08T17:55:31Z" user="abschiff" uid="101433" lat="19.5990685" lon="-155.9759823"/>
 <node id="1537004170" visible="true" version="1" changeset="10067091" timestamp="2011-12-08T17:55:31Z" user="abschiff" uid="101433" lat="19.5990931" lon="-155.9760346"/>
 <node id="1537004171" visible="true" version="1" changeset="10067091" timestamp="2011-12-08T17:55:31Z" user="abschiff" uid="101433" lat="19.5991389" lon="-155.9760495"/>
 <node id="1537004174" visible="true" version="1" changeset="10067091" timestamp="2011-12-08T17:55:31Z" user="abschiff" uid="101433" lat="19.5991811" lon="-155.9760308"/>
 <node id="1537004176" visible="true" version="1" changeset="10067091" timestamp="2011-12-08T17:55:31Z" user="abschiff" uid="101433" lat="19.5992655" lon="-155.9760869"/>
 <node id="1537004216" visible="true" version="1" changeset="10067091" timestamp="2011-12-08T17:55:32Z" user="abschiff" uid="101433" lat="19.5993746" lon="-155.9761840"/>
 <node id="1537004220" visible="true" version="1" changeset="10067091" timestamp="2011-12-08T17:55:32Z" user="abschiff" uid="101433" lat="19.5994590" lon="-155.9762661"/>
 <node id="1537004226" visible="true" version="1" changeset="10067091" timestamp="2011-12-08T17:55:32Z" user="abschiff" uid="101433" lat="19.5995188" lon="-155.9764305"/>
 <node id="1537004227" visible="true" version="1" changeset="10067091" timestamp="2011-12-08T17:55:32Z" user="abschiff" uid="101433" lat="19.5996091" lon="-155.9765311"/>
 <node id="1537004229" visible="true" version="1" changeset="10067091" timestamp="2011-12-08T17:55:32Z" user="abschiff" uid="101433" lat="19.5996596" lon="-155.9765201"/>
 <node id="1537004233" visible="true" version="1" changeset="10067091" timestamp="2011-12-08T17:55:32Z" user="abschiff" uid="101433" lat="19.5996877" lon="-155.9764753"/>
 <node id="1537004241" visible="true" version="1" changeset="10067091" timestamp="2011-12-08T17:55:32Z" user="abschiff" uid="101433" lat="19.5997651" lon="-155.9765201"/>
 <node id="1537004273" visible="true" version="1" changeset="10067091" timestamp="2011-12-08T17:55:32Z" user="abschiff" uid="101433" lat="19.5999094" lon="-155.9765948"/>
 <node id="1537004282" visible="true" version="1" changeset="10067091" timestamp="2011-12-08T17:55:33Z" user="abschiff" uid="101433" lat="19.5999762" lon="-155.9765910"/>
 <node id="1537004288" visible="true" version="1" changeset="10067091" timestamp="2011-12-08T17:55:33Z" user="abschiff" uid="101433" lat="19.6001328" lon="-155.9765145"/>
 <node id="1537004291" visible="true" version="1" changeset="10067091" timestamp="2011-12-08T17:55:33Z" user="abschiff" uid="101433" lat="19.6001996" lon="-155.9764958"/>
 <node id="1537004292" visible="true" version="1" changeset="10067091" timestamp="2011-12-08T17:55:33Z" user="abschiff" uid="101433" lat="19.6002506" lon="-155.9765108"/>
 <node id="1537004294" visible="true" version="1" changeset="10067091" timestamp="2011-12-08T17:55:33Z" user="abschiff" uid="101433" lat="19.6002524" lon="-155.9765836"/>
 <node id="1537004295" visible="true" version="1" changeset="10067091" timestamp="2011-12-08T17:55:33Z" user="abschiff" uid="101433" lat="19.6002594" lon="-155.9766097"/>
 <node id="1537004297" visible="true" version="1" changeset="10067091" timestamp="2011-12-08T17:55:33Z" user="abschiff" uid="101433" lat="19.6002700" lon="-155.9765425"/>
 <node id="1537004299" visible="true" version="1" changeset="10067091" timestamp="2011-12-08T17:55:33Z" user="abschiff" uid="101433" lat="19.6002946" lon="-155.9766377"/>
 <node id="1537004302" visible="true" version="1" changeset="10067091" timestamp="2011-12-08T17:55:34Z" user="abschiff" uid="101433" lat="19.6003544" lon="-155.9766601"/>
 <node id="1537004345" visible="true" version="1" changeset="10067091" timestamp="2011-12-08T17:55:34Z" user="abschiff" uid="101433" lat="19.6004424" lon="-155.9766639"/>
 <node id="1537004349" visible="true" version="1" changeset="10067091" timestamp="2011-12-08T17:55:34Z" user="abschiff" uid="101433" lat="19.6005972" lon="-155.9766191"/>
 <node id="1537004350" visible="true" version="1" changeset="10067091" timestamp="2011-12-08T17:55:34Z" user="abschiff" uid="101433" lat="19.6006447" lon="-155.9766452"/>
 <node id="1537004352" visible="true" version="1" changeset="10067091" timestamp="2011-12-08T17:55:34Z" user="abschiff" uid="101433" lat="19.6007151" lon="-155.9767442"/>
 <node id="1537004353" visible="true" version="1" changeset="10067091" timestamp="2011-12-08T17:55:34Z" user="abschiff" uid="101433" lat="19.6007643" lon="-155.9768655"/>
 <node id="1537004355" visible="true" version="1" changeset="10067091" timestamp="2011-12-08T17:55:35Z" user="abschiff" uid="101433" lat="19.6008664" lon="-155.9769328"/>
 <node id="1537004358" visible="true" version="1" changeset="10067091" timestamp="2011-12-08T17:55:35Z" user="abschiff" uid="101433" lat="19.6008963" lon="-155.9768207"/>
 <node id="1537004360" visible="true" version="1" changeset="10067091" timestamp="2011-12-08T17:55:35Z" user="abschiff" uid="101433" lat="19.6009350" lon="-155.9767853"/>
 <node id="1537004403" visible="true" version="1" changeset="10067091" timestamp="2011-12-08T17:55:35Z" user="abschiff" uid="101433" lat="19.6009719" lon="-155.9767797"/>
 <node id="1537004405" visible="true" version="1" changeset="10067091" timestamp="2011-12-08T17:55:35Z" user="abschiff" uid="101433" lat="19.6010018" lon="-155.9767983"/>
 <node id="1537004406" visible="true" version="1" changeset="10067091" timestamp="2011-12-08T17:55:35Z" user="abschiff" uid="101433" lat="19.6010282" lon="-155.9767554"/>
 <node id="1537004407" visible="true" version="1" changeset="10067091" timestamp="2011-12-08T17:55:35Z" user="abschiff" uid="101433" lat="19.6011144" lon="-155.9767367"/>
 <node id="1537004408" visible="true" version="1" changeset="10067091" timestamp="2011-12-08T17:55:35Z" user="abschiff" uid="101433" lat="19.6013396" lon="-155.9767180"/>
 <node id="1537004410" visible="true" version="1" changeset="10067091" timestamp="2011-12-08T17:55:36Z" user="abschiff" uid="101433" lat="19.6013589" lon="-155.9766265"/>
 <node id="1537004412" visible="true" version="1" changeset="10067091" timestamp="2011-12-08T17:55:36Z" user="abschiff" uid="101433" lat="19.6013642" lon="-155.9765742"/>
 <node id="1537004414" visible="true" version="1" changeset="10067091" timestamp="2011-12-08T17:55:36Z" user="abschiff" uid="101433" lat="19.6013923" lon="-155.9767031"/>
 <node id="1537004417" visible="true" version="1" changeset="10067091" timestamp="2011-12-08T17:55:36Z" user="abschiff" uid="101433" lat="19.6013976" lon="-155.9766583"/>
 <node id="1537004421" visible="true" version="1" changeset="10067091" timestamp="2011-12-08T17:55:36Z" user="abschiff" uid="101433" lat="19.6014046" lon="-155.9765182"/>
 <node id="1537004452" visible="true" version="1" changeset="10067091" timestamp="2011-12-08T17:55:36Z" user="abschiff" uid="101433" lat="19.6014979" lon="-155.9764211"/>
 <node id="1537004460" visible="true" version="1" changeset="10067091" timestamp="2011-12-08T17:55:36Z" user="abschiff" uid="101433" lat="19.6017301" lon="-155.9763558"/>
 <node id="1537004463" visible="true" version="1" changeset="10067091" timestamp="2011-12-08T17:55:37Z" user="abschiff" uid="101433" lat="19.6017864" lon="-155.9763203"/>
 <node id="1537004465" visible="true" version="1" changeset="10067091" timestamp="2011-12-08T17:55:37Z" user="abschiff" uid="101433" lat="19.6018902" lon="-155.9761709"/>
 <node id="1537004467" visible="true" version="1" changeset="10067091" timestamp="2011-12-08T17:55:37Z" user="abschiff" uid="101433" lat="19.6019500" lon="-155.9761410"/>
 <node id="1537004468" visible="true" version="1" changeset="10067091" timestamp="2011-12-08T17:55:37Z" user="abschiff" uid="101433" lat="19.6020555" lon="-155.9761279"/>
 <node id="1537004469" visible="true" version="1" changeset="10067091" timestamp="2011-12-08T17:55:37Z" user="abschiff" uid="101433" lat="19.6021277" lon="-155.9761317"/>
 <node id="1537004470" visible="true" version="1" changeset="10067091" timestamp="2011-12-08T17:55:37Z" user="abschiff" uid="101433" lat="19.6021927" lon="-155.9761597"/>
 <node id="1537004472" visible="true" version="1" changeset="10067091" timestamp="2011-12-08T17:55:37Z" user="abschiff" uid="101433" lat="19.6022385" lon="-155.9762026"/>
 <node id="1537004507" visible="true" version="1" changeset="10067091" timestamp="2011-12-08T17:55:37Z" user="abschiff" uid="101433" lat="19.6022965" lon="-155.9758777"/>
 <node id="1537004510" visible="true" version="1" changeset="10067091" timestamp="2011-12-08T17:55:37Z" user="abschiff" uid="101433" lat="19.6023018" lon="-155.9759263"/>
 <node id="1537004512" visible="true" version="1" changeset="10067091" timestamp="2011-12-08T17:55:37Z" user="abschiff" uid="101433" lat="19.6023440" lon="-155.9760215"/>
 <node id="1537004513" visible="true" version="1" changeset="10067091" timestamp="2011-12-08T17:55:37Z" user="abschiff" uid="101433" lat="19.6023475" lon="-155.9759748"/>
 <node id="1537004514" visible="true" version="1" changeset="10067091" timestamp="2011-12-08T17:55:37Z" user="abschiff" uid="101433" lat="19.6023616" lon="-155.9757787"/>
 <node id="1537004517" visible="true" version="1" changeset="10067091" timestamp="2011-12-08T17:55:38Z" user="abschiff" uid="101433" lat="19.6024038" lon="-155.9755416"/>
 <node id="1537004519" visible="true" version="1" changeset="10067091" timestamp="2011-12-08T17:55:38Z" user="abschiff" uid="101433" lat="19.6024109" lon="-155.9752970"/>
 <node id="1537004521" visible="true" version="1" changeset="10067091" timestamp="2011-12-08T17:55:38Z" user="abschiff" uid="101433" lat="19.6024249" lon="-155.9752372"/>
 <node id="1537004542" visible="true" version="1" changeset="10067091" timestamp="2011-12-08T17:55:38Z" user="abschiff" uid="101433" lat="19.6024619" lon="-155.9752017"/>
 <node id="1537034858" visible="true" version="2" changeset="15392933" timestamp="2013-03-17T09:19:03Z" user="Tom_Holland" uid="574654" lat="19.5920787" lon="-155.9710094"/>
 <node id="1537034892" visible="true" version="1" changeset="10067254" timestamp="2011-12-08T18:13:15Z" user="abschiff" uid="101433" lat="19.5954870" lon="-155.9724869"/>
 <node id="1537034895" visible="true" version="1" changeset="10067254" timestamp="2011-12-08T18:13:15Z" user="abschiff" uid="101433" lat="19.5957831" lon="-155.9727299"/>
 <node id="1537034897" visible="true" version="1" changeset="10067254" timestamp="2011-12-08T18:13:15Z" user="abschiff" uid="101433" lat="19.5960767" lon="-155.9729438"/>
 <node id="1537034924" visible="true" version="1" changeset="10067254" timestamp="2011-12-08T18:13:16Z" user="abschiff" uid="101433" lat="19.6055005" lon="-155.9752651"/>
 <node id="1537034925" visible="true" version="1" changeset="10067254" timestamp="2011-12-08T18:13:16Z" user="abschiff" uid="101433" lat="19.6056298" lon="-155.9753496"/>
 <node id="1537034927" visible="true" version="1" changeset="10067254" timestamp="2011-12-08T18:13:16Z" user="abschiff" uid="101433" lat="19.6063662" lon="-155.9760811"/>
 <node id="1537034929" visible="true" version="1" changeset="10067254" timestamp="2011-12-08T18:13:16Z" user="abschiff" uid="101433" lat="19.6068861" lon="-155.9764851"/>
 <node id="1537034935" visible="true" version="3" changeset="177251548" timestamp="2026-01-15T09:52:29Z" user="achauhan_Lyft" uid="21943119" lat="19.6080711" lon="-155.9770856"/>
 <node id="1537034947" visible="true" version="1" changeset="10067254" timestamp="2011-12-08T18:13:17Z" user="abschiff" uid="101433" lat="19.6148914" lon="-155.9822395"/>
 <node id="1537034949" visible="true" version="1" changeset="10067254" timestamp="2011-12-08T18:13:17Z" user="abschiff" uid="101433" lat="19.6189785" lon="-155.9841462"/>
 <node id="2024266041" visible="true" version="1" changeset="13953849" timestamp="2012-11-21T04:50:27Z" user="Defcon50" uid="201755" lat="19.6168577" lon="-155.9831553"/>
 <node id="2024312318" visible="true" version="1" changeset="13953941" timestamp="2012-11-21T05:17:21Z" user="Defcon50" uid="201755" lat="19.6142974" lon="-155.9824429"/>
 <node id="2024312320" visible="true" version="1" changeset="13953941" timestamp="2012-11-21T05:17:21Z" user="Defcon50" uid="201755" lat="19.6144003" lon="-155.9822509"/>
 <node id="2024312322" visible="true" version="1" changeset="13953941" timestamp="2012-11-21T05:17:21Z" user="Defcon50" uid="201755" lat="19.6145240" lon="-155.9826497"/>
 <node id="2024312323" visible="true" version="1" changeset="13953941" timestamp="2012-11-21T05:17:21Z" user="Defcon50" uid="201755" lat="19.6145523" lon="-155.9825968"/>
 <node id="2024312324" visible="true" version="1" changeset="13953941" timestamp="2012-11-21T05:17:21Z" user="Defcon50" uid="201755" lat="19.6146454" lon="-155.9824865"/>
 <node id="2024312325" visible="true" version="1" changeset="13953941" timestamp="2012-11-21T05:17:21Z" user="Defcon50" uid="201755" lat="19.6146808" lon="-155.9824204"/>
 <node id="2024312326" visible="true" version="1" changeset="13953941" timestamp="2012-11-21T05:17:21Z" user="Defcon50" uid="201755" lat="19.6147093" lon="-155.9828268"/>
 <node id="2024312327" visible="true" version="1" changeset="13953941" timestamp="2012-11-21T05:17:21Z" user="Defcon50" uid="201755" lat="19.6147357" lon="-155.9827775"/>
 <node id="2024312328" visible="true" version="1" changeset="13953941" timestamp="2012-11-21T05:17:21Z" user="Defcon50" uid="201755" lat="19.6147582" lon="-155.9833763"/>
 <node id="2024312330" visible="true" version="1" changeset="13953941" timestamp="2012-11-21T05:17:21Z" user="Defcon50" uid="201755" lat="19.6147878" lon="-155.9828742"/>
 <node id="2024312332" visible="true" version="1" changeset="13953941" timestamp="2012-11-21T05:17:22Z" user="Defcon50" uid="201755" lat="19.6147952" lon="-155.9832577"/>
 <node id="2024312334" visible="true" version="1" changeset="13953941" timestamp="2012-11-21T05:17:22Z" user="Defcon50" uid="201755" lat="19.6148008" lon="-155.9826210"/>
 <node id="2024312336" visible="true" version="1" changeset="13953941" timestamp="2012-11-21T05:17:22Z" user="Defcon50" uid="201755" lat="19.6148079" lon="-155.9828368"/>
 <node id="2024312338" visible="true" version="1" changeset="13953941" timestamp="2012-11-21T05:17:22Z" user="Defcon50" uid="201755" lat="19.6148172" lon="-155.9825903"/>
 <node id="2024312340" visible="true" version="1" changeset="13953941" timestamp="2012-11-21T05:17:22Z" user="Defcon50" uid="201755" lat="19.6148361" lon="-155.9832720"/>
 <node id="2024312342" visible="true" version="1" changeset="13953941" timestamp="2012-11-21T05:17:22Z" user="Defcon50" uid="201755" lat="19.6148707" lon="-155.9831611"/>
 <node id="2024312343" visible="true" version="1" changeset="13953941" timestamp="2012-11-21T05:17:22Z" user="Defcon50" uid="201755" lat="19.6148830" lon="-155.9826706"/>
 <node id="2024312350" visible="true" version="1" changeset="13953941" timestamp="2012-11-21T05:17:22Z" user="Defcon50" uid="201755" lat="19.6148918" lon="-155.9828874"/>
 <node id="2024312352" visible="true" version="1" changeset="13953941" timestamp="2012-11-21T05:17:22Z" user="Defcon50" uid="201755" lat="19.6149168" lon="-155.9831773"/>
 <node id="2024312354" visible="true" version="1" changeset="13953941" timestamp="2012-11-21T05:17:22Z" user="Defcon50" uid="201755" lat="19.6149520" lon="-155.9830646"/>
 <node id="2024312356" visible="true" version="1" changeset="13953941" timestamp="2012-11-21T05:17:22Z" user="Defcon50" uid="201755" lat="19.6149573" lon="-155.9834463"/>
 <node id="2024312358" visible="true" version="1" changeset="13953941" timestamp="2012-11-21T05:17:22Z" user="Defcon50" uid="201755" lat="19.6149614" lon="-155.9827576"/>
 <node id="2024312360" visible="true" version="1" changeset="13953941" timestamp="2012-11-21T05:17:22Z" user="Defcon50" uid="201755" lat="19.6149774" lon="-155.9827276"/>
 <node id="2024312362" visible="true" version="1" changeset="13953941" timestamp="2012-11-21T05:17:22Z" user="Defcon50" uid="201755" lat="19.6149837" lon="-155.9835232"/>
 <node id="2024312363" visible="true" version="1" changeset="13953941" timestamp="2012-11-21T05:17:22Z" user="Defcon50" uid="201755" lat="19.6149874" lon="-155.9830771"/>
 <node id="2024312365" visible="true" version="1" changeset="13953941" timestamp="2012-11-21T05:17:22Z" user="Defcon50" uid="201755" lat="19.6150198" lon="-155.9829735"/>
 <node id="2024312366" visible="true" version="1" changeset="13953941" timestamp="2012-11-21T05:17:22Z" user="Defcon50" uid="201755" lat="19.6150220" lon="-155.9832388"/>
 <node id="2024312368" visible="true" version="1" changeset="13953941" timestamp="2012-11-21T05:17:22Z" user="Defcon50" uid="201755" lat="19.6150573" lon="-155.9829867"/>
 <node id="2024312370" visible="true" version="1" changeset="13953941" timestamp="2012-11-21T05:17:22Z" user="Defcon50" uid="201755" lat="19.6150678" lon="-155.9832549"/>
 <node id="2024312372" visible="true" version="1" changeset="13953941" timestamp="2012-11-21T05:17:22Z" user="Defcon50" uid="201755" lat="19.6150781" lon="-155.9833947"/>
 <node id="2024312374" visible="true" version="1" changeset="13953941" timestamp="2012-11-21T05:17:22Z" user="Defcon50" uid="201755" lat="19.6150947" lon="-155.9828667"/>
 <node id="2024312376" visible="true" version="1" changeset="13953941" timestamp="2012-11-21T05:17:22Z" user="Defcon50" uid="201755" lat="19.6150964" lon="-155.9831631"/>
 <node id="2024312380" visible="true" version="1" changeset="13953941" timestamp="2012-11-21T05:17:22Z" user="Defcon50" uid="201755" lat="19.6151237" lon="-155.9836391"/>
 <node id="2024312381" visible="true" version="1" changeset="13953941" timestamp="2012-11-21T05:17:22Z" user="Defcon50" uid="201755" lat="19.6151339" lon="-155.9831763"/>
 <node id="2024312383" visible="true" version="1" changeset="13953941" timestamp="2012-11-21T05:17:22Z" user="Defcon50" uid="201755" lat="19.6151766" lon="-155.9830397"/>
 <node id="2024312385" visible="true" version="1" changeset="13953941" timestamp="2012-11-21T05:17:22Z" user="Defcon50" uid="201755" lat="19.6152181" lon="-155.9835106"/>
 <node id="2024312387" visible="true" version="1" changeset="13953941" timestamp="2012-11-21T05:17:22Z" user="Defcon50" uid="201755" lat="19.6152228" lon="-155.9830559"/>
 <node id="2024312391" visible="true" version="1" changeset="13953941" timestamp="2012-11-21T05:17:22Z" user="Defcon50" uid="201755" lat="19.6152633" lon="-155.9829260"/>
 <node id="2037649832" visible="true" version="2" changeset="15393021" timestamp="2013-03-17T09:26:44Z" user="Tom_Holland" uid="574654" lat="19.5972722" lon="-155.9735736"/>
 <node id="2037649835" visible="true" version="2" changeset="15393021" timestamp="2013-03-17T09:26:44Z" user="Tom_Holland" uid="574654" lat="19.5972865" lon="-155.9735195"/>
 <node id="2037649837" visible="true" version="2" changeset="15393021" timestamp="2013-03-17T09:26:44Z" user="Tom_Holland" uid="574654" lat="19.5973422" lon="-155.9734040"/>
 <node id="2037649838" visible="true" version="2" changeset="15393021" timestamp="2013-03-17T09:26:44Z" user="Tom_Holland" uid="574654" lat="19.5974662" lon="-155.9731945"/>
 <node id="2037649839" visible="true" version="2" changeset="15393021" timestamp="2013-03-17T09:26:44Z" user="Tom_Holland" uid="574654" lat="19.5981420" lon="-155.9723778"/>
 <node id="2037649840" visible="true" version="2" changeset="15393021" timestamp="2013-03-17T09:26:44Z" user="Tom_Holland" uid="574654" lat="19.5982535" lon="-155.9721909"/>
 <node id="2037649841" visible="true" version="2" changeset="15393021" timestamp="2013-03-17T09:26:44Z" user="Tom_Holland" uid="574654" lat="19.5983360" lon="-155.9719877"/>
 <node id="2037649842" visible="true" version="2" changeset="15393021" timestamp="2013-03-17T09:26:44Z" user="Tom_Holland" uid="574654" lat="19.5983875" lon="-155.9717733"/>
 <node id="2037649844" visible="true" version="2" changeset="15393021" timestamp="2013-03-17T09:26:44Z" user="Tom_Holland" uid="574654" lat="19.5984482" lon="-155.9712118"/>
 <node id="2037649846" visible="true" version="2" changeset="15393021" timestamp="2013-03-17T09:26:44Z" user="Tom_Holland" uid="574654" lat="19.5984847" lon="-155.9709659"/>
 <node id="2037649848" visible="true" version="2" changeset="15393021" timestamp="2013-03-17T09:26:44Z" user="Tom_Holland" uid="574654" lat="19.5985494" lon="-155.9707618"/>
 <node id="2037650682" visible="true" version="2" changeset="15393021" timestamp="2013-03-17T09:26:44Z" user="Tom_Holland" uid="574654" lat="19.5962345" lon="-155.9729975"/>
 <node id="2037650683" visible="true" version="2" changeset="41746617" timestamp="2016-08-28T01:08:23Z" user="Tom_Holland" uid="574654" lat="19.5962644" lon="-155.9679523"/>
 <node id="2037650684" visible="true" version="2" changeset="41746617" timestamp="2016-08-28T01:08:23Z" user="Tom_Holland" uid="574654" lat="19.5972713" lon="-155.9686001"/>
 <node id="2037650685" visible="true" version="2" changeset="41746617" timestamp="2016-08-28T01:08:23Z" user="Tom_Holland" uid="574654" lat="19.5986727" lon="-155.9597923"/>
 <node id="2037650686" visible="true" version="3" changeset="41746617" timestamp="2016-08-28T01:08:23Z" user="Tom_Holland" uid="574654" lat="19.5986714" lon="-155.9741226"/>
 <node id="2037650687" visible="true" version="2" changeset="15393021" timestamp="2013-03-17T09:26:44Z" user="Tom_Holland" uid="574654" lat="19.6001620" lon="-155.9743991"/>
 <node id="2037650688" visible="true" version="1" changeset="14067707" timestamp="2012-11-28T02:29:01Z" user="Tom_Holland" uid="574654" lat="19.6008998" lon="-155.9724270"/>
 <node id="2037650689" visible="true" version="2" changeset="41746617" timestamp="2016-08-28T01:08:23Z" user="Tom_Holland" uid="574654" lat="19.6011831" lon="-155.9704046"/>
 <node id="2037650691" visible="true" version="2" changeset="41746617" timestamp="2016-08-28T01:08:23Z" user="Tom_Holland" uid="574654" lat="19.6016355" lon="-155.9656936"/>
 <node id="2085117628" visible="true" version="2" changeset="19680354" timestamp="2013-12-28T15:26:49Z" user="bdiscoe" uid="402624" lat="19.6214039" lon="-155.9867967"/>
 <node id="2085117632" visible="true" version="2" changeset="19680354" timestamp="2013-12-28T15:26:49Z" user="bdiscoe" uid="402624" lat="19.6214987" lon="-155.9868060"/>
 <node id="2085117634" visible="true" version="2" changeset="19680354" timestamp="2013-12-28T15:26:49Z" user="bdiscoe" uid="402624" lat="19.6216905" lon="-155.9867622"/>
 <node id="2085117635" visible="true" version="2" changeset="19680354" timestamp="2013-12-28T15:26:49Z" user="bdiscoe" uid="402624" lat="19.6217667" lon="-155.9866845"/>
 <node id="2085117639" visible="true" version="2" changeset="19680354" timestamp="2013-12-28T15:26:49Z" user="bdiscoe" uid="402624" lat="19.6219366" lon="-155.9865978"/>
 <node id="2085117640" visible="true" version="2" changeset="19680354" timestamp="2013-12-28T15:26:49Z" user="bdiscoe" uid="402624" lat="19.6220572" lon="-155.9865697"/>
 <node id="2085117641" visible="true" version="2" changeset="19680354" timestamp="2013-12-28T15:26:49Z" user="bdiscoe" uid="402624" lat="19.6221209" lon="-155.9865438"/>
 <node id="2085973310" visible="true" version="1" changeset="14440649" timestamp="2012-12-28T16:22:03Z" user="Tom_Holland" uid="574654" lat="19.6258926" lon="-155.9879854"/>
 <node id="2085973333" visible="true" version="1" changeset="14440649" timestamp="2012-12-28T16:22:03Z" user="Tom_Holland" uid="574654" lat="19.6260332" lon="-155.9879655"/>
 <node id="2085973351" visible="true" version="1" changeset="14440649" timestamp="2012-12-28T16:22:04Z" user="Tom_Holland" uid="574654" lat="19.6261550" lon="-155.9879108"/>
 <node id="2085973365" visible="true" version="1" changeset="14440649" timestamp="2012-12-28T16:22:04Z" user="Tom_Holland" uid="574654" lat="19.6263190" lon="-155.9879058"/>
 <node id="2085973381" visible="true" version="1" changeset="14440649" timestamp="2012-12-28T16:22:04Z" user="Tom_Holland" uid="574654" lat="19.6265766" lon="-155.9879481"/>
 <node id="2085973389" visible="true" version="1" changeset="14440649" timestamp="2012-12-28T16:22:04Z" user="Tom_Holland" uid="574654" lat="19.6266282" lon="-155.9880227"/>
 <node id="2085973459" visible="true" version="1" changeset="14440649" timestamp="2012-12-28T16:22:05Z" user="Tom_Holland" uid="574654" lat="19.6273496" lon="-155.9881246"/>
 <node id="2085973478" visible="true" version="2" changeset="69775682" timestamp="2019-05-01T17:52:16Z" user="Tom_Holland" uid="574654" lat="19.6276600" lon="-155.9881407"/>
 <node id="2086181672" visible="true" version="3" changeset="69848496" timestamp="2019-05-03T15:20:09Z" user="Tom_Holland" uid="574654" lat="19.6311968" lon="-155.9906244"/>
 <node id="2086344208" visible="true" version="2" changeset="69848496" timestamp="2019-05-03T15:20:09Z" user="Tom_Holland" uid="574654" lat="19.6299109" lon="-155.9895703"/>
 <node id="2163524505" visible="true" version="1" changeset="15096764" timestamp="2013-02-20T08:05:36Z" user="Tom_Holland" uid="574654" lat="19.6124177" lon="-155.9749856"/>
 <node id="2163524506" visible="true" version="1" changeset="15096764" timestamp="2013-02-20T08:05:36Z" user="Tom_Holland" uid="574654" lat="19.6124722" lon="-155.9750099"/>
 <node id="2163524507" visible="true" version="1" changeset="15096764" timestamp="2013-02-20T08:05:36Z" user="Tom_Holland" uid="574654" lat="19.6125350" lon="-155.9750196"/>
 <node id="2163524509" visible="true" version="1" changeset="15096764" timestamp="2013-02-20T08:05:36Z" user="Tom_Holland" uid="574654" lat="19.6126301" lon="-155.9750008"/>
 <node id="2163524510" visible="true" version="1" changeset="15096764" timestamp="2013-02-20T08:05:36Z" user="Tom_Holland" uid="574654" lat="19.6126750" lon="-155.9749755"/>
 <node id="2163524513" visible="true" version="1" changeset="15096764" timestamp="2013-02-20T08:05:37Z" user="Tom_Holland" uid="574654" lat="19.6127330" lon="-155.9764066"/>
 <node id="2163524514" visible="true" version="1" changeset="15096764" timestamp="2013-02-20T08:05:37Z" user="Tom_Holland" uid="574654" lat="19.6127453" lon="-155.9748986"/>
 <node id="2163524516" visible="true" version="1" changeset="15096764" timestamp="2013-02-20T08:05:37Z" user="Tom_Holland" uid="574654" lat="19.6128405" lon="-155.9763931"/>
 <node id="2163524517" visible="true" version="1" changeset="15096764" timestamp="2013-02-20T08:05:37Z" user="Tom_Holland" uid="574654" lat="19.6128894" lon="-155.9763677"/>
 <node id="2163524518" visible="true" version="1" changeset="15096764" timestamp="2013-02-20T08:05:37Z" user="Tom_Holland" uid="574654" lat="19.6129106" lon="-155.9746044"/>
 <node id="2163524519" visible="true" version="1" changeset="15096764" timestamp="2013-02-20T08:05:37Z" user="Tom_Holland" uid="574654" lat="19.6129345" lon="-155.9763280"/>
 <node id="2163524520" visible="true" version="1" changeset="15096764" timestamp="2013-02-20T08:05:37Z" user="Tom_Holland" uid="574654" lat="19.6129400" lon="-155.9745675"/>
 <node id="2163524522" visible="true" version="1" changeset="15096764" timestamp="2013-02-20T08:05:37Z" user="Tom_Holland" uid="574654" lat="19.6129759" lon="-155.9745379"/>
 <node id="2163524524" visible="true" version="1" changeset="15096764" timestamp="2013-02-20T08:05:37Z" user="Tom_Holland" uid="574654" lat="19.6130348" lon="-155.9745106"/>
 <node id="2163524527" visible="true" version="1" changeset="15096764" timestamp="2013-02-20T08:05:37Z" user="Tom_Holland" uid="574654" lat="19.6131364" lon="-155.9745074"/>
 <node id="2163524529" visible="true" version="1" changeset="15096764" timestamp="2013-02-20T08:05:37Z" user="Tom_Holland" uid="574654" lat="19.6132001" lon="-155.9745328"/>
 <node id="2163524530" visible="true" version="1" changeset="15096764" timestamp="2013-02-20T08:05:37Z" user="Tom_Holland" uid="574654" lat="19.6132640" lon="-155.9758088"/>
 <node id="2163524532" visible="true" version="1" changeset="15096764" timestamp="2013-02-20T08:05:37Z" user="Tom_Holland" uid="574654" lat="19.6133147" lon="-155.9757539"/>
 <node id="2163524535" visible="true" version="1" changeset="15096764" timestamp="2013-02-20T08:05:37Z" user="Tom_Holland" uid="574654" lat="19.6134092" lon="-155.9757119"/>
 <node id="2163524537" visible="true" version="1" changeset="15096764" timestamp="2013-02-20T08:05:37Z" user="Tom_Holland" uid="574654" lat="19.6134816" lon="-155.9757120"/>
 <node id="2163524539" visible="true" version="1" changeset="15096764" timestamp="2013-02-20T08:05:37Z" user="Tom_Holland" uid="574654" lat="19.6135467" lon="-155.9757351"/>
 <node id="2163549135" visible="true" version="1" changeset="15097079" timestamp="2013-02-20T08:38:13Z" user="Tom_Holland" uid="574654" lat="19.6205286" lon="-155.9847556"/>
 <node id="2163551176" visible="true" version="2" changeset="69785541" timestamp="2019-05-02T00:58:56Z" user="Tom_Holland" uid="574654" lat="19.6215385" lon="-155.9850615"/>
 <node id="2163558950" visible="true" version="1" changeset="15097190" timestamp="2013-02-20T08:48:18Z" user="Tom_Holland" uid="574654" lat="19.6148234" lon="-155.9757013"/>
 <node id="2163558951" visible="true" version="1" changeset="15097190" timestamp="2013-02-20T08:48:18Z" user="Tom_Holland" uid="574654" lat="19.6149212" lon="-155.9762446"/>
 <node id="2163558952" visible="true" version="2" changeset="20423228" timestamp="2014-02-07T02:42:49Z" user="bdiscoe" uid="402624" lat="19.6157938" lon="-155.9759999"/>
 <node id="2163558953" visible="true" version="1" changeset="15097190" timestamp="2013-02-20T08:48:18Z" user="Tom_Holland" uid="574654" lat="19.6162236" lon="-155.9774960"/>
 <node id="2163558954" visible="true" version="1" changeset="15097190" timestamp="2013-02-20T08:48:18Z" user="Tom_Holland" uid="574654" lat="19.6162638" lon="-155.9781369"/>
 <node id="2163558955" visible="true" version="1" changeset="15097190" timestamp="2013-02-20T08:48:18Z" user="Tom_Holland" uid="574654" lat="19.6162811" lon="-155.9785642"/>
 <node id="2163558956" visible="true" version="1" changeset="15097190" timestamp="2013-02-20T08:48:18Z" user="Tom_Holland" uid="574654" lat="19.6163098" lon="-155.9787565"/>
 <node id="2163558957" visible="true" version="1" changeset="15097190" timestamp="2013-02-20T08:48:18Z" user="Tom_Holland" uid="574654" lat="19.6163616" lon="-155.9789152"/>
 <node id="2163558958" visible="true" version="1" changeset="15097190" timestamp="2013-02-20T08:48:18Z" user="Tom_Holland" uid="574654" lat="19.6164219" lon="-155.9790587"/>
 <node id="2163558959" visible="true" version="1" changeset="15097190" timestamp="2013-02-20T08:48:18Z" user="Tom_Holland" uid="574654" lat="19.6165341" lon="-155.9792204"/>
 <node id="2163558960" visible="true" version="1" changeset="15097190" timestamp="2013-02-20T08:48:18Z" user="Tom_Holland" uid="574654" lat="19.6166548" lon="-155.9793425"/>
 <node id="2163558961" visible="true" version="2" changeset="20423228" timestamp="2014-02-07T02:42:49Z" user="bdiscoe" uid="402624" lat="19.6168195" lon="-155.9794785"/>
 <node id="2163558962" visible="true" version="2" changeset="20423228" timestamp="2014-02-07T02:42:49Z" user="bdiscoe" uid="402624" lat="19.6169000" lon="-155.9795365"/>
 <node id="2163558963" visible="true" version="1" changeset="15097190" timestamp="2013-02-20T08:48:18Z" user="Tom_Holland" uid="574654" lat="19.6171953" lon="-155.9723134"/>
 <node id="2163558964" visible="true" version="1" changeset="15097190" timestamp="2013-02-20T08:48:18Z" user="Tom_Holland" uid="574654" lat="19.6184862" lon="-155.9752221"/>
 <node id="2163558965" visible="true" version="1" changeset="15097190" timestamp="2013-02-20T08:48:18Z" user="Tom_Holland" uid="574654" lat="19.6186299" lon="-155.9754968"/>
 <node id="2163558966" visible="true" version="1" changeset="15097190" timestamp="2013-02-20T08:48:18Z" user="Tom_Holland" uid="574654" lat="19.6187593" lon="-155.9809632"/>
 <node id="2163558967" visible="true" version="1" changeset="15097190" timestamp="2013-02-20T08:48:18Z" user="Tom_Holland" uid="574654" lat="19.6188226" lon="-155.9757562"/>
 <node id="2163558968" visible="true" version="2" changeset="20423228" timestamp="2014-02-07T02:42:49Z" user="bdiscoe" uid="402624" lat="19.6190045" lon="-155.9803331"/>
 <node id="2163558969" visible="true" version="1" changeset="15097190" timestamp="2013-02-20T08:48:18Z" user="Tom_Holland" uid="574654" lat="19.6189864" lon="-155.9759668"/>
 <node id="2163558970" visible="true" version="1" changeset="15097190" timestamp="2013-02-20T08:48:18Z" user="Tom_Holland" uid="574654" lat="19.6193602" lon="-155.9763758"/>
 <node id="2163558971" visible="true" version="1" changeset="15097190" timestamp="2013-02-20T08:48:18Z" user="Tom_Holland" uid="574654" lat="19.6199726" lon="-155.9766749"/>
 <node id="2163558972" visible="true" version="1" changeset="15097190" timestamp="2013-02-20T08:48:18Z" user="Tom_Holland" uid="574654" lat="19.6201134" lon="-155.9814241"/>
 <node id="2163558974" visible="true" version="1" changeset="15097190" timestamp="2013-02-20T08:48:18Z" user="Tom_Holland" uid="574654" lat="19.6205993" lon="-155.9769130"/>
 <node id="2163558979" visible="true" version="1" changeset="15097190" timestamp="2013-02-20T08:48:18Z" user="Tom_Holland" uid="574654" lat="19.6216659" lon="-155.9771480"/>
 <node id="2164612896" visible="true" version="2" changeset="15390486" timestamp="2013-03-17T00:12:58Z" user="Tom_Holland" uid="574654" lat="19.6093223" lon="-155.9751482"/>
 <node id="2164612897" visible="true" version="2" changeset="15390486" timestamp="2013-03-17T00:12:58Z" user="Tom_Holland" uid="574654" lat="19.6093526" lon="-155.9751570"/>
 <node id="2164612898" visible="true" version="2" changeset="15390486" timestamp="2013-03-17T00:12:58Z" user="Tom_Holland" uid="574654" lat="19.6093857" lon="-155.9751544"/>
 <node id="2164612899" visible="true" version="2" changeset="15390486" timestamp="2013-03-17T00:12:58Z" user="Tom_Holland" uid="574654" lat="19.6093889" lon="-155.9751535"/>
 <node id="2164612900" visible="true" version="2" changeset="15390486" timestamp="2013-03-17T00:12:58Z" user="Tom_Holland" uid="574654" lat="19.6094186" lon="-155.9751380"/>
 <node id="2164612901" visible="true" version="2" changeset="15390486" timestamp="2013-03-17T00:12:58Z" user="Tom_Holland" uid="574654" lat="19.6094416" lon="-155.9751127"/>
 <node id="2164612902" visible="true" version="2" changeset="15390486" timestamp="2013-03-17T00:12:58Z" user="Tom_Holland" uid="574654" lat="19.6101654" lon="-155.9755789"/>
 <node id="2164612903" visible="true" version="2" changeset="15390486" timestamp="2013-03-17T00:12:58Z" user="Tom_Holland" uid="574654" lat="19.6101681" lon="-155.9756207"/>
 <node id="2164612904" visible="true" version="2" changeset="15390486" timestamp="2013-03-17T00:12:58Z" user="Tom_Holland" uid="574654" lat="19.6101688" lon="-155.9755372"/>
 <node id="2164612905" visible="true" version="2" changeset="15390486" timestamp="2013-03-17T00:12:58Z" user="Tom_Holland" uid="574654" lat="19.6101769" lon="-155.9756615"/>
 <node id="2164612906" visible="true" version="2" changeset="15390486" timestamp="2013-03-17T00:12:58Z" user="Tom_Holland" uid="574654" lat="19.6101784" lon="-155.9754966"/>
 <node id="2164612907" visible="true" version="2" changeset="15390486" timestamp="2013-03-17T00:12:58Z" user="Tom_Holland" uid="574654" lat="19.6101916" lon="-155.9757003"/>
 <node id="2164612908" visible="true" version="2" changeset="15390486" timestamp="2013-03-17T00:12:58Z" user="Tom_Holland" uid="574654" lat="19.6101938" lon="-155.9754581"/>
 <node id="2164612909" visible="true" version="2" changeset="15390486" timestamp="2013-03-17T00:12:58Z" user="Tom_Holland" uid="574654" lat="19.6102119" lon="-155.9757362"/>
 <node id="2164612910" visible="true" version="2" changeset="15390486" timestamp="2013-03-17T00:12:58Z" user="Tom_Holland" uid="574654" lat="19.6108323" lon="-155.9728914"/>
 <node id="2164612911" visible="true" version="2" changeset="15390486" timestamp="2013-03-17T00:12:58Z" user="Tom_Holland" uid="574654" lat="19.6109099" lon="-155.9727602"/>
 <node id="2164612913" visible="true" version="2" changeset="15390486" timestamp="2013-03-17T00:12:58Z" user="Tom_Holland" uid="574654" lat="19.6109683" lon="-155.9726173"/>
 <node id="2164612914" visible="true" version="2" changeset="15390486" timestamp="2013-03-17T00:12:58Z" user="Tom_Holland" uid="574654" lat="19.6118353" lon="-155.9728159"/>
 <node id="2164612915" visible="true" version="2" changeset="15390486" timestamp="2013-03-17T00:12:58Z" user="Tom_Holland" uid="574654" lat="19.6118851" lon="-155.9727913"/>
 <node id="2164612916" visible="true" version="3" changeset="20423228" timestamp="2014-02-07T02:42:49Z" user="bdiscoe" uid="402624" lat="19.6119714" lon="-155.9742491"/>
 <node id="2164612917" visible="true" version="2" changeset="15390486" timestamp="2013-03-17T00:12:58Z" user="Tom_Holland" uid="574654" lat="19.6119303" lon="-155.9727800"/>
 <node id="2164612918" visible="true" version="2" changeset="15390486" timestamp="2013-03-17T00:12:59Z" user="Tom_Holland" uid="574654" lat="19.6119767" lon="-155.9727780"/>
 <node id="2164612919" visible="true" version="2" changeset="15390486" timestamp="2013-03-17T00:12:59Z" user="Tom_Holland" uid="574654" lat="19.6120226" lon="-155.9727854"/>
 <node id="2164612921" visible="true" version="2" changeset="20423228" timestamp="2014-02-07T02:42:49Z" user="bdiscoe" uid="402624" lat="19.6126513" lon="-155.9721115"/>
 <node id="2164612922" visible="true" version="2" changeset="20423228" timestamp="2014-02-07T02:42:49Z" user="bdiscoe" uid="402624" lat="19.6126975" lon="-155.9720700"/>
 <node id="2164612923" visible="true" version="2" changeset="20423228" timestamp="2014-02-07T02:42:49Z" user="bdiscoe" uid="402624" lat="19.6127332" lon="-155.9720284"/>
 <node id="2164612924" visible="true" version="2" changeset="20423228" timestamp="2014-02-07T02:42:49Z" user="bdiscoe" uid="402624" lat="19.6127679" lon="-155.9719758"/>
 <node id="2164612925" visible="true" version="1" changeset="15106325" timestamp="2013-02-20T23:05:27Z" user="Tom_Holland" uid="574654" lat="19.6128985" lon="-155.9775036"/>
 <node id="2164612927" visible="true" version="1" changeset="15106325" timestamp="2013-02-20T23:05:27Z" user="Tom_Holland" uid="574654" lat="19.6129654" lon="-155.9775250"/>
 <node id="2164612929" visible="true" version="1" changeset="15106325" timestamp="2013-02-20T23:05:27Z" user="Tom_Holland" uid="574654" lat="19.6130350" lon="-155.9775185"/>
 <node id="2164612931" visible="true" version="1" changeset="15106325" timestamp="2013-02-20T23:05:27Z" user="Tom_Holland" uid="574654" lat="19.6130974" lon="-155.9774851"/>
 <node id="2164612933" visible="true" version="1" changeset="15106325" timestamp="2013-02-20T23:05:28Z" user="Tom_Holland" uid="574654" lat="19.6132593" lon="-155.9782584"/>
 <node id="2164612934" visible="true" version="1" changeset="15106325" timestamp="2013-02-20T23:05:28Z" user="Tom_Holland" uid="574654" lat="19.6134253" lon="-155.9811964"/>
 <node id="2164612935" visible="true" version="1" changeset="15106325" timestamp="2013-02-20T23:05:28Z" user="Tom_Holland" uid="574654" lat="19.6139275" lon="-155.9801842"/>
 <node id="2164612936" visible="true" version="1" changeset="15106325" timestamp="2013-02-20T23:05:28Z" user="Tom_Holland" uid="574654" lat="19.6140230" lon="-155.9816280"/>
 <node id="2164612937" visible="true" version="1" changeset="15106325" timestamp="2013-02-20T23:05:28Z" user="Tom_Holland" uid="574654" lat="19.6142368" lon="-155.9765126"/>
 <node id="2164612938" visible="true" version="1" changeset="15106325" timestamp="2013-02-20T23:05:28Z" user="Tom_Holland" uid="574654" lat="19.6143173" lon="-155.9789482"/>
 <node id="2164612939" visible="true" version="1" changeset="15106325" timestamp="2013-02-20T23:05:28Z" user="Tom_Holland" uid="574654" lat="19.6146085" lon="-155.9805057"/>
 <node id="2164612940" visible="true" version="1" changeset="15106325" timestamp="2013-02-20T23:05:28Z" user="Tom_Holland" uid="574654" lat="19.6148049" lon="-155.9746334"/>
 <node id="2164612941" visible="true" version="1" changeset="15106325" timestamp="2013-02-20T23:05:28Z" user="Tom_Holland" uid="574654" lat="19.6148244" lon="-155.9746594"/>
 <node id="2164612942" visible="true" version="1" changeset="15106325" timestamp="2013-02-20T23:05:28Z" user="Tom_Holland" uid="574654" lat="19.6148320" lon="-155.9748591"/>
 <node id="2164612943" visible="true" version="1" changeset="15106325" timestamp="2013-02-20T23:05:28Z" user="Tom_Holland" uid="574654" lat="19.6148394" lon="-155.9746887"/>
 <node id="2164612944" visible="true" version="1" changeset="15106325" timestamp="2013-02-20T23:05:28Z" user="Tom_Holland" uid="574654" lat="19.6148448" lon="-155.9748286"/>
 <node id="2164612945" visible="true" version="1" changeset="15106325" timestamp="2013-02-20T23:05:28Z" user="Tom_Holland" uid="574654" lat="19.6148502" lon="-155.9747235"/>
 <node id="2164612946" visible="true" version="1" changeset="15106325" timestamp="2013-02-20T23:05:28Z" user="Tom_Holland" uid="574654" lat="19.6148529" lon="-155.9747930"/>
 <node id="2164612947" visible="true" version="1" changeset="15106325" timestamp="2013-02-20T23:05:28Z" user="Tom_Holland" uid="574654" lat="19.6148544" lon="-155.9747565"/>
 <node id="2164612948" visible="true" version="1" changeset="15106325" timestamp="2013-02-20T23:05:28Z" user="Tom_Holland" uid="574654" lat="19.6152949" lon="-155.9771749"/>
 <node id="2206036453" visible="true" version="1" changeset="15390548" timestamp="2013-03-17T00:22:21Z" user="Tom_Holland" uid="574654" lat="19.6024482" lon="-155.9616746"/>
 <node id="2206036454" visible="true" version="1" changeset="15390548" timestamp="2013-03-17T00:22:21Z" user="Tom_Holland" uid="574654" lat="19.6043695" lon="-155.9626305"/>
 <node id="2206036455" visible="true" version="1" changeset="15390548" timestamp="2013-03-17T00:22:21Z" user="Tom_Holland" uid="574654" lat="19.6048639" lon="-155.9693884"/>
 <node id="2206036456" visible="true" version="1" changeset="15390548" timestamp="2013-03-17T00:22:21Z" user="Tom_Holland" uid="574654" lat="19.6054213" lon="-155.9667929"/>
 <node id="2206036457" visible="true" version="1" changeset="15390548" timestamp="2013-03-17T00:22:21Z" user="Tom_Holland" uid="574654" lat="19.6060970" lon="-155.9634748"/>
 <node id="2206036458" visible="true" version="1" changeset="15390548" timestamp="2013-03-17T00:22:21Z" user="Tom_Holland" uid="574654" lat="19.6067734" lon="-155.9699595"/>
 <node id="2206036459" visible="true" version="1" changeset="15390548" timestamp="2013-03-17T00:22:21Z" user="Tom_Holland" uid="574654" lat="19.6078992" lon="-155.9746912"/>
 <node id="2206036460" visible="true" version="1" changeset="15390548" timestamp="2013-03-17T00:22:21Z" user="Tom_Holland" uid="574654" lat="19.6085988" lon="-155.9705842"/>
 <node id="2206036461" visible="true" version="1" changeset="15390548" timestamp="2013-03-17T00:22:21Z" user="Tom_Holland" uid="574654" lat="19.6090788" lon="-155.9708776"/>
 <node id="2206036462" visible="true" version="2" changeset="20423228" timestamp="2014-02-07T02:42:49Z" user="bdiscoe" uid="402624" lat="19.6097628" lon="-155.9785600"/>
 <node id="2206036463" visible="true" version="1" changeset="15390548" timestamp="2013-03-17T00:22:21Z" user="Tom_Holland" uid="574654" lat="19.6097865" lon="-155.9713432"/>
 <node id="2206036464" visible="true" version="2" changeset="20423228" timestamp="2014-02-07T02:42:49Z" user="bdiscoe" uid="402624" lat="19.6108789" lon="-155.9766558"/>
 <node id="2206036465" visible="true" version="2" changeset="20423228" timestamp="2014-02-07T02:42:49Z" user="bdiscoe" uid="402624" lat="19.6119741" lon="-155.9801743"/>
 <node id="2206036466" visible="true" version="1" changeset="15390548" timestamp="2013-03-17T00:22:22Z" user="Tom_Holland" uid="574654" lat="19.6121551" lon="-155.9666137"/>
 <node id="2206036467" visible="true" version="1" changeset="15390548" timestamp="2013-03-17T00:22:22Z" user="Tom_Holland" uid="574654" lat="19.6126426" lon="-155.9668706"/>
 <node id="2206036468" visible="true" version="1" changeset="15390548" timestamp="2013-03-17T00:22:22Z" user="Tom_Holland" uid="574654" lat="19.6131787" lon="-155.9781888"/>
 <node id="2206036469" visible="true" version="1" changeset="15390548" timestamp="2013-03-17T00:22:22Z" user="Tom_Holland" uid="574654" lat="19.6132719" lon="-155.9707137"/>
 <node id="2206036470" visible="true" version="1" changeset="15390548" timestamp="2013-03-17T00:22:22Z" user="Tom_Holland" uid="574654" lat="19.6134828" lon="-155.9711946"/>
 <node id="2206036471" visible="true" version="1" changeset="15390548" timestamp="2013-03-17T00:22:22Z" user="Tom_Holland" uid="574654" lat="19.6136626" lon="-155.9713634"/>
 <node id="2206036472" visible="true" version="1" changeset="15390548" timestamp="2013-03-17T00:22:22Z" user="Tom_Holland" uid="574654" lat="19.6139600" lon="-155.9679718"/>
 <node id="2206036473" visible="true" version="2" changeset="20423228" timestamp="2014-02-07T02:42:49Z" user="bdiscoe" uid="402624" lat="19.6141832" lon="-155.9717454"/>
 <node id="2206036474" visible="true" version="1" changeset="15390548" timestamp="2013-03-17T00:22:22Z" user="Tom_Holland" uid="574654" lat="19.6143126" lon="-155.9715653"/>
 <node id="2206036475" visible="true" version="1" changeset="15390548" timestamp="2013-03-17T00:22:22Z" user="Tom_Holland" uid="574654" lat="19.6143507" lon="-155.9701044"/>
 <node id="2206036476" visible="true" version="1" changeset="15390548" timestamp="2013-03-17T00:22:22Z" user="Tom_Holland" uid="574654" lat="19.6144302" lon="-155.9683829"/>
 <node id="2206036477" visible="true" version="1" changeset="15390548" timestamp="2013-03-17T00:22:22Z" user="Tom_Holland" uid="574654" lat="19.6148416" lon="-155.9719250"/>
 <node id="2206036478" visible="true" version="1" changeset="15390548" timestamp="2013-03-17T00:22:22Z" user="Tom_Holland" uid="574654" lat="19.6148854" lon="-155.9688717"/>
 <node id="2206036479" visible="true" version="1" changeset="15390548" timestamp="2013-03-17T00:22:22Z" user="Tom_Holland" uid="574654" lat="19.6154502" lon="-155.9709560"/>
 <node id="2206036480" visible="true" version="1" changeset="15390548" timestamp="2013-03-17T00:22:22Z" user="Tom_Holland" uid="574654" lat="19.6163257" lon="-155.9708315"/>
 <node id="2206383968" visible="true" version="1" changeset="15392933" timestamp="2013-03-17T09:18:52Z" user="Tom_Holland" uid="574654" lat="19.5921856" lon="-155.9709903"/>
 <node id="2206383974" visible="true" version="1" changeset="15392933" timestamp="2013-03-17T09:18:52Z" user="Tom_Holland" uid="574654" lat="19.5923469" lon="-155.9709690"/>
 <node id="2206383985" visible="true" version="1" changeset="15392933" timestamp="2013-03-17T09:18:52Z" user="Tom_Holland" uid="574654" lat="19.5925632" lon="-155.9709543"/>
 <node id="2206383989" visible="true" version="1" changeset="15392933" timestamp="2013-03-17T09:18:52Z" user="Tom_Holland" uid="574654" lat="19.5926716" lon="-155.9709529"/>
 <node id="2206384005" visible="true" version="1" changeset="15392933" timestamp="2013-03-17T09:18:52Z" user="Tom_Holland" uid="574654" lat="19.5928341" lon="-155.9709582"/>
 <node id="2206384023" visible="true" version="1" changeset="15392933" timestamp="2013-03-17T09:18:53Z" user="Tom_Holland" uid="574654" lat="19.5930500" lon="-155.9709790"/>
 <node id="2206384032" visible="true" version="1" changeset="15392933" timestamp="2013-03-17T09:18:53Z" user="Tom_Holland" uid="574654" lat="19.5931573" lon="-155.9709954"/>
 <node id="2206384040" visible="true" version="1" changeset="15392933" timestamp="2013-03-17T09:18:53Z" user="Tom_Holland" uid="574654" lat="19.5933170" lon="-155.9710272"/>
 <node id="2206384052" visible="true" version="1" changeset="15392933" timestamp="2013-03-17T09:18:53Z" user="Tom_Holland" uid="574654" lat="19.5935273" lon="-155.9710831"/>
 <node id="2206384064" visible="true" version="2" changeset="35619563" timestamp="2015-11-27T22:21:34Z" user="Vlad" uid="24247" lat="19.5936958" lon="-155.9711403"/>
 <node id="2206384082" visible="true" version="2" changeset="35619563" timestamp="2015-11-27T22:21:34Z" user="Vlad" uid="24247" lat="19.5937080" lon="-155.9710869"/>
 <node id="2206384089" visible="true" version="1" changeset="15392933" timestamp="2013-03-17T09:18:54Z" user="Tom_Holland" uid="574654" lat="19.5937842" lon="-155.9711743"/>
 <node id="2206384106" visible="true" version="1" changeset="15392933" timestamp="2013-03-17T09:18:54Z" user="Tom_Holland" uid="574654" lat="19.5938847" lon="-155.9712173"/>
 <node id="2206384112" visible="true" version="1" changeset="15392933" timestamp="2013-03-17T09:18:54Z" user="Tom_Holland" uid="574654" lat="19.5940328" lon="-155.9712886"/>
 <node id="2206384119" visible="true" version="1" changeset="15392933" timestamp="2013-03-17T09:18:54Z" user="Tom_Holland" uid="574654" lat="19.5941295" lon="-155.9713406"/>
 <node id="2206384128" visible="true" version="1" changeset="15392933" timestamp="2013-03-17T09:18:54Z" user="Tom_Holland" uid="574654" lat="19.5942712" lon="-155.9714252"/>
 <node id="2206384141" visible="true" version="1" changeset="15392933" timestamp="2013-03-17T09:18:55Z" user="Tom_Holland" uid="574654" lat="19.5944086" lon="-155.9715174"/>
 <node id="2206384142" visible="true" version="1" changeset="15392933" timestamp="2013-03-17T09:18:55Z" user="Tom_Holland" uid="574654" lat="19.5944218" lon="-155.9676898"/>
 <node id="2206384148" visible="true" version="1" changeset="15392933" timestamp="2013-03-17T09:18:55Z" user="Tom_Holland" uid="574654" lat="19.5945363" lon="-155.9677004"/>
 <node id="2206384152" visible="true" version="1" changeset="15392933" timestamp="2013-03-17T09:18:55Z" user="Tom_Holland" uid="574654" lat="19.5946158" lon="-155.9677004"/>
 <node id="2206384159" visible="true" version="1" changeset="15392933" timestamp="2013-03-17T09:18:55Z" user="Tom_Holland" uid="574654" lat="19.5947603" lon="-155.9676889"/>
 <node id="2206384162" visible="true" version="1" changeset="15392933" timestamp="2013-03-17T09:18:55Z" user="Tom_Holland" uid="574654" lat="19.5948254" lon="-155.9676544"/>
 <node id="2206384164" visible="true" version="1" changeset="15392933" timestamp="2013-03-17T09:18:55Z" user="Tom_Holland" uid="574654" lat="19.5949013" lon="-155.9676544"/>
 <node id="2206384169" visible="true" version="1" changeset="15392933" timestamp="2013-03-17T09:18:55Z" user="Tom_Holland" uid="574654" lat="19.5949736" lon="-155.9676735"/>
 <node id="2206384175" visible="true" version="1" changeset="15392933" timestamp="2013-03-17T09:18:55Z" user="Tom_Holland" uid="574654" lat="19.5950278" lon="-155.9670866"/>
 <node id="2206384176" visible="true" version="1" changeset="15392933" timestamp="2013-03-17T09:18:55Z" user="Tom_Holland" uid="574654" lat="19.5950314" lon="-155.9671441"/>
 <node id="2206384177" visible="true" version="1" changeset="15392933" timestamp="2013-03-17T09:18:55Z" user="Tom_Holland" uid="574654" lat="19.5950314" lon="-155.9673206"/>
 <node id="2206384180" visible="true" version="1" changeset="15392933" timestamp="2013-03-17T09:18:55Z" user="Tom_Holland" uid="574654" lat="19.5950386" lon="-155.9674050"/>
 <node id="2206384181" visible="true" version="1" changeset="15392933" timestamp="2013-03-17T09:18:55Z" user="Tom_Holland" uid="574654" lat="19.5950422" lon="-155.9670060"/>
 <node id="2206384182" visible="true" version="1" changeset="15392933" timestamp="2013-03-17T09:18:55Z" user="Tom_Holland" uid="574654" lat="19.5950422" lon="-155.9676620"/>
 <node id="2206384184" visible="true" version="1" changeset="15392933" timestamp="2013-03-17T09:18:55Z" user="Tom_Holland" uid="574654" lat="19.5950531" lon="-155.9660201"/>
 <node id="2206384185" visible="true" version="1" changeset="15392933" timestamp="2013-03-17T09:18:55Z" user="Tom_Holland" uid="574654" lat="19.5950531" lon="-155.9668487"/>
 <node id="2206384186" visible="true" version="1" changeset="15392933" timestamp="2013-03-17T09:18:56Z" user="Tom_Holland" uid="574654" lat="19.5950711" lon="-155.9657593"/>
 <node id="2206384187" visible="true" version="1" changeset="15392933" timestamp="2013-03-17T09:18:56Z" user="Tom_Holland" uid="574654" lat="19.5950784" lon="-155.9655866"/>
 <node id="2206384188" visible="true" version="1" changeset="15392933" timestamp="2013-03-17T09:18:56Z" user="Tom_Holland" uid="574654" lat="19.5951000" lon="-155.9653449"/>
 <node id="2206384189" visible="true" version="1" changeset="15392933" timestamp="2013-03-17T09:18:56Z" user="Tom_Holland" uid="574654" lat="19.5951579" lon="-155.9649383"/>
 <node id="2206384192" visible="true" version="1" changeset="15392933" timestamp="2013-03-17T09:18:56Z" user="Tom_Holland" uid="574654" lat="19.5951759" lon="-155.9648501"/>
 <node id="2206384194" visible="true" version="1" changeset="15392933" timestamp="2013-03-17T09:18:56Z" user="Tom_Holland" uid="574654" lat="19.5951832" lon="-155.9647733"/>
 <node id="2206384195" visible="true" version="1" changeset="15392933" timestamp="2013-03-17T09:18:56Z" user="Tom_Holland" uid="574654" lat="19.5952012" lon="-155.9646928"/>
 <node id="2206384196" visible="true" version="1" changeset="15392933" timestamp="2013-03-17T09:18:56Z" user="Tom_Holland" uid="574654" lat="19.5952591" lon="-155.9643629"/>
 <node id="2206384197" visible="true" version="1" changeset="15392933" timestamp="2013-03-17T09:18:56Z" user="Tom_Holland" uid="574654" lat="19.5952771" lon="-155.9642823"/>
 <node id="2206384198" visible="true" version="1" changeset="15392933" timestamp="2013-03-17T09:18:56Z" user="Tom_Holland" uid="574654" lat="19.5952988" lon="-155.9641212"/>
 <node id="2206384199" visible="true" version="1" changeset="15392933" timestamp="2013-03-17T09:18:56Z" user="Tom_Holland" uid="574654" lat="19.5953133" lon="-155.9640406"/>
 <node id="2206384200" visible="true" version="1" changeset="15392933" timestamp="2013-03-17T09:18:56Z" user="Tom_Holland" uid="574654" lat="19.5953277" lon="-155.9639639"/>
 <node id="2206384201" visible="true" version="1" changeset="15392933" timestamp="2013-03-17T09:18:56Z" user="Tom_Holland" uid="574654" lat="19.5953494" lon="-155.9638795"/>
 <node id="2206384202" visible="true" version="1" changeset="15392933" timestamp="2013-03-17T09:18:56Z" user="Tom_Holland" uid="574654" lat="19.5953530" lon="-155.9638028"/>
 <node id="2206384203" visible="true" version="1" changeset="15392933" timestamp="2013-03-17T09:18:56Z" user="Tom_Holland" uid="574654" lat="19.5953675" lon="-155.9637222"/>
 <node id="2206384204" visible="true" version="1" changeset="15392933" timestamp="2013-03-17T09:18:56Z" user="Tom_Holland" uid="574654" lat="19.5953964" lon="-155.9636378"/>
 <node id="2206384205" visible="true" version="1" changeset="15392933" timestamp="2013-03-17T09:18:56Z" user="Tom_Holland" uid="574654" lat="19.5954253" lon="-155.9634805"/>
 <node id="2206384206" visible="true" version="1" changeset="15392933" timestamp="2013-03-17T09:18:56Z" user="Tom_Holland" uid="574654" lat="19.5954434" lon="-155.9633117"/>
 <node id="2206384207" visible="true" version="1" changeset="15392933" timestamp="2013-03-17T09:18:56Z" user="Tom_Holland" uid="574654" lat="19.5954795" lon="-155.9631429"/>
 <node id="2206384208" visible="true" version="1" changeset="15392933" timestamp="2013-03-17T09:18:56Z" user="Tom_Holland" uid="574654" lat="19.5955048" lon="-155.9629780"/>
 <node id="2206384209" visible="true" version="1" changeset="15392933" timestamp="2013-03-17T09:18:56Z" user="Tom_Holland" uid="574654" lat="19.5955301" lon="-155.9628936"/>
 <node id="2206384210" visible="true" version="1" changeset="15392933" timestamp="2013-03-17T09:18:56Z" user="Tom_Holland" uid="574654" lat="19.5955699" lon="-155.9627248"/>
 <node id="2206384211" visible="true" version="1" changeset="15392933" timestamp="2013-03-17T09:18:56Z" user="Tom_Holland" uid="574654" lat="19.5956096" lon="-155.9624793"/>
 <node id="2206384214" visible="true" version="1" changeset="15392933" timestamp="2013-03-17T09:18:56Z" user="Tom_Holland" uid="574654" lat="19.5957108" lon="-155.9619921"/>
 <node id="2206384215" visible="true" version="1" changeset="15392933" timestamp="2013-03-17T09:18:56Z" user="Tom_Holland" uid="574654" lat="19.5957361" lon="-155.9619153"/>
 <node id="2206384216" visible="true" version="1" changeset="15392933" timestamp="2013-03-17T09:18:56Z" user="Tom_Holland" uid="574654" lat="19.5958012" lon="-155.9616621"/>
 <node id="2206384217" visible="true" version="1" changeset="15392933" timestamp="2013-03-17T09:18:56Z" user="Tom_Holland" uid="574654" lat="19.5958518" lon="-155.9614205"/>
 <node id="2206384218" visible="true" version="1" changeset="15392933" timestamp="2013-03-17T09:18:56Z" user="Tom_Holland" uid="574654" lat="19.5958590" lon="-155.9613399"/>
 <node id="2206384220" visible="true" version="1" changeset="15392933" timestamp="2013-03-17T09:18:56Z" user="Tom_Holland" uid="574654" lat="19.5958626" lon="-155.9611826"/>
 <node id="2206384221" visible="true" version="1" changeset="15392933" timestamp="2013-03-17T09:18:56Z" user="Tom_Holland" uid="574654" lat="19.5958807" lon="-155.9610253"/>
 <node id="2206384222" visible="true" version="1" changeset="15392933" timestamp="2013-03-17T09:18:56Z" user="Tom_Holland" uid="574654" lat="19.5959024" lon="-155.9609409"/>
 <node id="2206384223" visible="true" version="1" changeset="15392933" timestamp="2013-03-17T09:18:56Z" user="Tom_Holland" uid="574654" lat="19.5959313" lon="-155.9608680"/>
 <node id="2206384224" visible="true" version="1" changeset="15392933" timestamp="2013-03-17T09:18:56Z" user="Tom_Holland" uid="574654" lat="19.5959530" lon="-155.9607875"/>
 <node id="2206384225" visible="true" version="1" changeset="15392933" timestamp="2013-03-17T09:18:56Z" user="Tom_Holland" uid="574654" lat="19.5959783" lon="-155.9607146"/>
 <node id="2206384226" visible="true" version="1" changeset="15392933" timestamp="2013-03-17T09:18:56Z" user="Tom_Holland" uid="574654" lat="19.5960108" lon="-155.9605496"/>
 <node id="2206384231" visible="true" version="1" changeset="15392933" timestamp="2013-03-17T09:18:56Z" user="Tom_Holland" uid="574654" lat="19.5960505" lon="-155.9603923"/>
 <node id="2206384233" visible="true" version="1" changeset="15392933" timestamp="2013-03-17T09:18:56Z" user="Tom_Holland" uid="574654" lat="19.5960614" lon="-155.9603118"/>
 <node id="2206384234" visible="true" version="1" changeset="15392933" timestamp="2013-03-17T09:18:56Z" user="Tom_Holland" uid="574654" lat="19.5961156" lon="-155.9601583"/>
 <node id="2206384236" visible="true" version="1" changeset="15392933" timestamp="2013-03-17T09:18:56Z" user="Tom_Holland" uid="574654" lat="19.5961662" lon="-155.9600011"/>
 <node id="2206384241" visible="true" version="1" changeset="15392933" timestamp="2013-03-17T09:18:56Z" user="Tom_Holland" uid="574654" lat="19.5962710" lon="-155.9594832"/>
 <node id="2206384243" visible="true" version="1" changeset="15392933" timestamp="2013-03-17T09:18:56Z" user="Tom_Holland" uid="574654" lat="19.5963071" lon="-155.9593259"/>
 <node id="2206384244" visible="true" version="1" changeset="15392933" timestamp="2013-03-17T09:18:56Z" user="Tom_Holland" uid="574654" lat="19.5963324" lon="-155.9592491"/>
 <node id="2206384246" visible="true" version="1" changeset="15392933" timestamp="2013-03-17T09:18:56Z" user="Tom_Holland" uid="574654" lat="19.5963541" lon="-155.9591686"/>
 <node id="2206384248" visible="true" version="1" changeset="15392933" timestamp="2013-03-17T09:18:56Z" user="Tom_Holland" uid="574654" lat="19.5964156" lon="-155.9590113"/>
 <node id="2206384251" visible="true" version="1" changeset="15392933" timestamp="2013-03-17T09:18:56Z" user="Tom_Holland" uid="574654" lat="19.5964517" lon="-155.9589384"/>
 <node id="2206384253" visible="true" version="1" changeset="15392933" timestamp="2013-03-17T09:18:57Z" user="Tom_Holland" uid="574654" lat="19.5964770" lon="-155.9588617"/>
 <node id="2206384255" visible="true" version="1" changeset="15392933" timestamp="2013-03-17T09:18:57Z" user="Tom_Holland" uid="574654" lat="19.5965249" lon="-155.9586148"/>
 <node id="2206391169" visible="true" version="1" changeset="15393021" timestamp="2013-03-17T09:26:43Z" user="Tom_Holland" uid="574654" lat="19.5963052" lon="-155.9730879"/>
 <node id="2206391170" visible="true" version="1" changeset="15393021" timestamp="2013-03-17T09:26:43Z" user="Tom_Holland" uid="574654" lat="19.5966539" lon="-155.9732256"/>
 <node id="2206391171" visible="true" version="1" changeset="15393021" timestamp="2013-03-17T09:26:43Z" user="Tom_Holland" uid="574654" lat="19.5972315" lon="-155.9735104"/>
 <node id="2206391172" visible="true" version="1" changeset="15393021" timestamp="2013-03-17T09:26:43Z" user="Tom_Holland" uid="574654" lat="19.5973605" lon="-155.9735538"/>
 <node id="2206391173" visible="true" version="1" changeset="15393021" timestamp="2013-03-17T09:26:43Z" user="Tom_Holland" uid="574654" lat="19.5983993" lon="-155.9740231"/>
 <node id="2206391174" visible="true" version="1" changeset="15393021" timestamp="2013-03-17T09:26:43Z" user="Tom_Holland" uid="574654" lat="19.5993385" lon="-155.9684065"/>
 <node id="2206391175" visible="true" version="1" changeset="15393021" timestamp="2013-03-17T09:26:43Z" user="Tom_Holland" uid="574654" lat="19.5994542" lon="-155.9678771"/>
 <node id="2206391176" visible="true" version="1" changeset="15393021" timestamp="2013-03-17T09:26:43Z" user="Tom_Holland" uid="574654" lat="19.5999161" lon="-155.9743607"/>
 <node id="2206391177" visible="true" version="1" changeset="15393021" timestamp="2013-03-17T09:26:43Z" user="Tom_Holland" uid="574654" lat="19.6004154" lon="-155.9642097"/>
 <node id="2208580175" visible="true" version="2" changeset="41746617" timestamp="2016-08-28T01:08:23Z" user="Tom_Holland" uid="574654" lat="19.5997523" lon="-155.9768931"/>
 <node id="2208580194" visible="true" version="1" changeset="15410813" timestamp="2013-03-18T17:31:35Z" user="Tom_Holland" uid="574654" lat="19.6008510" lon="-155.9783180"/>
 <node id="2208580202" visible="true" version="3" changeset="41746192" timestamp="2016-08-28T00:10:35Z" user="Tom_Holland" uid="574654" lat="19.6014950" lon="-155.9490350"/>
 <node id="2208580206" visible="true" version="1" changeset="15410813" timestamp="2013-03-18T17:31:35Z" user="Tom_Holland" uid="574654" lat="19.6013090" lon="-155.9503910"/>
 <node id="2208580209" visible="true" version="1" changeset="15410813" timestamp="2013-03-18T17:31:35Z" user="Tom_Holland" uid="574654" lat="19.6013520" lon="-155.9508410"/>
 <node id="2208580211" visible="true" version="1" changeset="15410813" timestamp="2013-03-18T17:31:35Z" user="Tom_Holland" uid="574654" lat="19.6014490" lon="-155.9534570"/>
 <node id="2208580212" visible="true" version="1" changeset="15410813" timestamp="2013-03-18T17:31:35Z" user="Tom_Holland" uid="574654" lat="19.6015750" lon="-155.9555090"/>
 <node id="2208580214" visible="true" version="1" changeset="15410813" timestamp="2013-03-18T17:31:35Z" user="Tom_Holland" uid="574654" lat="19.6016150" lon="-155.9561600"/>
 <node id="2208580219" visible="true" version="1" changeset="15410813" timestamp="2013-03-18T17:31:35Z" user="Tom_Holland" uid="574654" lat="19.6019090" lon="-155.9585160"/>
 <node id="2208580225" visible="true" version="1" changeset="15410813" timestamp="2013-03-18T17:31:35Z" user="Tom_Holland" uid="574654" lat="19.6021430" lon="-155.9610190"/>
 <node id="2208580233" visible="true" version="2" changeset="41745931" timestamp="2016-08-27T23:34:24Z" user="Tom_Holland" uid="574654" lat="19.6022878" lon="-155.9598205"/>
 <node id="2598467010" visible="true" version="1" changeset="19680354" timestamp="2013-12-28T15:25:44Z" user="bdiscoe" uid="402624" lat="19.6141982" lon="-155.9828846"/>
 <node id="2598467011" visible="true" version="1" changeset="19680354" timestamp="2013-12-28T15:25:44Z" user="bdiscoe" uid="402624" lat="19.6142441" lon="-155.9832182"/>
 <node id="2598467012" visible="true" version="1" changeset="19680354" timestamp="2013-12-28T15:25:44Z" user="bdiscoe" uid="402624" lat="19.6142681" lon="-155.9835820"/>
 <node id="2598467013" visible="true" version="1" changeset="19680354" timestamp="2013-12-28T15:25:44Z" user="bdiscoe" uid="402624" lat="19.6142812" lon="-155.9832993"/>
 <node id="2598467014" visible="true" version="1" changeset="19680354" timestamp="2013-12-28T15:25:44Z" user="bdiscoe" uid="402624" lat="19.6142921" lon="-155.9834545"/>
 <node id="2598467015" visible="true" version="1" changeset="19680354" timestamp="2013-12-28T15:25:44Z" user="bdiscoe" uid="402624" lat="19.6143074" lon="-155.9836955"/>
 <node id="2598467016" visible="true" version="1" changeset="19680354" timestamp="2013-12-28T15:25:45Z" user="bdiscoe" uid="402624" lat="19.6144383" lon="-155.9838484"/>
 <node id="2598467017" visible="true" version="1" changeset="19680354" timestamp="2013-12-28T15:25:45Z" user="bdiscoe" uid="402624" lat="19.6145758" lon="-155.9839434"/>
 <node id="2598467018" visible="true" version="1" changeset="19680354" timestamp="2013-12-28T15:25:45Z" user="bdiscoe" uid="402624" lat="19.6147329" lon="-155.9839643"/>
 <node id="2598467019" visible="true" version="1" changeset="19680354" timestamp="2013-12-28T15:25:45Z" user="bdiscoe" uid="402624" lat="19.6148115" lon="-155.9839944"/>
 <node id="2598467020" visible="true" version="1" changeset="19680354" timestamp="2013-12-28T15:25:45Z" user="bdiscoe" uid="402624" lat="19.6153877" lon="-155.9845875"/>
 <node id="2598467021" visible="true" version="1" changeset="19680354" timestamp="2013-12-28T15:25:45Z" user="bdiscoe" uid="402624" lat="19.6154095" lon="-155.9846686"/>
 <node id="2598467022" visible="true" version="1" changeset="19680354" timestamp="2013-12-28T15:25:45Z" user="bdiscoe" uid="402624" lat="19.6154793" lon="-155.9847103"/>
 <node id="2598467023" visible="true" version="1" changeset="19680354" timestamp="2013-12-28T15:25:45Z" user="bdiscoe" uid="402624" lat="19.6156147" lon="-155.9848655"/>
 <node id="2598467024" visible="true" version="1" changeset="19680354" timestamp="2013-12-28T15:25:45Z" user="bdiscoe" uid="402624" lat="19.6156779" lon="-155.9849188"/>
 <node id="2598467025" visible="true" version="1" changeset="19680354" timestamp="2013-12-28T15:25:45Z" user="bdiscoe" uid="402624" lat="19.6157194" lon="-155.9849258"/>
 <node id="2598467026" visible="true" version="1" changeset="19680354" timestamp="2013-12-28T15:25:45Z" user="bdiscoe" uid="402624" lat="19.6161319" lon="-155.9852432"/>
 <node id="2598467027" visible="true" version="1" changeset="19680354" timestamp="2013-12-28T15:25:45Z" user="bdiscoe" uid="402624" lat="19.6164724" lon="-155.9855560"/>
 <node id="2598467028" visible="true" version="1" changeset="19680354" timestamp="2013-12-28T15:25:45Z" user="bdiscoe" uid="402624" lat="19.6165989" lon="-155.9857691"/>
 <node id="2598467029" visible="true" version="1" changeset="19680354" timestamp="2013-12-28T15:25:45Z" user="bdiscoe" uid="402624" lat="19.6166011" lon="-155.9860680"/>
 <node id="2598467030" visible="true" version="1" changeset="19680354" timestamp="2013-12-28T15:25:45Z" user="bdiscoe" uid="402624" lat="19.6166208" lon="-155.9858502"/>
 <node id="2598467031" visible="true" version="1" changeset="19680354" timestamp="2013-12-28T15:25:45Z" user="bdiscoe" uid="402624" lat="19.6166317" lon="-155.9861931"/>
 <node id="2598467032" visible="true" version="1" changeset="19680354" timestamp="2013-12-28T15:25:45Z" user="bdiscoe" uid="402624" lat="19.6166557" lon="-155.9862279"/>
 <node id="2598467033" visible="true" version="1" changeset="19680354" timestamp="2013-12-28T15:25:45Z" user="bdiscoe" uid="402624" lat="19.6169045" lon="-155.9863530"/>
 <node id="2598467034" visible="true" version="1" changeset="19680354" timestamp="2013-12-28T15:25:45Z" user="bdiscoe" uid="402624" lat="19.6172842" lon="-155.9866125"/>
 <node id="2598467035" visible="true" version="1" changeset="19680354" timestamp="2013-12-28T15:25:45Z" user="bdiscoe" uid="402624" lat="19.6181266" lon="-155.9869206"/>
 <node id="2598467036" visible="true" version="1" changeset="19680354" timestamp="2013-12-28T15:25:45Z" user="bdiscoe" uid="402624" lat="19.6183689" lon="-155.9869183"/>
 <node id="2598467037" visible="true" version="1" changeset="19680354" timestamp="2013-12-28T15:25:45Z" user="bdiscoe" uid="402624" lat="19.6185544" lon="-155.9868326"/>
 <node id="2598467038" visible="true" version="1" changeset="19680354" timestamp="2013-12-28T15:25:45Z" user="bdiscoe" uid="402624" lat="19.6186199" lon="-155.9867793"/>
 <node id="2598467039" visible="true" version="1" changeset="19680354" timestamp="2013-12-28T15:25:45Z" user="bdiscoe" uid="402624" lat="19.6187530" lon="-155.9865870"/>
 <node id="2598467040" visible="true" version="1" changeset="19680354" timestamp="2013-12-28T15:25:45Z" user="bdiscoe" uid="402624" lat="19.6188686" lon="-155.9865731"/>
 <node id="2598467041" visible="true" version="1" changeset="19680354" timestamp="2013-12-28T15:25:45Z" user="bdiscoe" uid="402624" lat="19.6189036" lon="-155.9865499"/>
 <node id="2598467042" visible="true" version="1" changeset="19680354" timestamp="2013-12-28T15:25:45Z" user="bdiscoe" uid="402624" lat="19.6189450" lon="-155.9864735"/>
 <node id="2598467043" visible="true" version="1" changeset="19680354" timestamp="2013-12-28T15:25:45Z" user="bdiscoe" uid="402624" lat="19.6191589" lon="-155.9864827"/>
 <node id="2598467044" visible="true" version="1" changeset="19680354" timestamp="2013-12-28T15:25:45Z" user="bdiscoe" uid="402624" lat="19.6192658" lon="-155.9865592"/>
 <node id="2598467045" visible="true" version="1" changeset="19680354" timestamp="2013-12-28T15:25:45Z" user="bdiscoe" uid="402624" lat="19.6193139" lon="-155.9866797"/>
 <node id="2598467046" visible="true" version="1" changeset="19680354" timestamp="2013-12-28T15:25:45Z" user="bdiscoe" uid="402624" lat="19.6195430" lon="-155.9869878"/>
 <node id="2598467048" visible="true" version="1" changeset="19680354" timestamp="2013-12-28T15:25:45Z" user="bdiscoe" uid="402624" lat="19.6196041" lon="-155.9870365"/>
 <node id="2598467049" visible="true" version="1" changeset="19680354" timestamp="2013-12-28T15:25:45Z" user="bdiscoe" uid="402624" lat="19.6196827" lon="-155.9870342"/>
 <node id="2598467050" visible="true" version="1" changeset="19680354" timestamp="2013-12-28T15:25:45Z" user="bdiscoe" uid="402624" lat="19.6197853" lon="-155.9869647"/>
 <node id="2598467051" visible="true" version="1" changeset="19680354" timestamp="2013-12-28T15:25:45Z" user="bdiscoe" uid="402624" lat="19.6198747" lon="-155.9868720"/>
 <node id="2598467052" visible="true" version="1" changeset="19680354" timestamp="2013-12-28T15:25:45Z" user="bdiscoe" uid="402624" lat="19.6199097" lon="-155.9868511"/>
 <node id="2598467054" visible="true" version="1" changeset="19680354" timestamp="2013-12-28T15:25:45Z" user="bdiscoe" uid="402624" lat="19.6199227" lon="-155.9870365"/>
 <node id="2598467055" visible="true" version="1" changeset="19680354" timestamp="2013-12-28T15:25:45Z" user="bdiscoe" uid="402624" lat="19.6199424" lon="-155.9868697"/>
 <node id="2598467056" visible="true" version="1" changeset="19680354" timestamp="2013-12-28T15:25:45Z" user="bdiscoe" uid="402624" lat="19.6199446" lon="-155.9871616"/>
 <node id="2598467057" visible="true" version="1" changeset="19680354" timestamp="2013-12-28T15:25:45Z" user="bdiscoe" uid="402624" lat="19.6200297" lon="-155.9873006"/>
 <node id="2598467058" visible="true" version="1" changeset="19680354" timestamp="2013-12-28T15:25:46Z" user="bdiscoe" uid="402624" lat="19.6201344" lon="-155.9873539"/>
 <node id="2598467059" visible="true" version="1" changeset="19680354" timestamp="2013-12-28T15:25:46Z" user="bdiscoe" uid="402624" lat="19.6203330" lon="-155.9873238"/>
 <node id="2598467060" visible="true" version="1" changeset="19680354" timestamp="2013-12-28T15:25:46Z" user="bdiscoe" uid="402624" lat="19.6204422" lon="-155.9872682"/>
 <node id="2598467062" visible="true" version="1" changeset="19680354" timestamp="2013-12-28T15:25:46Z" user="bdiscoe" uid="402624" lat="19.6206473" lon="-155.9873446"/>
 <node id="2598467063" visible="true" version="1" changeset="19680354" timestamp="2013-12-28T15:25:46Z" user="bdiscoe" uid="402624" lat="19.6207542" lon="-155.9873261"/>
 <node id="2598467064" visible="true" version="1" changeset="19680354" timestamp="2013-12-28T15:25:46Z" user="bdiscoe" uid="402624" lat="19.6208241" lon="-155.9873516"/>
 <node id="2598467065" visible="true" version="1" changeset="19680354" timestamp="2013-12-28T15:25:46Z" user="bdiscoe" uid="402624" lat="19.6208830" lon="-155.9872890"/>
 <node id="2598467066" visible="true" version="1" changeset="19680354" timestamp="2013-12-28T15:25:46Z" user="bdiscoe" uid="402624" lat="19.6209572" lon="-155.9872705"/>
 <node id="2598467067" visible="true" version="1" changeset="19680354" timestamp="2013-12-28T15:25:46Z" user="bdiscoe" uid="402624" lat="19.6209834" lon="-155.9872334"/>
 <node id="2611680873" visible="true" version="2" changeset="50112560" timestamp="2017-07-07T16:02:53Z" user="InfiNorth" uid="1904589" lat="19.6075198" lon="-155.9770102"/>
 <node id="2611680877" visible="true" version="1" changeset="19835357" timestamp="2014-01-05T23:35:03Z" user="user_1860734" uid="1860734" lat="19.6080698" lon="-155.9773665"/>
 <node id="2611680880" visible="true" version="2" changeset="50112560" timestamp="2017-07-07T16:02:52Z" user="InfiNorth" uid="1904589" lat="19.6081476" lon="-155.9775576"/>
 <node id="2611680884" visible="true" version="2" changeset="50112560" timestamp="2017-07-07T16:02:54Z" user="InfiNorth" uid="1904589" lat="19.6082385" lon="-155.9774101"/>
 <node id="2611680887" visible="true" version="2" changeset="50112560" timestamp="2017-07-07T16:02:53Z" user="InfiNorth" uid="1904589" lat="19.6074794" lon="-155.9771121"/>
 <node id="2611680889" visible="true" version="2" changeset="50112560" timestamp="2017-07-07T16:02:52Z" user="InfiNorth" uid="1904589" lat="19.6068528" lon="-155.9767822"/>
 <node id="2611680891" visible="true" version="2" changeset="50112560" timestamp="2017-07-07T16:02:54Z" user="InfiNorth" uid="1904589" lat="19.6081035" lon="-155.9773643"/>
 <node id="2611680892" visible="true" version="2" changeset="50112560" timestamp="2017-07-07T16:02:52Z" user="InfiNorth" uid="1904589" lat="19.6068073" lon="-155.9767634"/>
 <node id="2611680894" visible="true" version="2" changeset="50112560" timestamp="2017-07-07T16:02:52Z" user="InfiNorth" uid="1904589" lat="19.6082526" lon="-155.9775171"/>
 <node id="2611680896" visible="true" version="2" changeset="50112560" timestamp="2017-07-07T16:02:52Z" user="InfiNorth" uid="1904589" lat="19.6075210" lon="-155.9773028"/>
 <node id="2611680898" visible="true" version="2" changeset="50112560" timestamp="2017-07-07T16:02:52Z" user="InfiNorth" uid="1904589" lat="19.6070852" lon="-155.9770263"/>
 <node id="2611680899" visible="true" version="2" changeset="50112560" timestamp="2017-07-07T16:02:52Z" user="InfiNorth" uid="1904589" lat="19.6079252" lon="-155.9774960"/>
 <node id="2611680900" visible="true" version="2" changeset="50112560" timestamp="2017-07-07T16:02:52Z" user="InfiNorth" uid="1904589" lat="19.6068477" lon="-155.9766454"/>
 <node id="2611680901" visible="true" version="2" changeset="50112560" timestamp="2017-07-07T16:02:52Z" user="InfiNorth" uid="1904589" lat="19.6068856" lon="-155.9768627"/>
 <node id="2611680902" visible="true" version="2" changeset="50112560" timestamp="2017-07-07T16:02:53Z" user="InfiNorth" uid="1904589" lat="19.6079171" lon="-155.9771436"/>
 <node id="2611680904" visible="true" version="1" changeset="19835357" timestamp="2014-01-05T23:35:03Z" user="user_1860734" uid="1860734" lat="19.6080562" lon="-155.9773910"/>
 <node id="2611680906" visible="true" version="2" changeset="50112560" timestamp="2017-07-07T16:02:52Z" user="InfiNorth" uid="1904589" lat="19.6080440" lon="-155.9775228"/>
 <node id="2611680908" visible="true" version="2" changeset="50112560" timestamp="2017-07-07T16:02:53Z" user="InfiNorth" uid="1904589" lat="19.6072722" lon="-155.9769753"/>
 <node id="2611680910" visible="true" version="2" changeset="50112560" timestamp="2017-07-07T16:02:52Z" user="InfiNorth" uid="1904589" lat="19.6080996" lon="-155.9775603"/>
 <node id="2611680912" visible="true" version="2" changeset="50112560" timestamp="2017-07-07T16:02:52Z" user="InfiNorth" uid="1904589" lat="19.6079151" lon="-155.9775067"/>
 <node id="2611680914" visible="true" version="1" changeset="19835357" timestamp="2014-01-05T23:35:03Z" user="user_1860734" uid="1860734" lat="19.6081464" lon="-155.9773232"/>
 <node id="2611680916" visible="true" version="2" changeset="50112560" timestamp="2017-07-07T16:02:53Z" user="InfiNorth" uid="1904589" lat="19.6071888" lon="-155.9768600"/>
 <node id="2611680917" visible="true" version="2" changeset="50112560" timestamp="2017-07-07T16:02:53Z" user="InfiNorth" uid="1904589" lat="19.6075678" lon="-155.9769458"/>
 <node id="2611680919" visible="true" version="2" changeset="50112560" timestamp="2017-07-07T16:02:52Z" user="InfiNorth" uid="1904589" lat="19.6068957" lon="-155.9768332"/>
 <node id="2611680921" visible="true" version="2" changeset="20423228" timestamp="2014-02-07T02:42:56Z" user="bdiscoe" uid="402624" lat="19.6081424" lon="-155.9771682"/>
 <node id="2611680923" visible="true" version="2" changeset="50112560" timestamp="2017-07-07T16:02:52Z" user="InfiNorth" uid="1904589" lat="19.6080302" lon="-155.9775386"/>
 <node id="2611680925" visible="true" version="2" changeset="50112560" timestamp="2017-07-07T16:02:54Z" user="InfiNorth" uid="1904589" lat="19.6079797" lon="-155.9773347"/>
 <node id="2611680927" visible="true" version="1" changeset="19835357" timestamp="2014-01-05T23:35:03Z" user="user_1860734" uid="1860734" lat="19.6082057" lon="-155.9773602"/>
 <node id="2611680929" visible="true" version="2" changeset="50112560" timestamp="2017-07-07T16:02:53Z" user="InfiNorth" uid="1904589" lat="19.6070600" lon="-155.9768251"/>
 <node id="2611680930" visible="true" version="2" changeset="50112560" timestamp="2017-07-07T16:02:52Z" user="InfiNorth" uid="1904589" lat="19.6068388" lon="-155.9768066"/>
 <node id="2611680932" visible="true" version="2" changeset="50112560" timestamp="2017-07-07T16:02:53Z" user="InfiNorth" uid="1904589" lat="19.6077837" lon="-155.9772438"/>
 <node id="2611680934" visible="true" version="2" changeset="50112560" timestamp="2017-07-07T16:02:53Z" user="InfiNorth" uid="1904589" lat="19.6071762" lon="-155.9768895"/>
 <node id="2611680936" visible="true" version="2" changeset="50112560" timestamp="2017-07-07T16:02:52Z" user="InfiNorth" uid="1904589" lat="19.6082234" lon="-155.9774423"/>
 <node id="2611680938" visible="true" version="2" changeset="50112560" timestamp="2017-07-07T16:02:54Z" user="InfiNorth" uid="1904589" lat="19.6081566" lon="-155.9774125"/>
 <node id="2611680940" visible="true" version="2" changeset="50112560" timestamp="2017-07-07T16:02:53Z" user="InfiNorth" uid="1904589" lat="19.6070737" lon="-155.9767986"/>
 <node id="2611680942" visible="true" version="2" changeset="50112560" timestamp="2017-07-07T16:02:54Z" user="InfiNorth" uid="1904589" lat="19.6079671" lon="-155.9773482"/>
 <node id="2611680943" visible="true" version="2" changeset="50112560" timestamp="2017-07-07T16:02:52Z" user="InfiNorth" uid="1904589" lat="19.6072963" lon="-155.9771709"/>
 <node id="2611680945" visible="true" version="2" changeset="50112560" timestamp="2017-07-07T16:02:53Z" user="InfiNorth" uid="1904589" lat="19.6074743" lon="-155.9769914"/>
 <node id="2611680947" visible="true" version="1" changeset="19835357" timestamp="2014-01-05T23:35:04Z" user="user_1860734" uid="1860734" lat="19.6081438" lon="-155.9773559"/>
 <node id="2611680949" visible="true" version="2" changeset="50112560" timestamp="2017-07-07T16:02:52Z" user="InfiNorth" uid="1904589" lat="19.6081097" lon="-155.9775389"/>
 <node id="2611680951" visible="true" version="2" changeset="50112560" timestamp="2017-07-07T16:02:53Z" user="InfiNorth" uid="1904589" lat="19.6078901" lon="-155.9771929"/>
 <node id="2611680953" visible="true" version="2" changeset="50112560" timestamp="2017-07-07T16:02:53Z" user="InfiNorth" uid="1904589" lat="19.6077989" lon="-155.9772009"/>
 <node id="2611680955" visible="true" version="2" changeset="50112560" timestamp="2017-07-07T16:02:53Z" user="InfiNorth" uid="1904589" lat="19.6072798" lon="-155.9769539"/>
 <node id="2611680957" visible="true" version="2" changeset="50112560" timestamp="2017-07-07T16:02:53Z" user="InfiNorth" uid="1904589" lat="19.6069564" lon="-155.9766883"/>
 <node id="2611680958" visible="true" version="2" changeset="50112560" timestamp="2017-07-07T16:02:52Z" user="InfiNorth" uid="1904589" lat="19.6077599" lon="-155.9774072"/>
 <node id="2611680960" visible="true" version="2" changeset="50112560" timestamp="2017-07-07T16:02:54Z" user="InfiNorth" uid="1904589" lat="19.6081728" lon="-155.9773699"/>
 <node id="2611680962" visible="true" version="2" changeset="50112560" timestamp="2017-07-07T16:02:52Z" user="InfiNorth" uid="1904589" lat="19.6079682" lon="-155.9775255"/>
 <node id="2611680964" visible="true" version="2" changeset="50112560" timestamp="2017-07-07T16:02:52Z" user="InfiNorth" uid="1904589" lat="19.6069412" lon="-155.9768895"/>
 <node id="2611680966" visible="true" version="2" changeset="50112560" timestamp="2017-07-07T16:02:52Z" user="InfiNorth" uid="1904589" lat="19.6071394" lon="-155.9770641"/>
 <node id="2611680968" visible="true" version="2" changeset="50112560" timestamp="2017-07-07T16:02:52Z" user="InfiNorth" uid="1904589" lat="19.6074073" lon="-155.9772331"/>
 <node id="2611680969" visible="true" version="2" changeset="50112560" timestamp="2017-07-07T16:02:53Z" user="InfiNorth" uid="1904589" lat="19.6070322" lon="-155.9767366"/>
 <node id="2611680971" visible="true" version="2" changeset="50112560" timestamp="2017-07-07T16:02:54Z" user="InfiNorth" uid="1904589" lat="19.6080389" lon="-155.9773538"/>
 <node id="2611680973" visible="true" version="2" changeset="50112560" timestamp="2017-07-07T16:02:53Z" user="InfiNorth" uid="1904589" lat="19.6070156" lon="-155.9767664"/>
 <node id="2611680975" visible="true" version="2" changeset="50112560" timestamp="2017-07-07T16:02:53Z" user="InfiNorth" uid="1904589" lat="19.6078180" lon="-155.9772623"/>
 <node id="2611680977" visible="true" version="2" changeset="50112560" timestamp="2017-07-07T16:02:54Z" user="InfiNorth" uid="1904589" lat="19.6080909" lon="-155.9773911"/>
 <node id="2611680979" visible="true" version="2" changeset="50112560" timestamp="2017-07-07T16:02:53Z" user="InfiNorth" uid="1904589" lat="19.6074881" lon="-155.9769676"/>
 <node id="2611680980" visible="true" version="5" changeset="158920775" timestamp="2024-11-09T06:55:24Z" user="wislander" uid="384146" lat="19.6079228" lon="-155.9771945">
  <tag k="addr:housenumber" v="76-6246"/>
  <tag k="addr:postcode" v="96740"/>
  <tag k="addr:street" v="Alii Drive"/>
  <tag k="amenity" v="fast_food"/>
  <tag k="cuisine" v="fish"/>
  <tag k="diet:pescetarian" v="yes"/>
  <tag k="name" v="Da Poke Shack"/>
  <tag k="opening_hours" v="Mo-Su 10:00-18:00"/>
  <tag k="website" v="http://dapokeshack.com/"/>
  <tag k="wheelchair" v="yes"/>
 </node>
 <node id="2611680985" visible="true" version="2" changeset="50112560" timestamp="2017-07-07T16:02:52Z" user="InfiNorth" uid="1904589" lat="19.6077472" lon="-155.9774179"/>
 <node id="2611680987" visible="true" version="2" changeset="50112560" timestamp="2017-07-07T16:02:52Z" user="InfiNorth" uid="1904589" lat="19.6069323" lon="-155.9769085"/>
 <node id="2611680989" visible="true" version="2" changeset="50112560" timestamp="2017-07-07T16:02:52Z" user="InfiNorth" uid="1904589" lat="19.6071484" lon="-155.9770504"/>
 <node id="2611680991" visible="true" version="2" changeset="50112560" timestamp="2017-07-07T16:02:53Z" user="InfiNorth" uid="1904589" lat="19.6069437" lon="-155.9767044"/>
 <node id="2611680993" visible="true" version="1" changeset="19835357" timestamp="2014-01-05T23:35:04Z" user="user_1860734" uid="1860734" lat="19.6080124" lon="-155.9772834"/>
 <node id="2611680995" visible="true" version="1" changeset="19835357" timestamp="2014-01-05T23:35:04Z" user="user_1860734" uid="1860734" lat="19.6080705" lon="-155.9773156"/>
 <node id="2611680996" visible="true" version="1" changeset="19835357" timestamp="2014-01-05T23:35:04Z" user="user_1860734" uid="1860734" lat="19.6081620" lon="-155.9773695"/>
 <node id="2611680998" visible="true" version="2" changeset="50112560" timestamp="2017-07-07T16:02:52Z" user="InfiNorth" uid="1904589" lat="19.6072481" lon="-155.9771339"/>
 <node id="2611681000" visible="true" version="2" changeset="50112560" timestamp="2017-07-07T16:02:52Z" user="InfiNorth" uid="1904589" lat="19.6068149" lon="-155.9766883"/>
 <node id="2611681002" visible="true" version="2" changeset="50112560" timestamp="2017-07-07T16:02:52Z" user="InfiNorth" uid="1904589" lat="19.6073985" lon="-155.9772462"/>
 <node id="2611681006" visible="true" version="2" changeset="50112560" timestamp="2017-07-07T16:02:53Z" user="InfiNorth" uid="1904589" lat="19.6074704" lon="-155.9769568"/>
 <node id="2611681007" visible="true" version="2" changeset="50112560" timestamp="2017-07-07T16:02:52Z" user="InfiNorth" uid="1904589" lat="19.6070398" lon="-155.9769700"/>
 <node id="2611681009" visible="true" version="2" changeset="50112560" timestamp="2017-07-07T16:02:52Z" user="InfiNorth" uid="1904589" lat="19.6082703" lon="-155.9774662"/>
 <node id="2611681011" visible="true" version="2" changeset="50112560" timestamp="2017-07-07T16:02:52Z" user="InfiNorth" uid="1904589" lat="19.6079822" lon="-155.9775037"/>
 <node id="2611681013" visible="true" version="2" changeset="50112560" timestamp="2017-07-07T16:02:53Z" user="InfiNorth" uid="1904589" lat="19.6074971" lon="-155.9769029"/>
 <node id="2611681015" visible="true" version="2" changeset="50112560" timestamp="2017-07-07T16:02:53Z" user="InfiNorth" uid="1904589" lat="19.6074971" lon="-155.9770585"/>
 <node id="2611681017" visible="true" version="2" changeset="50112560" timestamp="2017-07-07T16:02:52Z" user="InfiNorth" uid="1904589" lat="19.6082006" lon="-155.9775603"/>
 <node id="2611681019" visible="true" version="2" changeset="50112560" timestamp="2017-07-07T16:02:53Z" user="InfiNorth" uid="1904589" lat="19.6073834" lon="-155.9770290"/>
 <node id="2611681021" visible="true" version="2" changeset="50112560" timestamp="2017-07-07T16:02:52Z" user="InfiNorth" uid="1904589" lat="19.6073051" lon="-155.9771550"/>
 <node id="2611681022" visible="true" version="2" changeset="50112560" timestamp="2017-07-07T16:02:52Z" user="InfiNorth" uid="1904589" lat="19.6072545" lon="-155.9771148"/>
 <node id="2611681023" visible="true" version="2" changeset="50112560" timestamp="2017-07-07T16:02:52Z" user="InfiNorth" uid="1904589" lat="19.6082273" lon="-155.9775091"/>
 <node id="2611681024" visible="true" version="1" changeset="19835357" timestamp="2014-01-05T23:35:04Z" user="user_1860734" uid="1860734" lat="19.6081395" lon="-155.9774100"/>
 <node id="2611681025" visible="true" version="2" changeset="50112560" timestamp="2017-07-07T16:02:52Z" user="InfiNorth" uid="1904589" lat="19.6070297" lon="-155.9769887"/>
 <node id="2611681026" visible="true" version="2" changeset="50112560" timestamp="2017-07-07T16:02:53Z" user="InfiNorth" uid="1904589" lat="19.6072141" lon="-155.9768761"/>
 <node id="2611681027" visible="true" version="2" changeset="50112560" timestamp="2017-07-07T16:02:53Z" user="InfiNorth" uid="1904589" lat="19.6072242" lon="-155.9768466"/>
 <node id="2611681028" visible="true" version="2" changeset="50112560" timestamp="2017-07-07T16:02:53Z" user="InfiNorth" uid="1904589" lat="19.6075299" lon="-155.9770826"/>
 <node id="2611681029" visible="true" version="2" changeset="50112560" timestamp="2017-07-07T16:02:52Z" user="InfiNorth" uid="1904589" lat="19.6071914" lon="-155.9770987"/>
 <node id="2611681030" visible="true" version="2" changeset="50112560" timestamp="2017-07-07T16:02:52Z" user="InfiNorth" uid="1904589" lat="19.6072015" lon="-155.9770826"/>
 <node id="2611681032" visible="true" version="2" changeset="50112560" timestamp="2017-07-07T16:02:53Z" user="InfiNorth" uid="1904589" lat="19.6076057" lon="-155.9769351"/>
 <node id="2611681034" visible="true" version="2" changeset="50112560" timestamp="2017-07-07T16:02:53Z" user="InfiNorth" uid="1904589" lat="19.6075109" lon="-155.9771285"/>
 <node id="2611681036" visible="true" version="2" changeset="50112560" timestamp="2017-07-07T16:02:53Z" user="InfiNorth" uid="1904589" lat="19.6073758" lon="-155.9770504"/>
 <node id="2611681038" visible="true" version="2" changeset="50112560" timestamp="2017-07-07T16:02:52Z" user="InfiNorth" uid="1904589" lat="19.6076361" lon="-155.9773482"/>
 <node id="2611681040" visible="true" version="1" changeset="19835357" timestamp="2014-01-05T23:35:05Z" user="user_1860734" uid="1860734" lat="19.6081906" lon="-155.9773874"/>
 <node id="2611681042" visible="true" version="2" changeset="50112560" timestamp="2017-07-07T16:02:52Z" user="InfiNorth" uid="1904589" lat="19.6076296" lon="-155.9773726"/>
 <node id="2611681044" visible="true" version="2" changeset="50112560" timestamp="2017-07-07T16:02:52Z" user="InfiNorth" uid="1904589" lat="19.6068376" lon="-155.9767071"/>
 <node id="2611681045" visible="true" version="2" changeset="50112560" timestamp="2017-07-07T16:02:52Z" user="InfiNorth" uid="1904589" lat="19.6081591" lon="-155.9775332"/>
 <node id="2611681047" visible="true" version="2" changeset="50112560" timestamp="2017-07-07T16:02:53Z" user="InfiNorth" uid="1904589" lat="19.6071470" lon="-155.9768710"/>
 <node id="2611681049" visible="true" version="2" changeset="50112560" timestamp="2017-07-07T16:02:53Z" user="InfiNorth" uid="1904589" lat="19.6078415" lon="-155.9772186"/>
 <node id="2611681051" visible="true" version="2" changeset="50112560" timestamp="2017-07-07T16:02:52Z" user="InfiNorth" uid="1904589" lat="19.6080302" lon="-155.9773737"/>
 <node id="2611681053" visible="true" version="2" changeset="50112560" timestamp="2017-07-07T16:02:52Z" user="InfiNorth" uid="1904589" lat="19.6075097" lon="-155.9773213"/>
 <node id="2611681055" visible="true" version="2" changeset="50112560" timestamp="2017-07-07T16:02:53Z" user="InfiNorth" uid="1904589" lat="19.6071813" lon="-155.9768144"/>
 <node id="2611681057" visible="true" version="2" changeset="50112560" timestamp="2017-07-07T16:02:52Z" user="InfiNorth" uid="1904589" lat="19.6070953" lon="-155.9770075"/>
 <node id="2611681059" visible="true" version="2" changeset="50112560" timestamp="2017-07-07T16:02:53Z" user="InfiNorth" uid="1904589" lat="19.6078646" lon="-155.9771770"/>
 <node id="2611682720" visible="true" version="2" changeset="50112560" timestamp="2017-07-07T16:02:54Z" user="InfiNorth" uid="1904589" lat="19.6075766" lon="-155.9771499"/>
 <node id="2611682723" visible="true" version="2" changeset="50112560" timestamp="2017-07-07T16:02:54Z" user="InfiNorth" uid="1904589" lat="19.6075821" lon="-155.9770621"/>
 <node id="2611682725" visible="true" version="2" changeset="50112560" timestamp="2017-07-07T16:02:54Z" user="InfiNorth" uid="1904589" lat="19.6075311" lon="-155.9771365"/>
 <node id="2611682727" visible="true" version="2" changeset="50112560" timestamp="2017-07-07T16:02:54Z" user="InfiNorth" uid="1904589" lat="19.6077079" lon="-155.9772304"/>
 <node id="2611682729" visible="true" version="2" changeset="50112560" timestamp="2017-07-07T16:02:54Z" user="InfiNorth" uid="1904589" lat="19.6075664" lon="-155.9771714"/>
 <node id="2611682730" visible="true" version="2" changeset="50112560" timestamp="2017-07-07T16:02:54Z" user="InfiNorth" uid="1904589" lat="19.6077282" lon="-155.9772599"/>
 <node id="2611682732" visible="true" version="2" changeset="50112560" timestamp="2017-07-07T16:02:54Z" user="InfiNorth" uid="1904589" lat="19.6077004" lon="-155.9772492"/>
 <node id="2611682734" visible="true" version="2" changeset="50112560" timestamp="2017-07-07T16:02:54Z" user="InfiNorth" uid="1904589" lat="19.6077762" lon="-155.9771741"/>
 <node id="2658706600" visible="true" version="1" changeset="20423228" timestamp="2014-02-07T02:42:07Z" user="bdiscoe" uid="402624" lat="19.6104112" lon="-155.9790350"/>
 <node id="2658706602" visible="true" version="1" changeset="20423228" timestamp="2014-02-07T02:42:07Z" user="bdiscoe" uid="402624" lat="19.6110429" lon="-155.9794755"/>
 <node id="2927268645" visible="true" version="3" changeset="41746617" timestamp="2016-08-28T01:08:23Z" user="Tom_Holland" uid="574654" lat="19.5999561" lon="-155.9748372"/>
 <node id="2927268646" visible="true" version="3" changeset="41746617" timestamp="2016-08-28T01:08:23Z" user="Tom_Holland" uid="574654" lat="19.5998215" lon="-155.9748221"/>
 <node id="2927268647" visible="true" version="3" changeset="41746617" timestamp="2016-08-28T01:08:23Z" user="Tom_Holland" uid="574654" lat="19.5998324" lon="-155.9747119"/>
 <node id="2927268648" visible="true" version="3" changeset="41746617" timestamp="2016-08-28T01:08:23Z" user="Tom_Holland" uid="574654" lat="19.5998477" lon="-155.9747136"/>
 <node id="2927268649" visible="true" version="3" changeset="41746617" timestamp="2016-08-28T01:08:23Z" user="Tom_Holland" uid="574654" lat="19.5998498" lon="-155.9746922"/>
 <node id="2927268650" visible="true" version="3" changeset="41746617" timestamp="2016-08-28T01:08:23Z" user="Tom_Holland" uid="574654" lat="19.5998865" lon="-155.9746962"/>
 <node id="2927268651" visible="true" version="3" changeset="41746617" timestamp="2016-08-28T01:08:23Z" user="Tom_Holland" uid="574654" lat="19.5998837" lon="-155.9747249"/>
 <node id="2927268652" visible="true" version="3" changeset="41746617" timestamp="2016-08-28T01:08:23Z" user="Tom_Holland" uid="574654" lat="19.6000761" lon="-155.9747463"/>
 <node id="2927268653" visible="true" version="3" changeset="41746617" timestamp="2016-08-28T01:08:23Z" user="Tom_Holland" uid="574654" lat="19.6000675" lon="-155.9748323"/>
 <node id="2927268654" visible="true" version="3" changeset="41746617" timestamp="2016-08-28T01:08:23Z" user="Tom_Holland" uid="574654" lat="19.6000176" lon="-155.9748267"/>
 <node id="2927268655" visible="true" version="3" changeset="41746617" timestamp="2016-08-28T01:08:23Z" user="Tom_Holland" uid="574654" lat="19.6000183" lon="-155.9748196"/>
 <node id="2927268656" visible="true" version="3" changeset="41746617" timestamp="2016-08-28T01:08:23Z" user="Tom_Holland" uid="574654" lat="19.5999584" lon="-155.9748130"/>
 <node id="2927270066" visible="true" version="3" changeset="41746617" timestamp="2016-08-28T01:08:23Z" user="Tom_Holland" uid="574654" lat="19.6000192" lon="-155.9750346"/>
 <node id="2927270067" visible="true" version="3" changeset="41746617" timestamp="2016-08-28T01:08:23Z" user="Tom_Holland" uid="574654" lat="19.5999202" lon="-155.9750195"/>
 <node id="2927270068" visible="true" version="3" changeset="41746617" timestamp="2016-08-28T01:08:23Z" user="Tom_Holland" uid="574654" lat="19.5999211" lon="-155.9750128"/>
 <node id="2927270069" visible="true" version="3" changeset="41746617" timestamp="2016-08-28T01:08:24Z" user="Tom_Holland" uid="574654" lat="19.5998466" lon="-155.9750013"/>
 <node id="2927270070" visible="true" version="3" changeset="41746617" timestamp="2016-08-28T01:08:24Z" user="Tom_Holland" uid="574654" lat="19.5998495" lon="-155.9749802"/>
 <node id="2927270071" visible="true" version="3" changeset="41746617" timestamp="2016-08-28T01:08:24Z" user="Tom_Holland" uid="574654" lat="19.5997979" lon="-155.9749723"/>
 <node id="2927270072" visible="true" version="3" changeset="41746617" timestamp="2016-08-28T01:08:24Z" user="Tom_Holland" uid="574654" lat="19.5998125" lon="-155.9748652"/>
 <node id="2927270073" visible="true" version="3" changeset="41746617" timestamp="2016-08-28T01:08:24Z" user="Tom_Holland" uid="574654" lat="19.6000209" lon="-155.9748971"/>
 <node id="2927270074" visible="true" version="3" changeset="41746617" timestamp="2016-08-28T01:08:24Z" user="Tom_Holland" uid="574654" lat="19.6000146" lon="-155.9749439"/>
 <node id="2927270075" visible="true" version="3" changeset="41746617" timestamp="2016-08-28T01:08:24Z" user="Tom_Holland" uid="574654" lat="19.6000311" lon="-155.9749465"/>
 <node id="2927272750" visible="true" version="2" changeset="35712104" timestamp="2015-12-02T18:41:18Z" user="Mission Aware Technologies" uid="2139707" lat="19.5991748" lon="-155.9755712"/>
 <node id="2927272751" visible="true" version="2" changeset="35712104" timestamp="2015-12-02T18:41:18Z" user="Mission Aware Technologies" uid="2139707" lat="19.5990986" lon="-155.9755177"/>
 <node id="2927272752" visible="true" version="2" changeset="35712104" timestamp="2015-12-02T18:41:18Z" user="Mission Aware Technologies" uid="2139707" lat="19.5991082" lon="-155.9755023"/>
 <node id="2927272753" visible="true" version="2" changeset="35712104" timestamp="2015-12-02T18:41:18Z" user="Mission Aware Technologies" uid="2139707" lat="19.5990366" lon="-155.9754521"/>
 <node id="2927272754" visible="true" version="2" changeset="35712104" timestamp="2015-12-02T18:41:18Z" user="Mission Aware Technologies" uid="2139707" lat="19.5991290" lon="-155.9753034"/>
 <node id="2927272755" visible="true" version="2" changeset="35712104" timestamp="2015-12-02T18:41:18Z" user="Mission Aware Technologies" uid="2139707" lat="19.5991389" lon="-155.9753104"/>
 <node id="2927272756" visible="true" version="2" changeset="35712104" timestamp="2015-12-02T18:41:18Z" user="Mission Aware Technologies" uid="2139707" lat="19.5992255" lon="-155.9751713"/>
 <node id="2927272757" visible="true" version="2" changeset="35712104" timestamp="2015-12-02T18:41:18Z" user="Mission Aware Technologies" uid="2139707" lat="19.5992937" lon="-155.9752192"/>
 <node id="2927272758" visible="true" version="2" changeset="35712104" timestamp="2015-12-02T18:41:18Z" user="Mission Aware Technologies" uid="2139707" lat="19.5992812" lon="-155.9752394"/>
 <node id="2927272759" visible="true" version="2" changeset="35712104" timestamp="2015-12-02T18:41:18Z" user="Mission Aware Technologies" uid="2139707" lat="19.5993509" lon="-155.9752883"/>
 <node id="2927272818" visible="true" version="2" changeset="35712104" timestamp="2015-12-02T18:41:18Z" user="Mission Aware Technologies" uid="2139707" lat="19.5993685" lon="-155.9752456"/>
 <node id="2927272819" visible="true" version="2" changeset="35712104" timestamp="2015-12-02T18:41:18Z" user="Mission Aware Technologies" uid="2139707" lat="19.5993017" lon="-155.9751900"/>
 <node id="2927272820" visible="true" version="2" changeset="35712104" timestamp="2015-12-02T18:41:18Z" user="Mission Aware Technologies" uid="2139707" lat="19.5993549" lon="-155.9751180"/>
 <node id="2927272821" visible="true" version="2" changeset="35712104" timestamp="2015-12-02T18:41:18Z" user="Mission Aware Technologies" uid="2139707" lat="19.5994217" lon="-155.9751736"/>
 <node id="2932271511" visible="true" version="3" changeset="41747352" timestamp="2016-08-28T03:07:47Z" user="Tom_Holland" uid="574654" lat="19.5946511" lon="-155.9722420"/>
 <node id="2932271513" visible="true" version="3" changeset="41747352" timestamp="2016-08-28T03:07:47Z" user="Tom_Holland" uid="574654" lat="19.5946616" lon="-155.9722916"/>
 <node id="2932271514" visible="true" version="3" changeset="41747352" timestamp="2016-08-28T03:07:49Z" user="Tom_Holland" uid="574654" lat="19.5946767" lon="-155.9723368"/>
 <node id="2932271515" visible="true" version="3" changeset="41747352" timestamp="2016-08-28T03:07:49Z" user="Tom_Holland" uid="574654" lat="19.5946801" lon="-155.9722636"/>
 <node id="2932271516" visible="true" version="3" changeset="41747352" timestamp="2016-08-28T03:07:49Z" user="Tom_Holland" uid="574654" lat="19.5946917" lon="-155.9723140"/>
 <node id="2932271517" visible="true" version="3" changeset="41747352" timestamp="2016-08-28T03:07:49Z" user="Tom_Holland" uid="574654" lat="19.5947147" lon="-155.9721457"/>
 <node id="2932271518" visible="true" version="3" changeset="41747352" timestamp="2016-08-28T03:07:49Z" user="Tom_Holland" uid="574654" lat="19.5947860" lon="-155.9724181"/>
 <node id="2932271519" visible="true" version="3" changeset="41747352" timestamp="2016-08-28T03:07:49Z" user="Tom_Holland" uid="574654" lat="19.5948014" lon="-155.9723948"/>
 <node id="2932271520" visible="true" version="3" changeset="41747352" timestamp="2016-08-28T03:07:49Z" user="Tom_Holland" uid="574654" lat="19.5948574" lon="-155.9724365"/>
 <node id="2932271521" visible="true" version="3" changeset="41747352" timestamp="2016-08-28T03:07:49Z" user="Tom_Holland" uid="574654" lat="19.5948776" lon="-155.9724060"/>
 <node id="2932271522" visible="true" version="3" changeset="41747352" timestamp="2016-08-28T03:07:49Z" user="Tom_Holland" uid="574654" lat="19.5949811" lon="-155.9723439"/>
 <node id="2932271523" visible="true" version="3" changeset="41747352" timestamp="2016-08-28T03:07:49Z" user="Tom_Holland" uid="574654" lat="19.5949952" lon="-155.9723225"/>
 <node id="2932271524" visible="true" version="3" changeset="41747352" timestamp="2016-08-28T03:07:49Z" user="Tom_Holland" uid="574654" lat="19.5950222" lon="-155.9723857"/>
 <node id="2932271525" visible="true" version="3" changeset="41747352" timestamp="2016-08-28T03:07:49Z" user="Tom_Holland" uid="574654" lat="19.5950413" lon="-155.9723568"/>
 <node id="2932271526" visible="true" version="3" changeset="41747352" timestamp="2016-08-28T03:07:49Z" user="Tom_Holland" uid="574654" lat="19.5952285" lon="-155.9726671"/>
 <node id="2932271527" visible="true" version="3" changeset="41747352" timestamp="2016-08-28T03:07:49Z" user="Tom_Holland" uid="574654" lat="19.5952852" lon="-155.9725814"/>
 <node id="2972328056" visible="true" version="3" changeset="142165132" timestamp="2023-10-04T22:11:03Z" user="VLD170" uid="11417369" lat="19.5988201" lon="-155.9745182"/>
 <node id="2972328057" visible="true" version="3" changeset="142165132" timestamp="2023-10-04T22:11:03Z" user="VLD170" uid="11417369" lat="19.5987516" lon="-155.9744980"/>
 <node id="2972328058" visible="true" version="3" changeset="142165132" timestamp="2023-10-04T22:11:03Z" user="VLD170" uid="11417369" lat="19.5987459" lon="-155.9745197"/>
 <node id="2972328059" visible="true" version="3" changeset="142165132" timestamp="2023-10-04T22:11:03Z" user="VLD170" uid="11417369" lat="19.5986458" lon="-155.9744900"/>
 <node id="2972328060" visible="true" version="3" changeset="142165132" timestamp="2023-10-04T22:11:03Z" user="VLD170" uid="11417369" lat="19.5986772" lon="-155.9743708"/>
 <node id="2972328061" visible="true" version="3" changeset="142165132" timestamp="2023-10-04T22:11:03Z" user="VLD170" uid="11417369" lat="19.5987021" lon="-155.9743781"/>
 <node id="2972328062" visible="true" version="3" changeset="142165132" timestamp="2023-10-04T22:11:03Z" user="VLD170" uid="11417369" lat="19.5987075" lon="-155.9743577"/>
 <node id="2972328063" visible="true" version="3" changeset="142165132" timestamp="2023-10-04T22:11:03Z" user="VLD170" uid="11417369" lat="19.5987645" lon="-155.9743745"/>
 <node id="2972328064" visible="true" version="3" changeset="142165132" timestamp="2023-10-04T22:11:03Z" user="VLD170" uid="11417369" lat="19.5987603" lon="-155.9743906"/>
 <node id="2972328065" visible="true" version="3" changeset="142165132" timestamp="2023-10-04T22:11:03Z" user="VLD170" uid="11417369" lat="19.5988469" lon="-155.9744162"/>
 <node id="2972328066" visible="true" version="3" changeset="142165132" timestamp="2023-10-04T22:11:03Z" user="VLD170" uid="11417369" lat="19.5986190" lon="-155.9744048"/>
 <node id="2972328067" visible="true" version="3" changeset="142165132" timestamp="2023-10-04T22:11:03Z" user="VLD170" uid="11417369" lat="19.5985742" lon="-155.9743311"/>
 <node id="2972328068" visible="true" version="3" changeset="142165132" timestamp="2023-10-04T22:11:03Z" user="VLD170" uid="11417369" lat="19.5986497" lon="-155.9742794"/>
 <node id="2972328069" visible="true" version="3" changeset="142165132" timestamp="2023-10-04T22:11:03Z" user="VLD170" uid="11417369" lat="19.5986945" lon="-155.9743531"/>
 <node id="2972328070" visible="true" version="2" changeset="35712104" timestamp="2015-12-02T18:41:19Z" user="Mission Aware Technologies" uid="2139707" lat="19.5985600" lon="-155.9743557"/>
 <node id="2972328071" visible="true" version="2" changeset="35712104" timestamp="2015-12-02T18:41:19Z" user="Mission Aware Technologies" uid="2139707" lat="19.5984635" lon="-155.9743243"/>
 <node id="2972328072" visible="true" version="2" changeset="35712104" timestamp="2015-12-02T18:41:19Z" user="Mission Aware Technologies" uid="2139707" lat="19.5984677" lon="-155.9743097"/>
 <node id="2972328073" visible="true" version="2" changeset="35712104" timestamp="2015-12-02T18:41:19Z" user="Mission Aware Technologies" uid="2139707" lat="19.5983280" lon="-155.9742642"/>
 <node id="2972328074" visible="true" version="2" changeset="35712104" timestamp="2015-12-02T18:41:19Z" user="Mission Aware Technologies" uid="2139707" lat="19.5983528" lon="-155.9741784"/>
 <node id="2972328075" visible="true" version="2" changeset="35712104" timestamp="2015-12-02T18:41:19Z" user="Mission Aware Technologies" uid="2139707" lat="19.5984730" lon="-155.9742175"/>
 <node id="2972328076" visible="true" version="2" changeset="35712104" timestamp="2015-12-02T18:41:19Z" user="Mission Aware Technologies" uid="2139707" lat="19.5984651" lon="-155.9742447"/>
 <node id="2972328077" visible="true" version="2" changeset="35712104" timestamp="2015-12-02T18:41:19Z" user="Mission Aware Technologies" uid="2139707" lat="19.5984770" lon="-155.9742486"/>
 <node id="2972328078" visible="true" version="2" changeset="35712104" timestamp="2015-12-02T18:41:19Z" user="Mission Aware Technologies" uid="2139707" lat="19.5984855" lon="-155.9742191"/>
 <node id="2972328079" visible="true" version="2" changeset="35712104" timestamp="2015-12-02T18:41:19Z" user="Mission Aware Technologies" uid="2139707" lat="19.5986099" lon="-155.9742596"/>
 <node id="2972328080" visible="true" version="2" changeset="35712104" timestamp="2015-12-02T18:41:19Z" user="Mission Aware Technologies" uid="2139707" lat="19.5985970" lon="-155.9743044"/>
 <node id="2972328081" visible="true" version="2" changeset="35712104" timestamp="2015-12-02T18:41:19Z" user="Mission Aware Technologies" uid="2139707" lat="19.5985767" lon="-155.9742978"/>
 <node id="2972328082" visible="true" version="2" changeset="35712104" timestamp="2015-12-02T18:41:18Z" user="Mission Aware Technologies" uid="2139707" lat="19.5982764" lon="-155.9743134"/>
 <node id="2972328083" visible="true" version="2" changeset="35712104" timestamp="2015-12-02T18:41:18Z" user="Mission Aware Technologies" uid="2139707" lat="19.5981795" lon="-155.9742786"/>
 <node id="2972328084" visible="true" version="2" changeset="35712104" timestamp="2015-12-02T18:41:18Z" user="Mission Aware Technologies" uid="2139707" lat="19.5982034" lon="-155.9742034"/>
 <node id="2972328085" visible="true" version="2" changeset="35712104" timestamp="2015-12-02T18:41:18Z" user="Mission Aware Technologies" uid="2139707" lat="19.5981760" lon="-155.9741935"/>
 <node id="2972328086" visible="true" version="2" changeset="35712104" timestamp="2015-12-02T18:41:19Z" user="Mission Aware Technologies" uid="2139707" lat="19.5982001" lon="-155.9741178"/>
 <node id="2972328087" visible="true" version="2" changeset="35712104" timestamp="2015-12-02T18:41:19Z" user="Mission Aware Technologies" uid="2139707" lat="19.5983245" lon="-155.9741625"/>
 <node id="2972328088" visible="true" version="2" changeset="35712104" timestamp="2015-12-02T18:41:20Z" user="Mission Aware Technologies" uid="2139707" lat="19.5976489" lon="-155.9739219"/>
 <node id="2972328089" visible="true" version="2" changeset="35712104" timestamp="2015-12-02T18:41:20Z" user="Mission Aware Technologies" uid="2139707" lat="19.5975405" lon="-155.9739041"/>
 <node id="2972328090" visible="true" version="2" changeset="35712104" timestamp="2015-12-02T18:41:20Z" user="Mission Aware Technologies" uid="2139707" lat="19.5975421" lon="-155.9738925"/>
 <node id="2972328091" visible="true" version="2" changeset="35712104" timestamp="2015-12-02T18:41:20Z" user="Mission Aware Technologies" uid="2139707" lat="19.5974491" lon="-155.9738772"/>
 <node id="2972328092" visible="true" version="2" changeset="35712104" timestamp="2015-12-02T18:41:20Z" user="Mission Aware Technologies" uid="2139707" lat="19.5974633" lon="-155.9737797"/>
 <node id="2972328093" visible="true" version="2" changeset="35712104" timestamp="2015-12-02T18:41:20Z" user="Mission Aware Technologies" uid="2139707" lat="19.5975932" lon="-155.9738010"/>
 <node id="2972328094" visible="true" version="2" changeset="35712104" timestamp="2015-12-02T18:41:20Z" user="Mission Aware Technologies" uid="2139707" lat="19.5975898" lon="-155.9738244"/>
 <node id="2972328095" visible="true" version="2" changeset="35712104" timestamp="2015-12-02T18:41:20Z" user="Mission Aware Technologies" uid="2139707" lat="19.5976614" lon="-155.9738361"/>
 <node id="2972328096" visible="true" version="2" changeset="35712104" timestamp="2015-12-02T18:41:20Z" user="Mission Aware Technologies" uid="2139707" lat="19.5973712" lon="-155.9737896"/>
 <node id="2972328097" visible="true" version="2" changeset="35712104" timestamp="2015-12-02T18:41:20Z" user="Mission Aware Technologies" uid="2139707" lat="19.5973988" lon="-155.9737316"/>
 <node id="2972328098" visible="true" version="2" changeset="35712104" timestamp="2015-12-02T18:41:20Z" user="Mission Aware Technologies" uid="2139707" lat="19.5973291" lon="-155.9736942"/>
 <node id="2972328099" visible="true" version="2" changeset="35712104" timestamp="2015-12-02T18:41:20Z" user="Mission Aware Technologies" uid="2139707" lat="19.5973227" lon="-155.9737075"/>
 <node id="2972328100" visible="true" version="2" changeset="35712104" timestamp="2015-12-02T18:41:20Z" user="Mission Aware Technologies" uid="2139707" lat="19.5972220" lon="-155.9736534"/>
 <node id="2972328101" visible="true" version="2" changeset="35712104" timestamp="2015-12-02T18:41:20Z" user="Mission Aware Technologies" uid="2139707" lat="19.5972007" lon="-155.9736980"/>
 <node id="2972328102" visible="true" version="2" changeset="35712104" timestamp="2015-12-02T18:41:20Z" user="Mission Aware Technologies" uid="2139707" lat="19.5971357" lon="-155.9736858"/>
 <node id="2972328103" visible="true" version="2" changeset="35712104" timestamp="2015-12-02T18:41:20Z" user="Mission Aware Technologies" uid="2139707" lat="19.5969895" lon="-155.9736248"/>
 <node id="2972328104" visible="true" version="2" changeset="35712104" timestamp="2015-12-02T18:41:20Z" user="Mission Aware Technologies" uid="2139707" lat="19.5969934" lon="-155.9736143"/>
 <node id="2972328105" visible="true" version="2" changeset="35712104" timestamp="2015-12-02T18:41:20Z" user="Mission Aware Technologies" uid="2139707" lat="19.5968481" lon="-155.9735536"/>
 <node id="2972328106" visible="true" version="2" changeset="35712104" timestamp="2015-12-02T18:41:20Z" user="Mission Aware Technologies" uid="2139707" lat="19.5968708" lon="-155.9734923"/>
 <node id="2972328107" visible="true" version="2" changeset="35712104" timestamp="2015-12-02T18:41:20Z" user="Mission Aware Technologies" uid="2139707" lat="19.5970299" lon="-155.9735587"/>
 <node id="2972328108" visible="true" version="2" changeset="35712104" timestamp="2015-12-02T18:41:20Z" user="Mission Aware Technologies" uid="2139707" lat="19.5970356" lon="-155.9735435"/>
 <node id="2972328109" visible="true" version="2" changeset="35712104" timestamp="2015-12-02T18:41:20Z" user="Mission Aware Technologies" uid="2139707" lat="19.5971680" lon="-155.9735987"/>
 <node id="2972328110" visible="true" version="2" changeset="35712104" timestamp="2015-12-02T18:41:20Z" user="Mission Aware Technologies" uid="2139707" lat="19.5966750" lon="-155.9734437"/>
 <node id="2972328111" visible="true" version="2" changeset="35712104" timestamp="2015-12-02T18:41:20Z" user="Mission Aware Technologies" uid="2139707" lat="19.5965478" lon="-155.9733792"/>
 <node id="2972328112" visible="true" version="2" changeset="35712104" timestamp="2015-12-02T18:41:20Z" user="Mission Aware Technologies" uid="2139707" lat="19.5965741" lon="-155.9733209"/>
 <node id="2972328113" visible="true" version="2" changeset="35712104" timestamp="2015-12-02T18:41:20Z" user="Mission Aware Technologies" uid="2139707" lat="19.5967012" lon="-155.9733854"/>
 <node id="2972328114" visible="true" version="2" changeset="35712104" timestamp="2015-12-02T18:41:19Z" user="Mission Aware Technologies" uid="2139707" lat="19.5965833" lon="-155.9733983"/>
 <node id="2972328115" visible="true" version="2" changeset="35712104" timestamp="2015-12-02T18:41:20Z" user="Mission Aware Technologies" uid="2139707" lat="19.5965625" lon="-155.9734452"/>
 <node id="2972328116" visible="true" version="2" changeset="35712104" timestamp="2015-12-02T18:41:20Z" user="Mission Aware Technologies" uid="2139707" lat="19.5965219" lon="-155.9734250"/>
 <node id="2972328117" visible="true" version="2" changeset="35712104" timestamp="2015-12-02T18:41:20Z" user="Mission Aware Technologies" uid="2139707" lat="19.5965427" lon="-155.9733781"/>
 <node id="2972328118" visible="true" version="2" changeset="35712104" timestamp="2015-12-02T18:41:19Z" user="Mission Aware Technologies" uid="2139707" lat="19.5984819" lon="-155.9729052"/>
 <node id="2972328119" visible="true" version="2" changeset="35712104" timestamp="2015-12-02T18:41:19Z" user="Mission Aware Technologies" uid="2139707" lat="19.5984477" lon="-155.9728969"/>
 <node id="2972328120" visible="true" version="2" changeset="35712104" timestamp="2015-12-02T18:41:19Z" user="Mission Aware Technologies" uid="2139707" lat="19.5984376" lon="-155.9729437"/>
 <node id="2972328121" visible="true" version="2" changeset="35712104" timestamp="2015-12-02T18:41:19Z" user="Mission Aware Technologies" uid="2139707" lat="19.5983647" lon="-155.9729259"/>
 <node id="2972328122" visible="true" version="2" changeset="35712104" timestamp="2015-12-02T18:41:19Z" user="Mission Aware Technologies" uid="2139707" lat="19.5983574" lon="-155.9729592"/>
 <node id="2972328123" visible="true" version="2" changeset="35712104" timestamp="2015-12-02T18:41:19Z" user="Mission Aware Technologies" uid="2139707" lat="19.5983211" lon="-155.9729785"/>
 <node id="2972328124" visible="true" version="2" changeset="35712104" timestamp="2015-12-02T18:41:19Z" user="Mission Aware Technologies" uid="2139707" lat="19.5983088" lon="-155.9730273"/>
 <node id="2972328125" visible="true" version="2" changeset="35712104" timestamp="2015-12-02T18:41:19Z" user="Mission Aware Technologies" uid="2139707" lat="19.5982284" lon="-155.9730044"/>
 <node id="2972328126" visible="true" version="2" changeset="35712104" timestamp="2015-12-02T18:41:19Z" user="Mission Aware Technologies" uid="2139707" lat="19.5982392" lon="-155.9729615"/>
 <node id="2972328127" visible="true" version="2" changeset="35712104" timestamp="2015-12-02T18:41:19Z" user="Mission Aware Technologies" uid="2139707" lat="19.5982232" lon="-155.9729569"/>
 <node id="2972328128" visible="true" version="2" changeset="35712104" timestamp="2015-12-02T18:41:19Z" user="Mission Aware Technologies" uid="2139707" lat="19.5981782" lon="-155.9729885"/>
 <node id="2972328129" visible="true" version="2" changeset="35712104" timestamp="2015-12-02T18:41:19Z" user="Mission Aware Technologies" uid="2139707" lat="19.5980869" lon="-155.9729665"/>
 <node id="2972328130" visible="true" version="2" changeset="35712104" timestamp="2015-12-02T18:41:19Z" user="Mission Aware Technologies" uid="2139707" lat="19.5981247" lon="-155.9727896"/>
 <node id="2972328131" visible="true" version="2" changeset="35712104" timestamp="2015-12-02T18:41:19Z" user="Mission Aware Technologies" uid="2139707" lat="19.5982225" lon="-155.9728132"/>
 <node id="2972328132" visible="true" version="2" changeset="35712104" timestamp="2015-12-02T18:41:19Z" user="Mission Aware Technologies" uid="2139707" lat="19.5982190" lon="-155.9728292"/>
 <node id="2972328933" visible="true" version="2" changeset="35712104" timestamp="2015-12-02T18:41:19Z" user="Mission Aware Technologies" uid="2139707" lat="19.5982275" lon="-155.9728312"/>
 <node id="2972328934" visible="true" version="2" changeset="35712104" timestamp="2015-12-02T18:41:19Z" user="Mission Aware Technologies" uid="2139707" lat="19.5982463" lon="-155.9727439"/>
 <node id="2972328935" visible="true" version="2" changeset="35712104" timestamp="2015-12-02T18:41:19Z" user="Mission Aware Technologies" uid="2139707" lat="19.5983210" lon="-155.9727621"/>
 <node id="2972328936" visible="true" version="2" changeset="35712104" timestamp="2015-12-02T18:41:19Z" user="Mission Aware Technologies" uid="2139707" lat="19.5983100" lon="-155.9728132"/>
 <node id="2972328937" visible="true" version="2" changeset="35712104" timestamp="2015-12-02T18:41:19Z" user="Mission Aware Technologies" uid="2139707" lat="19.5983490" lon="-155.9728226"/>
 <node id="2972328938" visible="true" version="2" changeset="35712104" timestamp="2015-12-02T18:41:19Z" user="Mission Aware Technologies" uid="2139707" lat="19.5983521" lon="-155.9728082"/>
 <node id="2972328939" visible="true" version="2" changeset="35712104" timestamp="2015-12-02T18:41:19Z" user="Mission Aware Technologies" uid="2139707" lat="19.5983741" lon="-155.9728136"/>
 <node id="2972328940" visible="true" version="2" changeset="35712104" timestamp="2015-12-02T18:41:19Z" user="Mission Aware Technologies" uid="2139707" lat="19.5983800" lon="-155.9727861"/>
 <node id="2972328941" visible="true" version="2" changeset="35712104" timestamp="2015-12-02T18:41:19Z" user="Mission Aware Technologies" uid="2139707" lat="19.5985013" lon="-155.9728157"/>
 <node id="2972328942" visible="true" version="2" changeset="35712104" timestamp="2015-12-02T18:41:19Z" user="Mission Aware Technologies" uid="2139707" lat="19.5986215" lon="-155.9727431"/>
 <node id="2972328943" visible="true" version="2" changeset="35712104" timestamp="2015-12-02T18:41:19Z" user="Mission Aware Technologies" uid="2139707" lat="19.5985332" lon="-155.9727196"/>
 <node id="2972328944" visible="true" version="2" changeset="35712104" timestamp="2015-12-02T18:41:19Z" user="Mission Aware Technologies" uid="2139707" lat="19.5985560" lon="-155.9726231"/>
 <node id="2972328945" visible="true" version="2" changeset="35712104" timestamp="2015-12-02T18:41:19Z" user="Mission Aware Technologies" uid="2139707" lat="19.5986443" lon="-155.9726467"/>
 <node id="3741392557" visible="true" version="1" changeset="34001780" timestamp="2015-09-13T15:13:10Z" user="Erik_421" uid="3232775" lat="19.5951195" lon="-155.9721191"/>
 <node id="3741392558" visible="true" version="1" changeset="34001780" timestamp="2015-09-13T15:13:10Z" user="Erik_421" uid="3232775" lat="19.5953810" lon="-155.9716685"/>
 <node id="3741392559" visible="true" version="1" changeset="34001780" timestamp="2015-09-13T15:13:10Z" user="Erik_421" uid="3232775" lat="19.5954859" lon="-155.9717369"/>
 <node id="3741392560" visible="true" version="1" changeset="34001780" timestamp="2015-09-13T15:13:10Z" user="Erik_421" uid="3232775" lat="19.5952168" lon="-155.9722144"/>
 <node id="3873379247" visible="true" version="1" changeset="35712148" timestamp="2015-12-02T18:43:44Z" user="Mission Aware Technologies" uid="2139707" lat="19.5989523" lon="-155.9710854"/>
 <node id="3873379248" visible="true" version="1" changeset="35712148" timestamp="2015-12-02T18:43:44Z" user="Mission Aware Technologies" uid="2139707" lat="19.5988916" lon="-155.9710756"/>
 <node id="3873379249" visible="true" version="1" changeset="35712148" timestamp="2015-12-02T18:43:45Z" user="Mission Aware Technologies" uid="2139707" lat="19.5988880" lon="-155.9711007"/>
 <node id="3873379250" visible="true" version="1" changeset="35712148" timestamp="2015-12-02T18:43:45Z" user="Mission Aware Technologies" uid="2139707" lat="19.5987850" lon="-155.9710840"/>
 <node id="3873379251" visible="true" version="1" changeset="35712148" timestamp="2015-12-02T18:43:45Z" user="Mission Aware Technologies" uid="2139707" lat="19.5987881" lon="-155.9710625"/>
 <node id="3873379252" visible="true" version="1" changeset="35712148" timestamp="2015-12-02T18:43:45Z" user="Mission Aware Technologies" uid="2139707" lat="19.5987718" lon="-155.9710599"/>
 <node id="3873379253" visible="true" version="1" changeset="35712148" timestamp="2015-12-02T18:43:45Z" user="Mission Aware Technologies" uid="2139707" lat="19.5987739" lon="-155.9710451"/>
 <node id="3873379254" visible="true" version="1" changeset="35712148" timestamp="2015-12-02T18:43:45Z" user="Mission Aware Technologies" uid="2139707" lat="19.5987108" lon="-155.9710349"/>
 <node id="3873379255" visible="true" version="1" changeset="35712148" timestamp="2015-12-02T18:43:45Z" user="Mission Aware Technologies" uid="2139707" lat="19.5987275" lon="-155.9709182"/>
 <node id="3873379256" visible="true" version="1" changeset="35712148" timestamp="2015-12-02T18:43:45Z" user="Mission Aware Technologies" uid="2139707" lat="19.5987788" lon="-155.9709265"/>
 <node id="3873384357" visible="true" version="1" changeset="35712148" timestamp="2015-12-02T18:43:45Z" user="Mission Aware Technologies" uid="2139707" lat="19.5987806" lon="-155.9709137"/>
 <node id="3873384358" visible="true" version="1" changeset="35712148" timestamp="2015-12-02T18:43:45Z" user="Mission Aware Technologies" uid="2139707" lat="19.5989069" lon="-155.9709341"/>
 <node id="3873384359" visible="true" version="1" changeset="35712148" timestamp="2015-12-02T18:43:45Z" user="Mission Aware Technologies" uid="2139707" lat="19.5989047" lon="-155.9709499"/>
 <node id="3873384360" visible="true" version="1" changeset="35712148" timestamp="2015-12-02T18:43:45Z" user="Mission Aware Technologies" uid="2139707" lat="19.5989163" lon="-155.9709518"/>
 <node id="3873384361" visible="true" version="1" changeset="35712148" timestamp="2015-12-02T18:43:45Z" user="Mission Aware Technologies" uid="2139707" lat="19.5989147" lon="-155.9709628"/>
 <node id="3873384362" visible="true" version="1" changeset="35712148" timestamp="2015-12-02T18:43:45Z" user="Mission Aware Technologies" uid="2139707" lat="19.5989686" lon="-155.9709715"/>
 <node id="4370489154" visible="true" version="1" changeset="41746617" timestamp="2016-08-28T01:08:19Z" user="Tom_Holland" uid="574654" lat="19.5947069" lon="-155.9705102"/>
 <node id="4370489155" visible="true" version="1" changeset="41746617" timestamp="2016-08-28T01:08:19Z" user="Tom_Holland" uid="574654" lat="19.5966489" lon="-155.9712942"/>
 <node id="4370489156" visible="true" version="2" changeset="182405024" timestamp="2026-05-09T00:23:33Z" user="Abaluni_Lyft" uid="23086916" lat="19.5985387" lon="-155.9741655"/>
 <node id="4370489157" visible="true" version="2" changeset="182405024" timestamp="2026-05-09T00:23:33Z" user="Abaluni_Lyft" uid="23086916" lat="19.5987516" lon="-155.9742242"/>
 <node id="4370489158" visible="true" version="2" changeset="182405024" timestamp="2026-05-09T00:23:33Z" user="Abaluni_Lyft" uid="23086916" lat="19.5990130" lon="-155.9742845"/>
 <node id="4370489159" visible="true" version="1" changeset="41746617" timestamp="2016-08-28T01:08:19Z" user="Tom_Holland" uid="574654" lat="19.6007777" lon="-155.9746302"/>
 <node id="4370489160" visible="true" version="1" changeset="41746617" timestamp="2016-08-28T01:08:19Z" user="Tom_Holland" uid="574654" lat="19.6007865" lon="-155.9745496"/>
 <node id="4370489161" visible="true" version="1" changeset="41746617" timestamp="2016-08-28T01:08:19Z" user="Tom_Holland" uid="574654" lat="19.6007927" lon="-155.9744927"/>
 <node id="4370489162" visible="true" version="1" changeset="41746617" timestamp="2016-08-28T01:08:19Z" user="Tom_Holland" uid="574654" lat="19.6011800" lon="-155.9746592"/>
 <node id="4370489163" visible="true" version="1" changeset="41746617" timestamp="2016-08-28T01:08:19Z" user="Tom_Holland" uid="574654" lat="19.6011813" lon="-155.9745781"/>
 <node id="4370489164" visible="true" version="1" changeset="41746617" timestamp="2016-08-28T01:08:19Z" user="Tom_Holland" uid="574654" lat="19.6011822" lon="-155.9745208"/>
 <node id="4370489165" visible="true" version="1" changeset="41746617" timestamp="2016-08-28T01:08:19Z" user="Tom_Holland" uid="574654" lat="19.6015723" lon="-155.9745066"/>
 <node id="4370489166" visible="true" version="1" changeset="41746617" timestamp="2016-08-28T01:08:19Z" user="Tom_Holland" uid="574654" lat="19.6015769" lon="-155.9745637"/>
 <node id="4370489167" visible="true" version="1" changeset="41746617" timestamp="2016-08-28T01:08:19Z" user="Tom_Holland" uid="574654" lat="19.6016961" lon="-155.9744880"/>
 <node id="4370489168" visible="true" version="1" changeset="41746617" timestamp="2016-08-28T01:08:19Z" user="Tom_Holland" uid="574654" lat="19.6018205" lon="-155.9748433"/>
 <node id="4370489169" visible="true" version="1" changeset="41746617" timestamp="2016-08-28T01:08:19Z" user="Tom_Holland" uid="574654" lat="19.6018409" lon="-155.9736983"/>
 <node id="4370489170" visible="true" version="1" changeset="41746617" timestamp="2016-08-28T01:08:19Z" user="Tom_Holland" uid="574654" lat="19.6019690" lon="-155.9745067"/>
 <node id="4370489171" visible="true" version="1" changeset="41746617" timestamp="2016-08-28T01:08:19Z" user="Tom_Holland" uid="574654" lat="19.6025609" lon="-155.9745926"/>
 <node id="4370489172" visible="true" version="1" changeset="41746617" timestamp="2016-08-28T01:08:19Z" user="Tom_Holland" uid="574654" lat="19.6027119" lon="-155.9743619"/>
 <node id="4370489173" visible="true" version="1" changeset="41746617" timestamp="2016-08-28T01:08:19Z" user="Tom_Holland" uid="574654" lat="19.6027244" lon="-155.9744419"/>
 <node id="4370489174" visible="true" version="1" changeset="41746617" timestamp="2016-08-28T01:08:19Z" user="Tom_Holland" uid="574654" lat="19.6027401" lon="-155.9736157"/>
 <node id="4370489175" visible="true" version="1" changeset="41746617" timestamp="2016-08-28T01:08:19Z" user="Tom_Holland" uid="574654" lat="19.6029812" lon="-155.9743192"/>
 <node id="4370489176" visible="true" version="1" changeset="41746617" timestamp="2016-08-28T01:08:19Z" user="Tom_Holland" uid="574654" lat="19.6029884" lon="-155.9744000"/>
 <node id="4370489177" visible="true" version="1" changeset="41746617" timestamp="2016-08-28T01:08:19Z" user="Tom_Holland" uid="574654" lat="19.6030698" lon="-155.9735972"/>
 <node id="4370489178" visible="true" version="1" changeset="41746617" timestamp="2016-08-28T01:08:19Z" user="Tom_Holland" uid="574654" lat="19.6032524" lon="-155.9743886"/>
 <node id="4370489179" visible="true" version="1" changeset="41746617" timestamp="2016-08-28T01:08:19Z" user="Tom_Holland" uid="574654" lat="19.6032534" lon="-155.9743074"/>
 <node id="4370489180" visible="true" version="1" changeset="41746617" timestamp="2016-08-28T01:08:19Z" user="Tom_Holland" uid="574654" lat="19.6034018" lon="-155.9736164"/>
 <node id="4370489181" visible="true" version="1" changeset="41746617" timestamp="2016-08-28T01:08:19Z" user="Tom_Holland" uid="574654" lat="19.6035159" lon="-155.9744074"/>
 <node id="4370489182" visible="true" version="1" changeset="41746617" timestamp="2016-08-28T01:08:19Z" user="Tom_Holland" uid="574654" lat="19.6035251" lon="-155.9743268"/>
 <node id="4370489183" visible="true" version="1" changeset="41746617" timestamp="2016-08-28T01:08:19Z" user="Tom_Holland" uid="574654" lat="19.6037300" lon="-155.9736735"/>
 <node id="4370489184" visible="true" version="1" changeset="41746617" timestamp="2016-08-28T01:08:19Z" user="Tom_Holland" uid="574654" lat="19.6037934" lon="-155.9743770"/>
 <node id="4370489185" visible="true" version="1" changeset="41746617" timestamp="2016-08-28T01:08:19Z" user="Tom_Holland" uid="574654" lat="19.6040505" lon="-155.9737676"/>
 <node id="4370489186" visible="true" version="1" changeset="41746617" timestamp="2016-08-28T01:08:19Z" user="Tom_Holland" uid="574654" lat="19.6040549" lon="-155.9744575"/>
 <node id="4370489187" visible="true" version="1" changeset="41746617" timestamp="2016-08-28T01:08:19Z" user="Tom_Holland" uid="574654" lat="19.6043069" lon="-155.9745673"/>
 <node id="4370489188" visible="true" version="1" changeset="41746617" timestamp="2016-08-28T01:08:19Z" user="Tom_Holland" uid="574654" lat="19.6043596" lon="-155.9738977"/>
 <node id="4370492289" visible="true" version="1" changeset="41746617" timestamp="2016-08-28T01:08:19Z" user="Tom_Holland" uid="574654" lat="19.6045463" lon="-155.9747052"/>
 <node id="4370492290" visible="true" version="1" changeset="41746617" timestamp="2016-08-28T01:08:19Z" user="Tom_Holland" uid="574654" lat="19.6045723" lon="-155.9746551"/>
 <node id="4370492291" visible="true" version="1" changeset="41746617" timestamp="2016-08-28T01:08:19Z" user="Tom_Holland" uid="574654" lat="19.6046538" lon="-155.9740622"/>
 <node id="4370492292" visible="true" version="1" changeset="41746617" timestamp="2016-08-28T01:08:20Z" user="Tom_Holland" uid="574654" lat="19.6054150" lon="-155.9751586"/>
 <node id="4370492293" visible="true" version="1" changeset="41746617" timestamp="2016-08-28T01:08:20Z" user="Tom_Holland" uid="574654" lat="19.6055263" lon="-155.9752148"/>
 <node id="4370492294" visible="true" version="1" changeset="41746617" timestamp="2016-08-28T01:08:20Z" user="Tom_Holland" uid="574654" lat="19.6060067" lon="-155.9735465"/>
 <node id="4370544215" visible="true" version="1" changeset="41747352" timestamp="2016-08-28T03:07:36Z" user="Tom_Holland" uid="574654" lat="19.5939521" lon="-155.9711799"/>
 <node id="4370544216" visible="true" version="1" changeset="41747352" timestamp="2016-08-28T03:07:36Z" user="Tom_Holland" uid="574654" lat="19.5941868" lon="-155.9712968"/>
 <node id="4370544217" visible="true" version="1" changeset="41747352" timestamp="2016-08-28T03:07:36Z" user="Tom_Holland" uid="574654" lat="19.5944103" lon="-155.9714365"/>
 <node id="4370544218" visible="true" version="1" changeset="41747352" timestamp="2016-08-28T03:07:36Z" user="Tom_Holland" uid="574654" lat="19.5945117" lon="-155.9708200"/>
 <node id="4370544219" visible="true" version="1" changeset="41747352" timestamp="2016-08-28T03:07:36Z" user="Tom_Holland" uid="574654" lat="19.5946204" lon="-155.9715979"/>
 <node id="4370544220" visible="true" version="1" changeset="41747352" timestamp="2016-08-28T03:07:36Z" user="Tom_Holland" uid="574654" lat="19.5946279" lon="-155.9701522"/>
 <node id="4370544221" visible="true" version="1" changeset="41747352" timestamp="2016-08-28T03:07:36Z" user="Tom_Holland" uid="574654" lat="19.5948238" lon="-155.9721357"/>
 <node id="4370544222" visible="true" version="1" changeset="41747352" timestamp="2016-08-28T03:07:36Z" user="Tom_Holland" uid="574654" lat="19.5949413" lon="-155.9719834"/>
 <node id="4370544223" visible="true" version="1" changeset="41747352" timestamp="2016-08-28T03:07:36Z" user="Tom_Holland" uid="574654" lat="19.5950626" lon="-155.9716649"/>
 <node id="4370544224" visible="true" version="1" changeset="41747352" timestamp="2016-08-28T03:07:36Z" user="Tom_Holland" uid="574654" lat="19.5951422" lon="-155.9715174"/>
 <node id="4370544225" visible="true" version="1" changeset="41747352" timestamp="2016-08-28T03:07:36Z" user="Tom_Holland" uid="574654" lat="19.5951586" lon="-155.9723958"/>
 <node id="4370544226" visible="true" version="1" changeset="41747352" timestamp="2016-08-28T03:07:36Z" user="Tom_Holland" uid="574654" lat="19.5952053" lon="-155.9718835"/>
 <node id="4370544227" visible="true" version="1" changeset="41747352" timestamp="2016-08-28T03:07:36Z" user="Tom_Holland" uid="574654" lat="19.5952104" lon="-155.9721048"/>
 <node id="4370544228" visible="true" version="1" changeset="41747352" timestamp="2016-08-28T03:07:36Z" user="Tom_Holland" uid="574654" lat="19.5952319" lon="-155.9710158"/>
 <node id="4370544229" visible="true" version="1" changeset="41747352" timestamp="2016-08-28T03:07:36Z" user="Tom_Holland" uid="574654" lat="19.5952496" lon="-155.9713618"/>
 <node id="4370544230" visible="true" version="1" changeset="41747352" timestamp="2016-08-28T03:07:36Z" user="Tom_Holland" uid="574654" lat="19.5952542" lon="-155.9717923"/>
 <node id="4370544231" visible="true" version="1" changeset="41747352" timestamp="2016-08-28T03:07:36Z" user="Tom_Holland" uid="574654" lat="19.5952748" lon="-155.9728156"/>
 <node id="4370544232" visible="true" version="1" changeset="41747352" timestamp="2016-08-28T03:07:36Z" user="Tom_Holland" uid="574654" lat="19.5953061" lon="-155.9719537"/>
 <node id="4370544233" visible="true" version="1" changeset="41747352" timestamp="2016-08-28T03:07:36Z" user="Tom_Holland" uid="574654" lat="19.5953317" lon="-155.9716475"/>
 <node id="4370544234" visible="true" version="1" changeset="41747352" timestamp="2016-08-28T03:07:36Z" user="Tom_Holland" uid="574654" lat="19.5953456" lon="-155.9716327"/>
 <node id="4370544235" visible="true" version="1" changeset="41747352" timestamp="2016-08-28T03:07:36Z" user="Tom_Holland" uid="574654" lat="19.5953532" lon="-155.9716757"/>
 <node id="4370544236" visible="true" version="1" changeset="41747352" timestamp="2016-08-28T03:07:36Z" user="Tom_Holland" uid="574654" lat="19.5953734" lon="-155.9725769"/>
 <node id="4370544237" visible="true" version="1" changeset="41747352" timestamp="2016-08-28T03:07:36Z" user="Tom_Holland" uid="574654" lat="19.5953936" lon="-155.9718124"/>
 <node id="4370544238" visible="true" version="1" changeset="41747352" timestamp="2016-08-28T03:07:36Z" user="Tom_Holland" uid="574654" lat="19.5954037" lon="-155.9720217"/>
 <node id="4370544239" visible="true" version="1" changeset="41747352" timestamp="2016-08-28T03:07:36Z" user="Tom_Holland" uid="574654" lat="19.5954062" lon="-155.9714933"/>
 <node id="4370544240" visible="true" version="1" changeset="41747352" timestamp="2016-08-28T03:07:36Z" user="Tom_Holland" uid="574654" lat="19.5955300" lon="-155.9724267"/>
 <node id="4370544241" visible="true" version="1" changeset="41747352" timestamp="2016-08-28T03:07:36Z" user="Tom_Holland" uid="574654" lat="19.5955578" lon="-155.9719010"/>
 <node id="4370544242" visible="true" version="1" changeset="41747352" timestamp="2016-08-28T03:07:36Z" user="Tom_Holland" uid="574654" lat="19.5955654" lon="-155.9721075"/>
 <node id="4370544243" visible="true" version="1" changeset="41747352" timestamp="2016-08-28T03:07:36Z" user="Tom_Holland" uid="574654" lat="19.5957297" lon="-155.9718849"/>
 <node id="4865634232" visible="true" version="1" changeset="48836453" timestamp="2017-05-20T06:06:22Z" user="amilopowers" uid="1514673" lat="19.6086340" lon="-155.9781530"/>
 <node id="4865634233" visible="true" version="1" changeset="48836453" timestamp="2017-05-20T06:06:22Z" user="amilopowers" uid="1514673" lat="19.6085780" lon="-155.9776747"/>
 <node id="4865634234" visible="true" version="1" changeset="48836453" timestamp="2017-05-20T06:06:22Z" user="amilopowers" uid="1514673" lat="19.6088852" lon="-155.9782617"/>
 <node id="4865634235" visible="true" version="1" changeset="48836453" timestamp="2017-05-20T06:06:22Z" user="amilopowers" uid="1514673" lat="19.6089172" lon="-155.9782006"/>
 <node id="4865634236" visible="true" version="1" changeset="48836453" timestamp="2017-05-20T06:06:22Z" user="amilopowers" uid="1514673" lat="19.6091677" lon="-155.9783207"/>
 <node id="4865634237" visible="true" version="1" changeset="48836453" timestamp="2017-05-20T06:06:22Z" user="amilopowers" uid="1514673" lat="19.6089716" lon="-155.9784391"/>
 <node id="4865634238" visible="true" version="1" changeset="48836453" timestamp="2017-05-20T06:06:22Z" user="amilopowers" uid="1514673" lat="19.6090205" lon="-155.9783706"/>
 <node id="4865634239" visible="true" version="1" changeset="48836453" timestamp="2017-05-20T06:06:22Z" user="amilopowers" uid="1514673" lat="19.6086769" lon="-155.9782437"/>
 <node id="4865634240" visible="true" version="1" changeset="48836453" timestamp="2017-05-20T06:06:22Z" user="amilopowers" uid="1514673" lat="19.6088640" lon="-155.9781869"/>
 <node id="4865634241" visible="true" version="1" changeset="48836453" timestamp="2017-05-20T06:06:22Z" user="amilopowers" uid="1514673" lat="19.6084736" lon="-155.9778263"/>
 <node id="4865634242" visible="true" version="1" changeset="48836453" timestamp="2017-05-20T06:06:22Z" user="amilopowers" uid="1514673" lat="19.6088363" lon="-155.9783303"/>
 <node id="4865634243" visible="true" version="1" changeset="48836453" timestamp="2017-05-20T06:06:22Z" user="amilopowers" uid="1514673" lat="19.6087096" lon="-155.9780563"/>
 <node id="4865634244" visible="true" version="1" changeset="48836453" timestamp="2017-05-20T06:06:22Z" user="amilopowers" uid="1514673" lat="19.6092024" lon="-155.9782911"/>
 <node id="4865634245" visible="true" version="1" changeset="48836453" timestamp="2017-05-20T06:06:22Z" user="amilopowers" uid="1514673" lat="19.6087694" lon="-155.9783139"/>
 <node id="4865703107" visible="true" version="1" changeset="48837103" timestamp="2017-05-20T07:01:12Z" user="amilopowers" uid="1514673" lat="19.6066606" lon="-155.9760243"/>
 <node id="4865703108" visible="true" version="1" changeset="48837103" timestamp="2017-05-20T07:01:12Z" user="amilopowers" uid="1514673" lat="19.6077315" lon="-155.9767033"/>
 <node id="4865703109" visible="true" version="1" changeset="48837103" timestamp="2017-05-20T07:01:12Z" user="amilopowers" uid="1514673" lat="19.6079085" lon="-155.9767333"/>
 <node id="4865703110" visible="true" version="1" changeset="48837103" timestamp="2017-05-20T07:01:12Z" user="amilopowers" uid="1514673" lat="19.6078672" lon="-155.9767991"/>
 <node id="4865703111" visible="true" version="1" changeset="48837103" timestamp="2017-05-20T07:01:12Z" user="amilopowers" uid="1514673" lat="19.6066041" lon="-155.9761211"/>
 <node id="4865703112" visible="true" version="1" changeset="48837103" timestamp="2017-05-20T07:01:12Z" user="amilopowers" uid="1514673" lat="19.6077727" lon="-155.9766375"/>
 <node id="4865703113" visible="true" version="1" changeset="48837103" timestamp="2017-05-20T07:01:12Z" user="amilopowers" uid="1514673" lat="19.6067765" lon="-155.9761006"/>
 <node id="4865703114" visible="true" version="1" changeset="48837103" timestamp="2017-05-20T07:01:12Z" user="amilopowers" uid="1514673" lat="19.6067200" lon="-155.9761974"/>
 <node id="4865733805" visible="true" version="1" changeset="48837428" timestamp="2017-05-20T07:29:47Z" user="amilopowers" uid="1514673" lat="19.6078724" lon="-155.9768542"/>
 <node id="4865733806" visible="true" version="2" changeset="177251548" timestamp="2026-01-15T09:52:29Z" user="achauhan_Lyft" uid="21943119" lat="19.6081303" lon="-155.9769175"/>
 <node id="4865733807" visible="true" version="1" changeset="48837428" timestamp="2017-05-20T07:29:47Z" user="amilopowers" uid="1514673" lat="19.6079667" lon="-155.9767380"/>
 <node id="4865733808" visible="true" version="1" changeset="48837428" timestamp="2017-05-20T07:29:47Z" user="amilopowers" uid="1514673" lat="19.6080082" lon="-155.9765806"/>
 <node id="4865733810" visible="true" version="3" changeset="158920775" timestamp="2024-11-09T06:55:24Z" user="wislander" uid="384146" lat="19.6078788" lon="-155.9769673"/>
 <node id="4865733811" visible="true" version="2" changeset="177251548" timestamp="2026-01-15T09:52:29Z" user="achauhan_Lyft" uid="21943119" lat="19.6080388" lon="-155.9768419"/>
 <node id="4865733812" visible="true" version="1" changeset="48837428" timestamp="2017-05-20T07:29:47Z" user="amilopowers" uid="1514673" lat="19.6082105" lon="-155.9765110"/>
 <node id="4865733813" visible="true" version="1" changeset="48837428" timestamp="2017-05-20T07:29:47Z" user="amilopowers" uid="1514673" lat="19.6080508" lon="-155.9767930"/>
 <node id="4865733814" visible="true" version="1" changeset="48837428" timestamp="2017-05-20T07:29:47Z" user="amilopowers" uid="1514673" lat="19.6080891" lon="-155.9764475"/>
 <node id="4865733815" visible="true" version="1" changeset="48837428" timestamp="2017-05-20T07:29:47Z" user="amilopowers" uid="1514673" lat="19.6079245" lon="-155.9767571"/>
 <node id="4865733816" visible="true" version="1" changeset="48837428" timestamp="2017-05-20T07:29:47Z" user="amilopowers" uid="1514673" lat="19.6080385" lon="-155.9768355"/>
 <node id="4865733818" visible="true" version="1" changeset="48837428" timestamp="2017-05-20T07:29:47Z" user="amilopowers" uid="1514673" lat="19.6079863" lon="-155.9769257"/>
 <node id="4865733819" visible="true" version="1" changeset="48837428" timestamp="2017-05-20T07:29:47Z" user="amilopowers" uid="1514673" lat="19.6080283" lon="-155.9766264"/>
 <node id="4866941942" visible="true" version="6" changeset="158920775" timestamp="2024-11-09T06:55:24Z" user="wislander" uid="384146" lat="19.6076561" lon="-155.9769846">
  <tag k="addr:city" v="Kailua-Kona"/>
  <tag k="addr:country" v="US"/>
  <tag k="addr:housenumber" v="76-6246"/>
  <tag k="addr:postcode" v="96740"/>
  <tag k="addr:state" v="HI"/>
  <tag k="addr:street" v="Alii Drive"/>
  <tag k="email" v="mark@millerssurf.com"/>
  <tag k="name" v="Miller's Surf &amp; Sports"/>
  <tag k="opening_hours" v="Mo-Su 08:30-18:00"/>
  <tag k="phone" v="+1-808-326-1771"/>
  <tag k="shop" v="sports"/>
  <tag k="website" v="https://www.millerssurf.com/"/>
 </node>
 <node id="5376969699" visible="true" version="1" changeset="55952666" timestamp="2018-02-01T02:22:36Z" user="redfire" uid="7139570" lat="19.5945253" lon="-155.9722674"/>
 <node id="5748003088" visible="true" version="1" changeset="60520654" timestamp="2018-07-08T23:44:22Z" user="kr4z33" uid="604586" lat="19.6086569" lon="-155.9750980"/>
 <node id="5748003089" visible="true" version="1" changeset="60520654" timestamp="2018-07-08T23:44:22Z" user="kr4z33" uid="604586" lat="19.6087517" lon="-155.9749408"/>
 <node id="5748003090" visible="true" version="1" changeset="60520654" timestamp="2018-07-08T23:44:22Z" user="kr4z33" uid="604586" lat="19.6086906" lon="-155.9748981"/>
 <node id="5748003091" visible="true" version="1" changeset="60520654" timestamp="2018-07-08T23:44:22Z" user="kr4z33" uid="604586" lat="19.6086647" lon="-155.9749408"/>
 <node id="5748003092" visible="true" version="1" changeset="60520654" timestamp="2018-07-08T23:44:22Z" user="kr4z33" uid="604586" lat="19.6086374" lon="-155.9749243"/>
 <node id="5748003093" visible="true" version="1" changeset="60520654" timestamp="2018-07-08T23:44:22Z" user="kr4z33" uid="604586" lat="19.6085646" lon="-155.9750415"/>
 <node id="6441114400" visible="true" version="1" changeset="69775682" timestamp="2019-05-01T17:52:14Z" user="Tom_Holland" uid="574654" lat="19.6276807" lon="-155.9881451"/>
 <node id="6441114401" visible="true" version="1" changeset="69775682" timestamp="2019-05-01T17:52:14Z" user="Tom_Holland" uid="574654" lat="19.6277017" lon="-155.9881477"/>
 <node id="6441114402" visible="true" version="1" changeset="69775682" timestamp="2019-05-01T17:52:14Z" user="Tom_Holland" uid="574654" lat="19.6277229" lon="-155.9881484"/>
 <node id="6441114403" visible="true" version="1" changeset="69775682" timestamp="2019-05-01T17:52:14Z" user="Tom_Holland" uid="574654" lat="19.6277440" lon="-155.9881473"/>
 <node id="6441114404" visible="true" version="1" changeset="69775682" timestamp="2019-05-01T17:52:14Z" user="Tom_Holland" uid="574654" lat="19.6277650" lon="-155.9881443"/>
 <node id="6441114405" visible="true" version="1" changeset="69775682" timestamp="2019-05-01T17:52:14Z" user="Tom_Holland" uid="574654" lat="19.6277857" lon="-155.9881395"/>
 <node id="6441114406" visible="true" version="1" changeset="69775682" timestamp="2019-05-01T17:52:14Z" user="Tom_Holland" uid="574654" lat="19.6278059" lon="-155.9881329"/>
 <node id="6441114407" visible="true" version="1" changeset="69775682" timestamp="2019-05-01T17:52:14Z" user="Tom_Holland" uid="574654" lat="19.6278256" lon="-155.9881246"/>
 <node id="6441114408" visible="true" version="1" changeset="69775682" timestamp="2019-05-01T17:52:14Z" user="Tom_Holland" uid="574654" lat="19.6278445" lon="-155.9881146"/>
 <node id="6441114409" visible="true" version="1" changeset="69775682" timestamp="2019-05-01T17:52:14Z" user="Tom_Holland" uid="574654" lat="19.6278626" lon="-155.9881029"/>
 <node id="6441114410" visible="true" version="1" changeset="69775682" timestamp="2019-05-01T17:52:14Z" user="Tom_Holland" uid="574654" lat="19.6278798" lon="-155.9880897"/>
 <node id="6441114411" visible="true" version="1" changeset="69775682" timestamp="2019-05-01T17:52:14Z" user="Tom_Holland" uid="574654" lat="19.6279556" lon="-155.9880388"/>
 <node id="6441114412" visible="true" version="1" changeset="69775682" timestamp="2019-05-01T17:52:14Z" user="Tom_Holland" uid="574654" lat="19.6279628" lon="-155.9880331"/>
 <node id="6441114413" visible="true" version="1" changeset="69775682" timestamp="2019-05-01T17:52:14Z" user="Tom_Holland" uid="574654" lat="19.6279704" lon="-155.9880282"/>
 <node id="6441114414" visible="true" version="1" changeset="69775682" timestamp="2019-05-01T17:52:14Z" user="Tom_Holland" uid="574654" lat="19.6279784" lon="-155.9880239"/>
 <node id="6441114415" visible="true" version="1" changeset="69775682" timestamp="2019-05-01T17:52:14Z" user="Tom_Holland" uid="574654" lat="19.6279867" lon="-155.9880204"/>
 <node id="6441114416" visible="true" version="1" changeset="69775682" timestamp="2019-05-01T17:52:14Z" user="Tom_Holland" uid="574654" lat="19.6279953" lon="-155.9880176"/>
 <node id="6441114417" visible="true" version="1" changeset="69775682" timestamp="2019-05-01T17:52:14Z" user="Tom_Holland" uid="574654" lat="19.6280041" lon="-155.9880156"/>
 <node id="6441114418" visible="true" version="1" changeset="69775682" timestamp="2019-05-01T17:52:14Z" user="Tom_Holland" uid="574654" lat="19.6280129" lon="-155.9880145"/>
 <node id="6441114419" visible="true" version="1" changeset="69775682" timestamp="2019-05-01T17:52:14Z" user="Tom_Holland" uid="574654" lat="19.6280219" lon="-155.9880141"/>
 <node id="6441114420" visible="true" version="1" changeset="69775682" timestamp="2019-05-01T17:52:14Z" user="Tom_Holland" uid="574654" lat="19.6280308" lon="-155.9880146"/>
 <node id="6441114421" visible="true" version="1" changeset="69775682" timestamp="2019-05-01T17:52:14Z" user="Tom_Holland" uid="574654" lat="19.6280397" lon="-155.9880158"/>
 <node id="6441114422" visible="true" version="1" changeset="69775682" timestamp="2019-05-01T17:52:14Z" user="Tom_Holland" uid="574654" lat="19.6280485" lon="-155.9880179"/>
 <node id="6441114423" visible="true" version="1" changeset="69775682" timestamp="2019-05-01T17:52:14Z" user="Tom_Holland" uid="574654" lat="19.6280570" lon="-155.9880208"/>
 <node id="6441114424" visible="true" version="1" changeset="69775682" timestamp="2019-05-01T17:52:14Z" user="Tom_Holland" uid="574654" lat="19.6280653" lon="-155.9880244"/>
 <node id="6441114425" visible="true" version="1" changeset="69775682" timestamp="2019-05-01T17:52:14Z" user="Tom_Holland" uid="574654" lat="19.6281185" lon="-155.9880388"/>
 <node id="6441114426" visible="true" version="1" changeset="69775682" timestamp="2019-05-01T17:52:15Z" user="Tom_Holland" uid="574654" lat="19.6281704" lon="-155.9880580"/>
 <node id="6441114427" visible="true" version="1" changeset="69775682" timestamp="2019-05-01T17:52:15Z" user="Tom_Holland" uid="574654" lat="19.6282206" lon="-155.9880816"/>
 <node id="6441114428" visible="true" version="1" changeset="69775682" timestamp="2019-05-01T17:52:15Z" user="Tom_Holland" uid="574654" lat="19.6282688" lon="-155.9881096"/>
 <node id="6441114429" visible="true" version="1" changeset="69775682" timestamp="2019-05-01T17:52:15Z" user="Tom_Holland" uid="574654" lat="19.6283147" lon="-155.9881417"/>
 <node id="6441114430" visible="true" version="1" changeset="69775682" timestamp="2019-05-01T17:52:15Z" user="Tom_Holland" uid="574654" lat="19.6283578" lon="-155.9881778"/>
 <node id="6441114431" visible="true" version="1" changeset="69775682" timestamp="2019-05-01T17:52:15Z" user="Tom_Holland" uid="574654" lat="19.6283980" lon="-155.9882176"/>
 <node id="6441114432" visible="true" version="1" changeset="69775682" timestamp="2019-05-01T17:52:15Z" user="Tom_Holland" uid="574654" lat="19.6284350" lon="-155.9882607"/>
 <node id="6441114433" visible="true" version="1" changeset="69775682" timestamp="2019-05-01T17:52:15Z" user="Tom_Holland" uid="574654" lat="19.6284684" lon="-155.9883070"/>
 <node id="6441739817" visible="true" version="1" changeset="69785541" timestamp="2019-05-02T00:58:55Z" user="Tom_Holland" uid="574654" lat="19.6235142" lon="-155.9855121"/>
 <node id="6441739818" visible="true" version="1" changeset="69785541" timestamp="2019-05-02T00:58:55Z" user="Tom_Holland" uid="574654" lat="19.6236695" lon="-155.9855619"/>
 <node id="6441739819" visible="true" version="1" changeset="69785541" timestamp="2019-05-02T00:58:55Z" user="Tom_Holland" uid="574654" lat="19.6238206" lon="-155.9856248"/>
 <node id="6445755327" visible="true" version="1" changeset="69848496" timestamp="2019-05-03T15:20:06Z" user="Tom_Holland" uid="574654" lat="19.6286351" lon="-155.9886315"/>
 <node id="6445755328" visible="true" version="1" changeset="69848496" timestamp="2019-05-03T15:20:06Z" user="Tom_Holland" uid="574654" lat="19.6286528" lon="-155.9886798"/>
 <node id="6445755329" visible="true" version="1" changeset="69848496" timestamp="2019-05-03T15:20:06Z" user="Tom_Holland" uid="574654" lat="19.6286857" lon="-155.9887844"/>
 <node id="6445755330" visible="true" version="1" changeset="69848496" timestamp="2019-05-03T15:20:06Z" user="Tom_Holland" uid="574654" lat="19.6286857" lon="-155.9888381"/>
 <node id="6445755331" visible="true" version="1" changeset="69848496" timestamp="2019-05-03T15:20:06Z" user="Tom_Holland" uid="574654" lat="19.6286604" lon="-155.9888837"/>
 <node id="6445755332" visible="true" version="1" changeset="69848496" timestamp="2019-05-03T15:20:06Z" user="Tom_Holland" uid="574654" lat="19.6286301" lon="-155.9889266"/>
 <node id="6445755333" visible="true" version="1" changeset="69848496" timestamp="2019-05-03T15:20:06Z" user="Tom_Holland" uid="574654" lat="19.6286175" lon="-155.9889802"/>
 <node id="6445755334" visible="true" version="1" changeset="69848496" timestamp="2019-05-03T15:20:06Z" user="Tom_Holland" uid="574654" lat="19.6286680" lon="-155.9889910"/>
 <node id="6445755335" visible="true" version="1" changeset="69848496" timestamp="2019-05-03T15:20:06Z" user="Tom_Holland" uid="574654" lat="19.6287185" lon="-155.9889776"/>
 <node id="6445755336" visible="true" version="1" changeset="69848496" timestamp="2019-05-03T15:20:06Z" user="Tom_Holland" uid="574654" lat="19.6287665" lon="-155.9889534"/>
 <node id="6445755337" visible="true" version="1" changeset="69848496" timestamp="2019-05-03T15:20:06Z" user="Tom_Holland" uid="574654" lat="19.6288170" lon="-155.9889507"/>
 <node id="6445755338" visible="true" version="1" changeset="69848496" timestamp="2019-05-03T15:20:06Z" user="Tom_Holland" uid="574654" lat="19.6288650" lon="-155.9889722"/>
 <node id="6445755339" visible="true" version="1" changeset="69848496" timestamp="2019-05-03T15:20:06Z" user="Tom_Holland" uid="574654" lat="19.6288903" lon="-155.9890178"/>
 <node id="6445755340" visible="true" version="1" changeset="69848496" timestamp="2019-05-03T15:20:06Z" user="Tom_Holland" uid="574654" lat="19.6289231" lon="-155.9890580"/>
 <node id="6445755341" visible="true" version="1" changeset="69848496" timestamp="2019-05-03T15:20:06Z" user="Tom_Holland" uid="574654" lat="19.6289610" lon="-155.9890983"/>
 <node id="6445755342" visible="true" version="1" changeset="69848496" timestamp="2019-05-03T15:20:06Z" user="Tom_Holland" uid="574654" lat="19.6289964" lon="-155.9891385"/>
 <node id="6445755343" visible="true" version="1" changeset="69848496" timestamp="2019-05-03T15:20:06Z" user="Tom_Holland" uid="574654" lat="19.6290267" lon="-155.9891814"/>
 <node id="6445755344" visible="true" version="1" changeset="69848496" timestamp="2019-05-03T15:20:06Z" user="Tom_Holland" uid="574654" lat="19.6290697" lon="-155.9892029"/>
 <node id="6445755345" visible="true" version="1" changeset="69848496" timestamp="2019-05-03T15:20:06Z" user="Tom_Holland" uid="574654" lat="19.6291126" lon="-155.9892350"/>
 <node id="6445755346" visible="true" version="1" changeset="69848496" timestamp="2019-05-03T15:20:06Z" user="Tom_Holland" uid="574654" lat="19.6291606" lon="-155.9892538"/>
 <node id="6445755347" visible="true" version="1" changeset="69848496" timestamp="2019-05-03T15:20:06Z" user="Tom_Holland" uid="574654" lat="19.6292036" lon="-155.9892860"/>
 <node id="6445755348" visible="true" version="1" changeset="69848496" timestamp="2019-05-03T15:20:06Z" user="Tom_Holland" uid="574654" lat="19.6292389" lon="-155.9893236"/>
 <node id="6445755349" visible="true" version="1" changeset="69848496" timestamp="2019-05-03T15:20:06Z" user="Tom_Holland" uid="574654" lat="19.6292642" lon="-155.9893718"/>
 <node id="6445755350" visible="true" version="1" changeset="69848496" timestamp="2019-05-03T15:20:07Z" user="Tom_Holland" uid="574654" lat="19.6292869" lon="-155.9894201"/>
 <node id="6445755351" visible="true" version="1" changeset="69848496" timestamp="2019-05-03T15:20:07Z" user="Tom_Holland" uid="574654" lat="19.6293198" lon="-155.9894630"/>
 <node id="6445755352" visible="true" version="1" changeset="69848496" timestamp="2019-05-03T15:20:07Z" user="Tom_Holland" uid="574654" lat="19.6293627" lon="-155.9894925"/>
 <node id="6445755353" visible="true" version="1" changeset="69848496" timestamp="2019-05-03T15:20:07Z" user="Tom_Holland" uid="574654" lat="19.6294082" lon="-155.9895167"/>
 <node id="6445755354" visible="true" version="1" changeset="69848496" timestamp="2019-05-03T15:20:07Z" user="Tom_Holland" uid="574654" lat="19.6294562" lon="-155.9895328"/>
 <node id="6445755355" visible="true" version="1" changeset="69848496" timestamp="2019-05-03T15:20:07Z" user="Tom_Holland" uid="574654" lat="19.6295017" lon="-155.9895542"/>
 <node id="6445755356" visible="true" version="1" changeset="69848496" timestamp="2019-05-03T15:20:07Z" user="Tom_Holland" uid="574654" lat="19.6295522" lon="-155.9895650"/>
 <node id="6445755357" visible="true" version="1" changeset="69848496" timestamp="2019-05-03T15:20:07Z" user="Tom_Holland" uid="574654" lat="19.6296053" lon="-155.9895703"/>
 <node id="6445755358" visible="true" version="1" changeset="69848496" timestamp="2019-05-03T15:20:07Z" user="Tom_Holland" uid="574654" lat="19.6297088" lon="-155.9895676"/>
 <node id="6445755359" visible="true" version="1" changeset="69848496" timestamp="2019-05-03T15:20:07Z" user="Tom_Holland" uid="574654" lat="19.6297594" lon="-155.9895650"/>
 <node id="6445755360" visible="true" version="1" changeset="69848496" timestamp="2019-05-03T15:20:07Z" user="Tom_Holland" uid="574654" lat="19.6298099" lon="-155.9895596"/>
 <node id="6445755361" visible="true" version="1" changeset="69848496" timestamp="2019-05-03T15:20:07Z" user="Tom_Holland" uid="574654" lat="19.6298604" lon="-155.9895676"/>
 <node id="6445755362" visible="true" version="1" changeset="69848496" timestamp="2019-05-03T15:20:07Z" user="Tom_Holland" uid="574654" lat="19.6299615" lon="-155.9895837"/>
 <node id="6445755363" visible="true" version="1" changeset="69848496" timestamp="2019-05-03T15:20:07Z" user="Tom_Holland" uid="574654" lat="19.6300575" lon="-155.9896213"/>
 <node id="6445755364" visible="true" version="1" changeset="69848496" timestamp="2019-05-03T15:20:07Z" user="Tom_Holland" uid="574654" lat="19.6300928" lon="-155.9896588"/>
 <node id="6445755365" visible="true" version="1" changeset="69848496" timestamp="2019-05-03T15:20:07Z" user="Tom_Holland" uid="574654" lat="19.6301004" lon="-155.9897098"/>
 <node id="6445755366" visible="true" version="1" changeset="69848496" timestamp="2019-05-03T15:20:07Z" user="Tom_Holland" uid="574654" lat="19.6301156" lon="-155.9897608"/>
 <node id="6445755367" visible="true" version="1" changeset="69848496" timestamp="2019-05-03T15:20:07Z" user="Tom_Holland" uid="574654" lat="19.6301434" lon="-155.9898064"/>
 <node id="6445755368" visible="true" version="1" changeset="69848496" timestamp="2019-05-03T15:20:07Z" user="Tom_Holland" uid="574654" lat="19.6302191" lon="-155.9898815"/>
 <node id="6445755369" visible="true" version="1" changeset="69848496" timestamp="2019-05-03T15:20:07Z" user="Tom_Holland" uid="574654" lat="19.6302621" lon="-155.9899136"/>
 <node id="6445755370" visible="true" version="1" changeset="69848496" timestamp="2019-05-03T15:20:07Z" user="Tom_Holland" uid="574654" lat="19.6303101" lon="-155.9899351"/>
 <node id="6445755371" visible="true" version="1" changeset="69848496" timestamp="2019-05-03T15:20:07Z" user="Tom_Holland" uid="574654" lat="19.6303657" lon="-155.9899405"/>
 <node id="6445755372" visible="true" version="1" changeset="69848496" timestamp="2019-05-03T15:20:07Z" user="Tom_Holland" uid="574654" lat="19.6304137" lon="-155.9899163"/>
 <node id="6445755373" visible="true" version="1" changeset="69848496" timestamp="2019-05-03T15:20:07Z" user="Tom_Holland" uid="574654" lat="19.6304516" lon="-155.9898761"/>
 <node id="6445755374" visible="true" version="1" changeset="69848496" timestamp="2019-05-03T15:20:07Z" user="Tom_Holland" uid="574654" lat="19.6305021" lon="-155.9898680"/>
 <node id="6445755375" visible="true" version="1" changeset="69848496" timestamp="2019-05-03T15:20:07Z" user="Tom_Holland" uid="574654" lat="19.6305526" lon="-155.9898841"/>
 <node id="6445755376" visible="true" version="1" changeset="69848496" timestamp="2019-05-03T15:20:07Z" user="Tom_Holland" uid="574654" lat="19.6305855" lon="-155.9899244"/>
 <node id="6445755377" visible="true" version="1" changeset="69848496" timestamp="2019-05-03T15:20:07Z" user="Tom_Holland" uid="574654" lat="19.6306284" lon="-155.9899539"/>
 <node id="6445755378" visible="true" version="1" changeset="69848496" timestamp="2019-05-03T15:20:07Z" user="Tom_Holland" uid="574654" lat="19.6306739" lon="-155.9899780"/>
 <node id="6445755379" visible="true" version="1" changeset="69848496" timestamp="2019-05-03T15:20:07Z" user="Tom_Holland" uid="574654" lat="19.6307244" lon="-155.9899914"/>
 <node id="6445755380" visible="true" version="1" changeset="69848496" timestamp="2019-05-03T15:20:07Z" user="Tom_Holland" uid="574654" lat="19.6307648" lon="-155.9900263"/>
 <node id="6445755381" visible="true" version="1" changeset="69848496" timestamp="2019-05-03T15:20:07Z" user="Tom_Holland" uid="574654" lat="19.6308002" lon="-155.9900665"/>
 <node id="6445755382" visible="true" version="1" changeset="69848496" timestamp="2019-05-03T15:20:07Z" user="Tom_Holland" uid="574654" lat="19.6308255" lon="-155.9901121"/>
 <node id="6445755383" visible="true" version="1" changeset="69848496" timestamp="2019-05-03T15:20:07Z" user="Tom_Holland" uid="574654" lat="19.6308280" lon="-155.9901658"/>
 <node id="6445755384" visible="true" version="1" changeset="69848496" timestamp="2019-05-03T15:20:07Z" user="Tom_Holland" uid="574654" lat="19.6308053" lon="-155.9902114"/>
 <node id="6445755385" visible="true" version="1" changeset="69848496" timestamp="2019-05-03T15:20:07Z" user="Tom_Holland" uid="574654" lat="19.6308280" lon="-155.9902597"/>
 <node id="6445755386" visible="true" version="1" changeset="69848496" timestamp="2019-05-03T15:20:07Z" user="Tom_Holland" uid="574654" lat="19.6308785" lon="-155.9902650"/>
 <node id="6445755387" visible="true" version="1" changeset="69848496" timestamp="2019-05-03T15:20:07Z" user="Tom_Holland" uid="574654" lat="19.6309063" lon="-155.9903079"/>
 <node id="6445755388" visible="true" version="1" changeset="69848496" timestamp="2019-05-03T15:20:07Z" user="Tom_Holland" uid="574654" lat="19.6309114" lon="-155.9903589"/>
 <node id="6445755389" visible="true" version="1" changeset="69848496" timestamp="2019-05-03T15:20:07Z" user="Tom_Holland" uid="574654" lat="19.6309215" lon="-155.9904099"/>
 <node id="6445755390" visible="true" version="1" changeset="69848496" timestamp="2019-05-03T15:20:07Z" user="Tom_Holland" uid="574654" lat="19.6309391" lon="-155.9904581"/>
 <node id="6445755391" visible="true" version="1" changeset="69848496" timestamp="2019-05-03T15:20:07Z" user="Tom_Holland" uid="574654" lat="19.6310124" lon="-155.9905359"/>
 <node id="6445755392" visible="true" version="1" changeset="69848496" timestamp="2019-05-03T15:20:07Z" user="Tom_Holland" uid="574654" lat="19.6310579" lon="-155.9905627"/>
 <node id="6445755393" visible="true" version="1" changeset="69848496" timestamp="2019-05-03T15:20:07Z" user="Tom_Holland" uid="574654" lat="19.6311008" lon="-155.9905922"/>
 <node id="6445755394" visible="true" version="1" changeset="69848496" timestamp="2019-05-03T15:20:07Z" user="Tom_Holland" uid="574654" lat="19.6311488" lon="-155.9906083"/>
 <node id="7283787548" visible="true" version="1" changeset="82030941" timestamp="2020-03-11T02:59:13Z" user="phidauex" uid="1231522" lat="19.6102277" lon="-155.9789708"/>
 <node id="7283787549" visible="true" version="2" changeset="178972929" timestamp="2026-02-24T06:49:55Z" user="sarya_Lyft" uid="18784339" lat="19.6107445" lon="-155.9776625"/>
 <node id="7283787550" visible="true" version="1" changeset="82030941" timestamp="2020-03-11T02:59:13Z" user="phidauex" uid="1231522" lat="19.6112299" lon="-155.9780113"/>
 <node id="7283787551" visible="true" version="1" changeset="82030941" timestamp="2020-03-11T02:59:13Z" user="phidauex" uid="1231522" lat="19.6116605" lon="-155.9783067"/>
 <node id="7283787552" visible="true" version="2" changeset="82076104" timestamp="2020-03-11T19:16:28Z" user="phidauex" uid="1231522" lat="19.6124633" lon="-155.9787815"/>
 <node id="7283787553" visible="true" version="2" changeset="82076104" timestamp="2020-03-11T19:16:28Z" user="phidauex" uid="1231522" lat="19.6120787" lon="-155.9776048">
  <tag k="access" v="no"/>
  <tag k="barrier" v="gate"/>
  <tag k="bicycle" v="permissive"/>
  <tag k="foot" v="permissive"/>
 </node>
 <node id="7285744291" visible="true" version="1" changeset="82076104" timestamp="2020-03-11T19:16:28Z" user="phidauex" uid="1231522" lat="19.6096127" lon="-155.9792065"/>
 <node id="7285744292" visible="true" version="1" changeset="82076104" timestamp="2020-03-11T19:16:28Z" user="phidauex" uid="1231522" lat="19.6097181" lon="-155.9789610"/>
 <node id="7285744293" visible="true" version="1" changeset="82076104" timestamp="2020-03-11T19:16:28Z" user="phidauex" uid="1231522" lat="19.6119317" lon="-155.9780713">
  <tag k="access" v="private"/>
  <tag k="barrier" v="gate"/>
 </node>
 <node id="7285744294" visible="true" version="1" changeset="82076104" timestamp="2020-03-11T19:16:28Z" user="phidauex" uid="1231522" lat="19.6096361" lon="-155.9790843"/>
 <node id="7285744295" visible="true" version="1" changeset="82076104" timestamp="2020-03-11T19:16:28Z" user="phidauex" uid="1231522" lat="19.6098654" lon="-155.9787289"/>
 <node id="7727247965" visible="true" version="3" changeset="146233212" timestamp="2024-01-14T03:56:30Z" user="ZeLonewolf" uid="219297" lat="19.6005254" lon="-155.9760053">
  <tag k="ele" v="1"/>
  <tag k="gnis:feature_id" v="360309"/>
  <tag k="name" v="Kamoa Point"/>
  <tag k="natural" v="cape"/>
  <tag k="source" v="GNIS"/>
 </node>
 <node id="10566551541" visible="true" version="1" changeset="131442037" timestamp="2023-01-19T00:29:14Z" user="Trougnouf" uid="9492512" lat="19.6030491" lon="-155.9742270">
  <tag k="amenity" v="shower"/>
 </node>
 <node id="10592385505" visible="true" version="1" changeset="131851916" timestamp="2023-01-29T19:16:38Z" user="Stifini" uid="5477029" lat="19.6138677" lon="-155.9727409">
  <tag k="addr:street" v="Royal Poincianna Way"/>
  <tag k="name" v="Airbnb"/>
  <tag k="tourism" v="guest_house"/>
 </node>
 <node id="10754897056" visible="true" version="1" changeset="134002836" timestamp="2023-03-23T02:36:48Z" user="carpiediem" uid="604595" lat="19.5937306" lon="-155.9711534"/>
 <node id="10754897058" visible="true" version="1" changeset="134002836" timestamp="2023-03-23T02:36:48Z" user="carpiediem" uid="604595" lat="19.5942865" lon="-155.9714353"/>
 <node id="10754901401" visible="true" version="1" changeset="134002793" timestamp="2023-03-23T02:34:22Z" user="carpiediem" uid="604595" lat="19.6067232" lon="-155.9763773"/>
 <node id="10754901402" visible="true" version="1" changeset="134002793" timestamp="2023-03-23T02:34:22Z" user="carpiediem" uid="604595" lat="19.6065030" lon="-155.9767269"/>
 <node id="10754901403" visible="true" version="1" changeset="134002793" timestamp="2023-03-23T02:34:22Z" user="carpiediem" uid="604595" lat="19.6065137" lon="-155.9766337"/>
 <node id="10754901404" visible="true" version="1" changeset="134002793" timestamp="2023-03-23T02:34:22Z" user="carpiediem" uid="604595" lat="19.6064709" lon="-155.9766031"/>
 <node id="10754907705" visible="true" version="1" changeset="134002793" timestamp="2023-03-23T02:34:22Z" user="carpiediem" uid="604595" lat="19.6064679" lon="-155.9765820"/>
 <node id="10754907706" visible="true" version="1" changeset="134002793" timestamp="2023-03-23T02:34:22Z" user="carpiediem" uid="604595" lat="19.6063722" lon="-155.9765223"/>
 <node id="10754907707" visible="true" version="1" changeset="134002793" timestamp="2023-03-23T02:34:22Z" user="carpiediem" uid="604595" lat="19.6063204" lon="-155.9765215"/>
 <node id="10754907708" visible="true" version="1" changeset="134002793" timestamp="2023-03-23T02:34:22Z" user="carpiediem" uid="604595" lat="19.6061932" lon="-155.9764522"/>
 <node id="10754907709" visible="true" version="1" changeset="134002793" timestamp="2023-03-23T02:34:22Z" user="carpiediem" uid="604595" lat="19.6060787" lon="-155.9763953"/>
 <node id="10754907710" visible="true" version="1" changeset="134002793" timestamp="2023-03-23T02:34:22Z" user="carpiediem" uid="604595" lat="19.6061714" lon="-155.9762209"/>
 <node id="10754907711" visible="true" version="1" changeset="134002793" timestamp="2023-03-23T02:34:22Z" user="carpiediem" uid="604595" lat="19.6062301" lon="-155.9762674"/>
 <node id="10754907712" visible="true" version="1" changeset="134002793" timestamp="2023-03-23T02:34:22Z" user="carpiediem" uid="604595" lat="19.6062676" lon="-155.9762197"/>
 <node id="10754907713" visible="true" version="1" changeset="134002793" timestamp="2023-03-23T02:34:22Z" user="carpiediem" uid="604595" lat="19.6066041" lon="-155.9764936"/>
 <node id="10754907714" visible="true" version="2" changeset="182405024" timestamp="2026-05-09T00:23:33Z" user="Abaluni_Lyft" uid="23086916" lat="19.6002271" lon="-155.9744812"/>
 <node id="10754907715" visible="true" version="1" changeset="134002793" timestamp="2023-03-23T02:34:22Z" user="carpiediem" uid="604595" lat="19.6001828" lon="-155.9746502"/>
 <node id="10754907716" visible="true" version="1" changeset="134002793" timestamp="2023-03-23T02:34:22Z" user="carpiediem" uid="604595" lat="19.6000314" lon="-155.9755024"/>
 <node id="10754907717" visible="true" version="1" changeset="134002793" timestamp="2023-03-23T02:34:22Z" user="carpiediem" uid="604595" lat="19.5999290" lon="-155.9760599"/>
 <node id="10754907718" visible="true" version="1" changeset="134002793" timestamp="2023-03-23T02:34:22Z" user="carpiediem" uid="604595" lat="19.5999023" lon="-155.9762576"/>
 <node id="10754907719" visible="true" version="1" changeset="134002793" timestamp="2023-03-23T02:34:22Z" user="carpiediem" uid="604595" lat="19.5998199" lon="-155.9764406"/>
 <node id="11001078851" visible="true" version="1" changeset="137671348" timestamp="2023-06-23T05:20:11Z" user="pmarkina_lyft" uid="12195744" lat="19.6225862" lon="-155.9853002"/>
 <node id="11001078855" visible="true" version="1" changeset="137671348" timestamp="2023-06-23T05:20:11Z" user="pmarkina_lyft" uid="12195744" lat="19.6220990" lon="-155.9851890"/>
 <node id="11001078870" visible="true" version="1" changeset="137671348" timestamp="2023-06-23T05:20:11Z" user="pmarkina_lyft" uid="12195744" lat="19.6214070" lon="-155.9850274"/>
 <node id="11001078875" visible="true" version="1" changeset="137671348" timestamp="2023-06-23T05:20:11Z" user="pmarkina_lyft" uid="12195744" lat="19.6207538" lon="-155.9848307"/>
 <node id="11001081409" visible="true" version="1" changeset="137671348" timestamp="2023-06-23T05:20:11Z" user="pmarkina_lyft" uid="12195744" lat="19.6204832" lon="-155.9847401"/>
 <node id="11001081424" visible="true" version="1" changeset="137671348" timestamp="2023-06-23T05:20:11Z" user="pmarkina_lyft" uid="12195744" lat="19.6211269" lon="-155.9849443"/>
 <node id="12091112806" visible="true" version="1" changeset="154793679" timestamp="2024-08-04T01:09:50Z" user="zbrown4" uid="14095775" lat="19.6184393" lon="-155.9839118"/>
 <node id="12091112808" visible="true" version="1" changeset="154793679" timestamp="2024-08-04T01:09:50Z" user="zbrown4" uid="14095775" lat="19.6194372" lon="-155.9811939"/>
 <node id="12198086314" visible="true" version="1" changeset="157060729" timestamp="2024-09-25T01:07:15Z" user="Dion Dock" uid="97431" lat="19.6238935" lon="-155.9856626"/>
 <node id="12325309150" visible="true" version="1" changeset="158920775" timestamp="2024-11-09T06:55:24Z" user="wislander" uid="384146" lat="19.6095254" lon="-155.9784783">
  <tag k="crossing" v="marked"/>
  <tag k="crossing:markings" v="ladder"/>
  <tag k="highway" v="crossing"/>
 </node>
 <node id="12325309151" visible="true" version="1" changeset="158920775" timestamp="2024-11-09T06:55:24Z" user="wislander" uid="384146" lat="19.6097068" lon="-155.9786156">
  <tag k="crossing" v="marked"/>
  <tag k="crossing:markings" v="ladder"/>
  <tag k="highway" v="crossing"/>
 </node>
 <node id="12325309152" visible="true" version="1" changeset="158920775" timestamp="2024-11-09T06:55:24Z" user="wislander" uid="384146" lat="19.6096602" lon="-155.9784968">
  <tag k="crossing" v="marked"/>
  <tag k="crossing:markings" v="lines"/>
  <tag k="highway" v="crossing"/>
 </node>
 <node id="12325309153" visible="true" version="1" changeset="158920775" timestamp="2024-11-09T06:55:24Z" user="wislander" uid="384146" lat="19.6078992" lon="-155.9769805">
  <tag k="crossing" v="marked"/>
  <tag k="crossing:markings" v="ladder"/>
  <tag k="highway" v="crossing"/>
 </node>
 <node id="12325334076" visible="true" version="1" changeset="158920716" timestamp="2024-11-09T06:52:07Z" user="wislander" uid="384146" lat="19.5909743" lon="-155.9712772">
  <tag k="crossing" v="marked"/>
  <tag k="crossing:markings" v="ladder"/>
  <tag k="highway" v="crossing"/>
 </node>
 <node id="12646859901" visible="true" version="4" changeset="182465236" timestamp="2026-05-10T12:49:08Z" user="Hypsometric" uid="3307068" lat="19.6126153" lon="-155.9807590">
  <tag k="addr:housenumber" v="75-6150"/>
  <tag k="addr:street" v="Aliʻi Drive"/>
  <tag k="name" v="Shoreline Access"/>
  <tag k="tourism" v="attraction"/>
 </node>
 <node id="12706100782" visible="true" version="2" changeset="164224911" timestamp="2025-03-28T20:10:36Z" user="BlakeyD" uid="22682848" lat="19.6143984" lon="-155.9819344"/>
 <node id="12706100785" visible="true" version="2" changeset="164224911" timestamp="2025-03-28T20:10:36Z" user="BlakeyD" uid="22682848" lat="19.6154635" lon="-155.9820333"/>
 <node id="12706100786" visible="true" version="3" changeset="168827771" timestamp="2025-07-12T09:05:31Z" user="Gleb_Artyomenko" uid="22194971" lat="19.6146022" lon="-155.9815452"/>
 <node id="12708375975" visible="true" version="2" changeset="165920278" timestamp="2025-05-07T05:29:14Z" user="BlakeyD" uid="22682848" lat="19.6144328" lon="-155.9814158"/>
 <node id="12708375976" visible="true" version="2" changeset="165920278" timestamp="2025-05-07T05:29:14Z" user="BlakeyD" uid="22682848" lat="19.6143016" lon="-155.9813506"/>
 <node id="12708375977" visible="true" version="2" changeset="165920278" timestamp="2025-05-07T05:29:14Z" user="BlakeyD" uid="22682848" lat="19.6143486" lon="-155.9812544"/>
 <node id="12708375978" visible="true" version="2" changeset="165920278" timestamp="2025-05-07T05:29:14Z" user="BlakeyD" uid="22682848" lat="19.6144266" lon="-155.9813023"/>
 <node id="12708375979" visible="true" version="2" changeset="165920278" timestamp="2025-05-07T05:29:14Z" user="BlakeyD" uid="22682848" lat="19.6144390" lon="-155.9813102"/>
 <node id="12708375980" visible="true" version="2" changeset="165920278" timestamp="2025-05-07T05:29:14Z" user="BlakeyD" uid="22682848" lat="19.6144653" lon="-155.9813494"/>
 <node id="12710594880" visible="true" version="1" changeset="164265400" timestamp="2025-03-29T20:54:31Z" user="BlakeyD" uid="22682848" lat="19.6145301" lon="-155.9838115"/>
 <node id="12710594881" visible="true" version="1" changeset="164265400" timestamp="2025-03-29T20:54:31Z" user="BlakeyD" uid="22682848" lat="19.6146335" lon="-155.9837478"/>
 <node id="12710594882" visible="true" version="1" changeset="164265400" timestamp="2025-03-29T20:54:31Z" user="BlakeyD" uid="22682848" lat="19.6146685" lon="-155.9835992"/>
 <node id="12710594883" visible="true" version="1" changeset="164265400" timestamp="2025-03-29T20:54:31Z" user="BlakeyD" uid="22682848" lat="19.6146335" lon="-155.9835744"/>
 <node id="12710594884" visible="true" version="1" changeset="164265400" timestamp="2025-03-29T20:54:31Z" user="BlakeyD" uid="22682848" lat="19.6145518" lon="-155.9836204"/>
 <node id="12710594885" visible="true" version="1" changeset="164265400" timestamp="2025-03-29T20:54:31Z" user="BlakeyD" uid="22682848" lat="19.6145001" lon="-155.9836947"/>
 <node id="12710594886" visible="true" version="1" changeset="164265400" timestamp="2025-03-29T20:54:31Z" user="BlakeyD" uid="22682848" lat="19.6144868" lon="-155.9837762"/>
 <node id="12816140819" visible="true" version="1" changeset="165920278" timestamp="2025-05-07T05:29:14Z" user="BlakeyD" uid="22682848" lat="19.6144319" lon="-155.9813275"/>
 <node id="12816140820" visible="true" version="1" changeset="165920278" timestamp="2025-05-07T05:29:14Z" user="BlakeyD" uid="22682848" lat="19.6144366" lon="-155.9812799"/>
 <node id="12816140821" visible="true" version="1" changeset="165920278" timestamp="2025-05-07T05:29:14Z" user="BlakeyD" uid="22682848" lat="19.6143944" lon="-155.9812579"/>
 <node id="12816140822" visible="true" version="1" changeset="165920278" timestamp="2025-05-07T05:29:14Z" user="BlakeyD" uid="22682848" lat="19.6143849" lon="-155.9812738"/>
 <node id="12816140823" visible="true" version="1" changeset="165920278" timestamp="2025-05-07T05:29:14Z" user="BlakeyD" uid="22682848" lat="19.6145680" lon="-155.9813233"/>
 <node id="12816140824" visible="true" version="1" changeset="165920278" timestamp="2025-05-07T05:29:14Z" user="BlakeyD" uid="22682848" lat="19.6145179" lon="-155.9812917"/>
 <node id="12816140825" visible="true" version="1" changeset="165920278" timestamp="2025-05-07T05:29:14Z" user="BlakeyD" uid="22682848" lat="19.6146050" lon="-155.9812539"/>
 <node id="12816140826" visible="true" version="1" changeset="165920278" timestamp="2025-05-07T05:29:14Z" user="BlakeyD" uid="22682848" lat="19.6145839" lon="-155.9812412"/>
 <node id="12816140827" visible="true" version="1" changeset="165920278" timestamp="2025-05-07T05:29:14Z" user="BlakeyD" uid="22682848" lat="19.6145923" lon="-155.9812287"/>
 <node id="12816140828" visible="true" version="1" changeset="165920278" timestamp="2025-05-07T05:29:14Z" user="BlakeyD" uid="22682848" lat="19.6145689" lon="-155.9812155"/>
 <node id="12816140829" visible="true" version="1" changeset="165920278" timestamp="2025-05-07T05:29:14Z" user="BlakeyD" uid="22682848" lat="19.6145753" lon="-155.9812028"/>
 <node id="12816140830" visible="true" version="1" changeset="165920278" timestamp="2025-05-07T05:29:14Z" user="BlakeyD" uid="22682848" lat="19.6145292" lon="-155.9811740"/>
 <node id="12816140831" visible="true" version="1" changeset="165920278" timestamp="2025-05-07T05:29:14Z" user="BlakeyD" uid="22682848" lat="19.6145235" lon="-155.9811836"/>
 <node id="12816140832" visible="true" version="1" changeset="165920278" timestamp="2025-05-07T05:29:14Z" user="BlakeyD" uid="22682848" lat="19.6144206" lon="-155.9811229"/>
 <node id="12816140833" visible="true" version="1" changeset="165920278" timestamp="2025-05-07T05:29:14Z" user="BlakeyD" uid="22682848" lat="19.6143771" lon="-155.9811965"/>
 <node id="12816140834" visible="true" version="1" changeset="165920278" timestamp="2025-05-07T05:29:14Z" user="BlakeyD" uid="22682848" lat="19.6144758" lon="-155.9812626"/>
 <node id="12816140835" visible="true" version="1" changeset="165920278" timestamp="2025-05-07T05:29:14Z" user="BlakeyD" uid="22682848" lat="19.6144685" lon="-155.9812748"/>
 <node id="12816140836" visible="true" version="1" changeset="165920278" timestamp="2025-05-07T05:29:14Z" user="BlakeyD" uid="22682848" lat="19.6145128" lon="-155.9813017"/>
 <node id="12816140837" visible="true" version="1" changeset="165920278" timestamp="2025-05-07T05:29:14Z" user="BlakeyD" uid="22682848" lat="19.6146294" lon="-155.9812092"/>
 <node id="12816140838" visible="true" version="1" changeset="165920278" timestamp="2025-05-07T05:29:14Z" user="BlakeyD" uid="22682848" lat="19.6144455" lon="-155.9810771"/>
 <node id="12816140839" visible="true" version="1" changeset="165920278" timestamp="2025-05-07T05:29:14Z" user="BlakeyD" uid="22682848" lat="19.6144896" lon="-155.9809836"/>
 <node id="12816140840" visible="true" version="1" changeset="165920278" timestamp="2025-05-07T05:29:14Z" user="BlakeyD" uid="22682848" lat="19.6145451" lon="-155.9810222"/>
 <node id="12816140841" visible="true" version="1" changeset="165920278" timestamp="2025-05-07T05:29:14Z" user="BlakeyD" uid="22682848" lat="19.6145183" lon="-155.9810669"/>
 <node id="12816140842" visible="true" version="1" changeset="165920278" timestamp="2025-05-07T05:29:14Z" user="BlakeyD" uid="22682848" lat="19.6145604" lon="-155.9810954"/>
 <node id="12816140843" visible="true" version="1" changeset="165920278" timestamp="2025-05-07T05:29:14Z" user="BlakeyD" uid="22682848" lat="19.6145853" lon="-155.9810506"/>
 <node id="12816140844" visible="true" version="1" changeset="165920278" timestamp="2025-05-07T05:29:14Z" user="BlakeyD" uid="22682848" lat="19.6146179" lon="-155.9810832"/>
 <node id="12816140845" visible="true" version="1" changeset="165920278" timestamp="2025-05-07T05:29:14Z" user="BlakeyD" uid="22682848" lat="19.6146083" lon="-155.9810974"/>
 <node id="12816140846" visible="true" version="1" changeset="165920278" timestamp="2025-05-07T05:29:14Z" user="BlakeyD" uid="22682848" lat="19.6146236" lon="-155.9811055"/>
 <node id="12816140847" visible="true" version="1" changeset="165920278" timestamp="2025-05-07T05:29:14Z" user="BlakeyD" uid="22682848" lat="19.6146102" lon="-155.9811218"/>
 <node id="12816140848" visible="true" version="1" changeset="165920278" timestamp="2025-05-07T05:29:14Z" user="BlakeyD" uid="22682848" lat="19.6146523" lon="-155.9811523"/>
 <node id="12816140849" visible="true" version="1" changeset="165920278" timestamp="2025-05-07T05:29:14Z" user="BlakeyD" uid="22682848" lat="19.6147366" lon="-155.9809368"/>
 <node id="12816140850" visible="true" version="1" changeset="165920278" timestamp="2025-05-07T05:29:14Z" user="BlakeyD" uid="22682848" lat="19.6146025" lon="-155.9808514"/>
 <node id="12816140851" visible="true" version="1" changeset="165920278" timestamp="2025-05-07T05:29:14Z" user="BlakeyD" uid="22682848" lat="19.6146217" lon="-155.9808047"/>
 <node id="12816140852" visible="true" version="1" changeset="165920278" timestamp="2025-05-07T05:29:14Z" user="BlakeyD" uid="22682848" lat="19.6146523" lon="-155.9808230"/>
 <node id="12816140853" visible="true" version="1" changeset="165920278" timestamp="2025-05-07T05:29:14Z" user="BlakeyD" uid="22682848" lat="19.6146657" lon="-155.9808006"/>
 <node id="12816140854" visible="true" version="1" changeset="165920278" timestamp="2025-05-07T05:29:14Z" user="BlakeyD" uid="22682848" lat="19.6146945" lon="-155.9808209"/>
 <node id="12816140855" visible="true" version="1" changeset="165920278" timestamp="2025-05-07T05:29:14Z" user="BlakeyD" uid="22682848" lat="19.6147098" lon="-155.9807986"/>
 <node id="12816140856" visible="true" version="1" changeset="165920278" timestamp="2025-05-07T05:29:14Z" user="BlakeyD" uid="22682848" lat="19.6147442" lon="-155.9808209"/>
 <node id="12816140857" visible="true" version="1" changeset="165920278" timestamp="2025-05-07T05:29:14Z" user="BlakeyD" uid="22682848" lat="19.6147289" lon="-155.9808413"/>
 <node id="12816140858" visible="true" version="1" changeset="165920278" timestamp="2025-05-07T05:29:14Z" user="BlakeyD" uid="22682848" lat="19.6147481" lon="-155.9808474"/>
 <node id="12816140859" visible="true" version="1" changeset="165920278" timestamp="2025-05-07T05:29:14Z" user="BlakeyD" uid="22682848" lat="19.6147404" lon="-155.9808677"/>
 <node id="12816140860" visible="true" version="1" changeset="165920278" timestamp="2025-05-07T05:29:14Z" user="BlakeyD" uid="22682848" lat="19.6147710" lon="-155.9808880"/>
 <node id="12816140861" visible="true" version="1" changeset="165920278" timestamp="2025-05-07T05:29:14Z" user="BlakeyD" uid="22682848" lat="19.6147933" lon="-155.9815471"/>
 <node id="12816140862" visible="true" version="1" changeset="165920278" timestamp="2025-05-07T05:29:14Z" user="BlakeyD" uid="22682848" lat="19.6147205" lon="-155.9815044"/>
 <node id="12816140863" visible="true" version="1" changeset="165920278" timestamp="2025-05-07T05:29:14Z" user="BlakeyD" uid="22682848" lat="19.6148162" lon="-155.9813052"/>
 <node id="12816140864" visible="true" version="1" changeset="165920278" timestamp="2025-05-07T05:29:14Z" user="BlakeyD" uid="22682848" lat="19.6148316" lon="-155.9813215"/>
 <node id="12816140865" visible="true" version="1" changeset="165920278" timestamp="2025-05-07T05:29:14Z" user="BlakeyD" uid="22682848" lat="19.6148411" lon="-155.9812991"/>
 <node id="12816140866" visible="true" version="1" changeset="165920278" timestamp="2025-05-07T05:29:14Z" user="BlakeyD" uid="22682848" lat="19.6149062" lon="-155.9813316"/>
 <node id="12816140867" visible="true" version="1" changeset="165920278" timestamp="2025-05-07T05:29:14Z" user="BlakeyD" uid="22682848" lat="19.6148182" lon="-155.9815573"/>
 <node id="12816140868" visible="true" version="1" changeset="165920278" timestamp="2025-05-07T05:29:14Z" user="BlakeyD" uid="22682848" lat="19.6149273" lon="-155.9813459"/>
 <node id="12816140869" visible="true" version="1" changeset="165920278" timestamp="2025-05-07T05:29:14Z" user="BlakeyD" uid="22682848" lat="19.6149962" lon="-155.9813804"/>
 <node id="12816140870" visible="true" version="1" changeset="165920278" timestamp="2025-05-07T05:29:14Z" user="BlakeyD" uid="22682848" lat="19.6149847" lon="-155.9814109"/>
 <node id="12816140871" visible="true" version="1" changeset="165920278" timestamp="2025-05-07T05:29:14Z" user="BlakeyD" uid="22682848" lat="19.6148909" lon="-155.9816040"/>
 <node id="12816140872" visible="true" version="1" changeset="165920278" timestamp="2025-05-07T05:29:14Z" user="BlakeyD" uid="22682848" lat="19.6149867" lon="-155.9816589"/>
 <node id="12816140873" visible="true" version="1" changeset="165920278" timestamp="2025-05-07T05:29:14Z" user="BlakeyD" uid="22682848" lat="19.6149101" lon="-155.9816121"/>
 <node id="12816140874" visible="true" version="1" changeset="165920278" timestamp="2025-05-07T05:29:14Z" user="BlakeyD" uid="22682848" lat="19.6150230" lon="-155.9813946"/>
 <node id="12816140875" visible="true" version="1" changeset="165920278" timestamp="2025-05-07T05:29:14Z" user="BlakeyD" uid="22682848" lat="19.6150862" lon="-155.9814272"/>
 <node id="12816140876" visible="true" version="1" changeset="165920278" timestamp="2025-05-07T05:29:14Z" user="BlakeyD" uid="22682848" lat="19.6150747" lon="-155.9814556"/>
 <node id="12816140877" visible="true" version="1" changeset="165920278" timestamp="2025-05-07T05:29:14Z" user="BlakeyD" uid="22682848" lat="19.6150901" lon="-155.9814638"/>
 <node id="12816140878" visible="true" version="1" changeset="165920278" timestamp="2025-05-07T05:29:14Z" user="BlakeyD" uid="22682848" lat="19.6145482" lon="-155.9817666"/>
 <node id="12816140879" visible="true" version="1" changeset="165920278" timestamp="2025-05-07T05:29:14Z" user="BlakeyD" uid="22682848" lat="19.6145712" lon="-155.9817179"/>
 <node id="12816140880" visible="true" version="1" changeset="165920278" timestamp="2025-05-07T05:29:14Z" user="BlakeyD" uid="22682848" lat="19.6145941" lon="-155.9817300"/>
 <node id="12816140881" visible="true" version="1" changeset="165920278" timestamp="2025-05-07T05:29:14Z" user="BlakeyD" uid="22682848" lat="19.6146956" lon="-155.9817300"/>
 <node id="12816140882" visible="true" version="1" changeset="165920278" timestamp="2025-05-07T05:29:14Z" user="BlakeyD" uid="22682848" lat="19.6146267" lon="-155.9818500"/>
 <node id="12816140883" visible="true" version="1" changeset="165920278" timestamp="2025-05-07T05:29:14Z" user="BlakeyD" uid="22682848" lat="19.6145625" lon="-155.9817778"/>
 <node id="12816140884" visible="true" version="1" changeset="165920278" timestamp="2025-05-07T05:29:14Z" user="BlakeyD" uid="22682848" lat="19.6145429" lon="-155.9818017"/>
 <node id="12816140885" visible="true" version="1" changeset="165920278" timestamp="2025-05-07T05:29:14Z" user="BlakeyD" uid="22682848" lat="19.6145465" lon="-155.9818340"/>
 <node id="12816140886" visible="true" version="1" changeset="165920278" timestamp="2025-05-07T05:29:14Z" user="BlakeyD" uid="22682848" lat="19.6146096" lon="-155.9818806"/>
 <node id="12816140887" visible="true" version="1" changeset="165920278" timestamp="2025-05-07T05:29:14Z" user="BlakeyD" uid="22682848" lat="19.6146161" lon="-155.9816813"/>
 <node id="12816140888" visible="true" version="1" changeset="165920278" timestamp="2025-05-07T05:29:14Z" user="BlakeyD" uid="22682848" lat="19.6146451" lon="-155.9819296"/>
 <node id="12816140889" visible="true" version="1" changeset="165920278" timestamp="2025-05-07T05:29:14Z" user="BlakeyD" uid="22682848" lat="19.6147561" lon="-155.9817223"/>
 <node id="12816140890" visible="true" version="1" changeset="165920278" timestamp="2025-05-07T05:29:14Z" user="BlakeyD" uid="22682848" lat="19.6148232" lon="-155.9817711"/>
 <node id="12816140891" visible="true" version="1" changeset="165920278" timestamp="2025-05-07T05:29:14Z" user="BlakeyD" uid="22682848" lat="19.6147140" lon="-155.9819764"/>
 <node id="12816140892" visible="true" version="1" changeset="165920278" timestamp="2025-05-07T05:29:14Z" user="BlakeyD" uid="22682848" lat="19.6147542" lon="-155.9819987"/>
 <node id="12816140893" visible="true" version="1" changeset="165920278" timestamp="2025-05-07T05:29:14Z" user="BlakeyD" uid="22682848" lat="19.6147829" lon="-155.9819357"/>
 <node id="12816140894" visible="true" version="1" changeset="165920278" timestamp="2025-05-07T05:29:14Z" user="BlakeyD" uid="22682848" lat="19.6148232" lon="-155.9819540"/>
 <node id="12816140895" visible="true" version="1" changeset="165920278" timestamp="2025-05-07T05:29:14Z" user="BlakeyD" uid="22682848" lat="19.6148404" lon="-155.9819235"/>
 <node id="12816140896" visible="true" version="1" changeset="165920278" timestamp="2025-05-07T05:29:14Z" user="BlakeyD" uid="22682848" lat="19.6147964" lon="-155.9818951"/>
 <node id="12816140897" visible="true" version="1" changeset="165920278" timestamp="2025-05-07T05:29:14Z" user="BlakeyD" uid="22682848" lat="19.6148212" lon="-155.9818320"/>
 <node id="12816140898" visible="true" version="1" changeset="165920278" timestamp="2025-05-07T05:29:14Z" user="BlakeyD" uid="22682848" lat="19.6148615" lon="-155.9818625"/>
 <node id="12816140899" visible="true" version="1" changeset="165920278" timestamp="2025-05-07T05:29:14Z" user="BlakeyD" uid="22682848" lat="19.6148863" lon="-155.9818076"/>
 <node id="12816140900" visible="true" version="1" changeset="165920278" timestamp="2025-05-07T05:29:14Z" user="BlakeyD" uid="22682848" lat="19.6149572" lon="-155.9818585"/>
 <node id="12816145101" visible="true" version="1" changeset="165920278" timestamp="2025-05-07T05:29:14Z" user="BlakeyD" uid="22682848" lat="19.6148481" lon="-155.9820617"/>
 <node id="12816145102" visible="true" version="1" changeset="165920278" timestamp="2025-05-07T05:29:14Z" user="BlakeyD" uid="22682848" lat="19.6149791" lon="-155.9821100"/>
 <node id="12816145103" visible="true" version="1" changeset="165920278" timestamp="2025-05-07T05:29:14Z" user="BlakeyD" uid="22682848" lat="19.6150583" lon="-155.9819512"/>
 <node id="12816145104" visible="true" version="1" changeset="165920278" timestamp="2025-05-07T05:29:14Z" user="BlakeyD" uid="22682848" lat="19.6149857" lon="-155.9819185"/>
 <node id="12816145105" visible="true" version="1" changeset="165920278" timestamp="2025-05-07T05:29:14Z" user="BlakeyD" uid="22682848" lat="19.6149703" lon="-155.9819582"/>
 <node id="12816145106" visible="true" version="1" changeset="165920278" timestamp="2025-05-07T05:29:14Z" user="BlakeyD" uid="22682848" lat="19.6149505" lon="-155.9819465"/>
 <node id="12816145107" visible="true" version="1" changeset="165920278" timestamp="2025-05-07T05:29:14Z" user="BlakeyD" uid="22682848" lat="19.6149417" lon="-155.9819699"/>
 <node id="12816145108" visible="true" version="1" changeset="165920278" timestamp="2025-05-07T05:29:14Z" user="BlakeyD" uid="22682848" lat="19.6149285" lon="-155.9819512"/>
 <node id="12816145109" visible="true" version="1" changeset="165920278" timestamp="2025-05-07T05:29:14Z" user="BlakeyD" uid="22682848" lat="19.6149087" lon="-155.9819932"/>
 <node id="12816145110" visible="true" version="1" changeset="165920278" timestamp="2025-05-07T05:29:14Z" user="BlakeyD" uid="22682848" lat="19.6149307" lon="-155.9820072"/>
 <node id="12816145111" visible="true" version="1" changeset="165920278" timestamp="2025-05-07T05:29:14Z" user="BlakeyD" uid="22682848" lat="19.6149131" lon="-155.9820282"/>
 <node id="12816145112" visible="true" version="1" changeset="165920278" timestamp="2025-05-07T05:29:14Z" user="BlakeyD" uid="22682848" lat="19.6149373" lon="-155.9820423"/>
 <node id="12816145113" visible="true" version="1" changeset="165920278" timestamp="2025-05-07T05:29:14Z" user="BlakeyD" uid="22682848" lat="19.6149241" lon="-155.9820703"/>
 <node id="12816145134" visible="true" version="1" changeset="165920278" timestamp="2025-05-07T05:29:14Z" user="BlakeyD" uid="22682848" lat="19.6150220" lon="-155.9813018"/>
 <node id="12816145135" visible="true" version="1" changeset="165920278" timestamp="2025-05-07T05:29:14Z" user="BlakeyD" uid="22682848" lat="19.6149493" lon="-155.9812611"/>
 <node id="12816145136" visible="true" version="1" changeset="165920278" timestamp="2025-05-07T05:29:14Z" user="BlakeyD" uid="22682848" lat="19.6150622" lon="-155.9810538"/>
 <node id="12816145137" visible="true" version="1" changeset="165920278" timestamp="2025-05-07T05:29:14Z" user="BlakeyD" uid="22682848" lat="19.6151292" lon="-155.9811006"/>
 <node id="12816145138" visible="true" version="1" changeset="165920278" timestamp="2025-05-07T05:29:14Z" user="BlakeyD" uid="22682848" lat="19.6149339" lon="-155.9812591"/>
 <node id="12816145139" visible="true" version="1" changeset="165920278" timestamp="2025-05-07T05:29:14Z" user="BlakeyD" uid="22682848" lat="19.6148439" lon="-155.9812083"/>
 <node id="12816145140" visible="true" version="1" changeset="165920278" timestamp="2025-05-07T05:29:14Z" user="BlakeyD" uid="22682848" lat="19.6149569" lon="-155.9809989"/>
 <node id="12816145141" visible="true" version="1" changeset="165920278" timestamp="2025-05-07T05:29:14Z" user="BlakeyD" uid="22682848" lat="19.6150392" lon="-155.9810457"/>
 <node id="12915551378" visible="true" version="1" changeset="167629724" timestamp="2025-06-14T21:21:10Z" user="BlakeyD" uid="22682848" lat="19.6157667" lon="-155.9813917"/>
 <node id="12915551379" visible="true" version="1" changeset="167629724" timestamp="2025-06-14T21:21:10Z" user="BlakeyD" uid="22682848" lat="19.6149481" lon="-155.9809100"/>
 <node id="12915595221" visible="true" version="1" changeset="167629772" timestamp="2025-06-14T21:24:03Z" user="BlakeyD" uid="22682848" lat="19.6147361" lon="-155.9809938"/>
 <node id="12915595222" visible="true" version="1" changeset="167629772" timestamp="2025-06-14T21:24:03Z" user="BlakeyD" uid="22682848" lat="19.6146940" lon="-155.9810797"/>
 <node id="12915595223" visible="true" version="1" changeset="167629772" timestamp="2025-06-14T21:24:03Z" user="BlakeyD" uid="22682848" lat="19.6145155" lon="-155.9809581"/>
 <node id="12915595224" visible="true" version="1" changeset="167629772" timestamp="2025-06-14T21:24:03Z" user="BlakeyD" uid="22682848" lat="19.6145576" lon="-155.9808776"/>
 <node id="12915595225" visible="true" version="1" changeset="167629772" timestamp="2025-06-14T21:24:03Z" user="BlakeyD" uid="22682848" lat="19.6148136" lon="-155.9808311"/>
 <node id="12915595226" visible="true" version="1" changeset="167629772" timestamp="2025-06-14T21:24:03Z" user="BlakeyD" uid="22682848" lat="19.6148490" lon="-155.9807649"/>
 <node id="12915595227" visible="true" version="1" changeset="167629772" timestamp="2025-06-14T21:24:03Z" user="BlakeyD" uid="22682848" lat="19.6146955" lon="-155.9806844"/>
 <node id="12915595228" visible="true" version="1" changeset="167629772" timestamp="2025-06-14T21:24:03Z" user="BlakeyD" uid="22682848" lat="19.6146617" lon="-155.9807491"/>
 <node id="13152705873" visible="true" version="1" changeset="172107494" timestamp="2025-09-18T11:25:38Z" user="rsitoni_Lyft" uid="18783541" lat="19.6156450" lon="-155.9826131"/>
 <node id="13152705874" visible="true" version="1" changeset="172107494" timestamp="2025-09-18T11:25:38Z" user="rsitoni_Lyft" uid="18783541" lat="19.6159752" lon="-155.9827607"/>
 <node id="13152705877" visible="true" version="1" changeset="172107494" timestamp="2025-09-18T11:25:38Z" user="rsitoni_Lyft" uid="18783541" lat="19.6163854" lon="-155.9829405"/>
 <node id="13269584627" visible="true" version="1" changeset="173958531" timestamp="2025-10-30T06:05:13Z" user="grawat_Lyft" uid="18783549" lat="19.6138768" lon="-155.9815949"/>
 <node id="13269584628" visible="true" version="1" changeset="173958531" timestamp="2025-10-30T06:05:13Z" user="grawat_Lyft" uid="18783549" lat="19.6140877" lon="-155.9811744"/>
 <node id="13269584629" visible="true" version="1" changeset="173958531" timestamp="2025-10-30T06:05:13Z" user="grawat_Lyft" uid="18783549" lat="19.6140412" lon="-155.9810564"/>
 <node id="13269584630" visible="true" version="1" changeset="173958531" timestamp="2025-10-30T06:05:13Z" user="grawat_Lyft" uid="18783549" lat="19.6142414" lon="-155.9806902"/>
 <node id="13269584631" visible="true" version="1" changeset="173958531" timestamp="2025-10-30T06:05:13Z" user="grawat_Lyft" uid="18783549" lat="19.6143927" lon="-155.9807548"/>
 <node id="13269584632" visible="true" version="1" changeset="173958531" timestamp="2025-10-30T06:05:13Z" user="grawat_Lyft" uid="18783549" lat="19.6141782" lon="-155.9811625"/>
 <node id="13269584633" visible="true" version="1" changeset="173958531" timestamp="2025-10-30T06:05:13Z" user="grawat_Lyft" uid="18783549" lat="19.6139266" lon="-155.9815028">
  <tag k="barrier" v="gate"/>
 </node>
 <node id="13325093209" visible="true" version="1" changeset="175007819" timestamp="2025-11-22T22:57:05Z" user="Joshua Garner" uid="2135234" lat="19.6062563" lon="-155.9698067"/>
 <node id="13325093210" visible="true" version="1" changeset="175007819" timestamp="2025-11-22T22:57:05Z" user="Joshua Garner" uid="2135234" lat="19.6059658" lon="-155.9697410"/>
 <node id="13325097953" visible="true" version="1" changeset="175007801" timestamp="2025-11-22T22:56:24Z" user="Joshua Garner" uid="2135234" lat="19.6059980" lon="-155.9708139"/>
 <node id="13325097954" visible="true" version="1" changeset="175007801" timestamp="2025-11-22T22:56:24Z" user="Joshua Garner" uid="2135234" lat="19.6066864" lon="-155.9701989"/>
 <node id="13325097955" visible="true" version="1" changeset="175007801" timestamp="2025-11-22T22:56:24Z" user="Joshua Garner" uid="2135234" lat="19.6063144" lon="-155.9700826"/>
 <node id="13325097956" visible="true" version="1" changeset="175007801" timestamp="2025-11-22T22:56:24Z" user="Joshua Garner" uid="2135234" lat="19.6054638" lon="-155.9704954"/>
 <node id="13325097957" visible="true" version="1" changeset="175007801" timestamp="2025-11-22T22:56:24Z" user="Joshua Garner" uid="2135234" lat="19.6055834" lon="-155.9696721"/>
 <node id="13325097958" visible="true" version="1" changeset="175007801" timestamp="2025-11-22T22:56:24Z" user="Joshua Garner" uid="2135234" lat="19.6055855" lon="-155.9703547"/>
 <node id="13325097959" visible="true" version="1" changeset="175007801" timestamp="2025-11-22T22:56:24Z" user="Joshua Garner" uid="2135234" lat="19.6056641" lon="-155.9700429"/>
 <node id="13325097960" visible="true" version="1" changeset="175007801" timestamp="2025-11-22T22:56:24Z" user="Joshua Garner" uid="2135234" lat="19.6056705" lon="-155.9699192"/>
 <node id="13325097961" visible="true" version="1" changeset="175007801" timestamp="2025-11-22T22:56:24Z" user="Joshua Garner" uid="2135234" lat="19.6062687" lon="-155.9702793"/>
 <node id="13325097962" visible="true" version="1" changeset="175007801" timestamp="2025-11-22T22:56:24Z" user="Joshua Garner" uid="2135234" lat="19.6058265" lon="-155.9702348"/>
 <node id="13325097963" visible="true" version="1" changeset="175007801" timestamp="2025-11-22T22:56:24Z" user="Joshua Garner" uid="2135234" lat="19.6057957" lon="-155.9703856"/>
 <node id="13325097964" visible="true" version="1" changeset="175007801" timestamp="2025-11-22T22:56:24Z" user="Joshua Garner" uid="2135234" lat="19.6060544" lon="-155.9704453"/>
 <node id="13325097965" visible="true" version="1" changeset="175007801" timestamp="2025-11-22T22:56:24Z" user="Joshua Garner" uid="2135234" lat="19.6060989" lon="-155.9702282"/>
 <node id="13325097966" visible="true" version="1" changeset="175007801" timestamp="2025-11-22T22:56:24Z" user="Joshua Garner" uid="2135234" lat="19.6062010" lon="-155.9702517"/>
 <node id="13325097967" visible="true" version="1" changeset="175007801" timestamp="2025-11-22T22:56:24Z" user="Joshua Garner" uid="2135234" lat="19.6062364" lon="-155.9700786"/>
 <node id="13325097968" visible="true" version="1" changeset="175007801" timestamp="2025-11-22T22:56:24Z" user="Joshua Garner" uid="2135234" lat="19.6060375" lon="-155.9700328"/>
 <node id="13325097969" visible="true" version="1" changeset="175007801" timestamp="2025-11-22T22:56:24Z" user="Joshua Garner" uid="2135234" lat="19.6059886" lon="-155.9702722"/>
 <node id="13325097970" visible="true" version="1" changeset="175007801" timestamp="2025-11-22T22:56:24Z" user="Joshua Garner" uid="2135234" lat="19.6057231" lon="-155.9699747"/>
 <node id="13325097971" visible="true" version="1" changeset="175007801" timestamp="2025-11-22T22:56:24Z" user="Joshua Garner" uid="2135234" lat="19.6057447" lon="-155.9699690"/>
 <node id="13325097972" visible="true" version="1" changeset="175007801" timestamp="2025-11-22T22:56:24Z" user="Joshua Garner" uid="2135234" lat="19.6057669" lon="-155.9699711"/>
 <node id="13325097973" visible="true" version="1" changeset="175007801" timestamp="2025-11-22T22:56:24Z" user="Joshua Garner" uid="2135234" lat="19.6057873" lon="-155.9699806"/>
 <node id="13325097974" visible="true" version="1" changeset="175007801" timestamp="2025-11-22T22:56:24Z" user="Joshua Garner" uid="2135234" lat="19.6057879" lon="-155.9701011"/>
 <node id="13325097975" visible="true" version="1" changeset="175007801" timestamp="2025-11-22T22:56:24Z" user="Joshua Garner" uid="2135234" lat="19.6057674" lon="-155.9701109"/>
 <node id="13325097976" visible="true" version="1" changeset="175007801" timestamp="2025-11-22T22:56:24Z" user="Joshua Garner" uid="2135234" lat="19.6057449" lon="-155.9701131"/>
 <node id="13325097977" visible="true" version="1" changeset="175007801" timestamp="2025-11-22T22:56:24Z" user="Joshua Garner" uid="2135234" lat="19.6057231" lon="-155.9701074"/>
 <node id="13325097978" visible="true" version="1" changeset="175007801" timestamp="2025-11-22T22:56:24Z" user="Joshua Garner" uid="2135234" lat="19.6057041" lon="-155.9700944"/>
 <node id="13325097979" visible="true" version="1" changeset="175007801" timestamp="2025-11-22T22:56:24Z" user="Joshua Garner" uid="2135234" lat="19.6058037" lon="-155.9699966"/>
 <node id="13325097980" visible="true" version="1" changeset="175007801" timestamp="2025-11-22T22:56:24Z" user="Joshua Garner" uid="2135234" lat="19.6058143" lon="-155.9700174"/>
 <node id="13325097981" visible="true" version="1" changeset="175007801" timestamp="2025-11-22T22:56:24Z" user="Joshua Garner" uid="2135234" lat="19.6058181" lon="-155.9700407"/>
 <node id="13325097982" visible="true" version="1" changeset="175007801" timestamp="2025-11-22T22:56:24Z" user="Joshua Garner" uid="2135234" lat="19.6058145" lon="-155.9700640"/>
 <node id="13325097983" visible="true" version="1" changeset="175007801" timestamp="2025-11-22T22:56:24Z" user="Joshua Garner" uid="2135234" lat="19.6058041" lon="-155.9700849"/>
 <node id="13325097984" visible="true" version="1" changeset="175007801" timestamp="2025-11-22T22:56:24Z" user="Joshua Garner" uid="2135234" lat="19.6056903" lon="-155.9700756"/>
 <node id="13325097985" visible="true" version="1" changeset="175007801" timestamp="2025-11-22T22:56:24Z" user="Joshua Garner" uid="2135234" lat="19.6056829" lon="-155.9700530"/>
 <node id="13325097986" visible="true" version="1" changeset="175007801" timestamp="2025-11-22T22:56:24Z" user="Joshua Garner" uid="2135234" lat="19.6056829" lon="-155.9700291"/>
 <node id="13325097987" visible="true" version="1" changeset="175007801" timestamp="2025-11-22T22:56:24Z" user="Joshua Garner" uid="2135234" lat="19.6056903" lon="-155.9700065"/>
 <node id="13325097988" visible="true" version="1" changeset="175007801" timestamp="2025-11-22T22:56:24Z" user="Joshua Garner" uid="2135234" lat="19.6057042" lon="-155.9699877"/>
 <node id="13325097989" visible="true" version="1" changeset="175007801" timestamp="2025-11-22T22:56:24Z" user="Joshua Garner" uid="2135234" lat="19.6057347" lon="-155.9701104"/>
 <node id="13325097990" visible="true" version="1" changeset="175007801" timestamp="2025-11-22T22:56:24Z" user="Joshua Garner" uid="2135234" lat="19.6056820" lon="-155.9703627"/>
 <node id="13325097991" visible="true" version="1" changeset="175007801" timestamp="2025-11-22T22:56:24Z" user="Joshua Garner" uid="2135234" lat="19.6057766" lon="-155.9699756"/>
 <node id="13325097992" visible="true" version="1" changeset="175007801" timestamp="2025-11-22T22:56:24Z" user="Joshua Garner" uid="2135234" lat="19.6058178" lon="-155.9698637"/>
 <node id="13325097993" visible="true" version="1" changeset="175007801" timestamp="2025-11-22T22:56:24Z" user="Joshua Garner" uid="2135234" lat="19.6060912" lon="-155.9698832"/>
 <node id="13325097994" visible="true" version="1" changeset="175007801" timestamp="2025-11-22T22:56:24Z" user="Joshua Garner" uid="2135234" lat="19.6066687" lon="-155.9700928"/>
 <node id="13355964215" visible="true" version="1" changeset="175555969" timestamp="2025-12-05T16:37:19Z" user="Rockedf" uid="7522075" lat="19.6140851" lon="-155.9806720">
  <tag k="addr:city" v="Kailua-Kona"/>
  <tag k="addr:housenumber" v="75-6129"/>
  <tag k="addr:postcode" v="96740"/>
  <tag k="addr:state" v="HI"/>
  <tag k="addr:street" v="Aliʻi Drive"/>
  <tag k="check_date" v="2025-12-05"/>
  <tag k="currency:XBT" v="yes"/>
  <tag k="name" v="Kona Natural Soap Company"/>
  <tag k="opening_hours" v="Tu-Su 10:00-17:00"/>
  <tag k="payment:lightning" v="yes"/>
  <tag k="payment:lightning_contactless" v="no"/>
  <tag k="payment:lightning:operator" v="square"/>
  <tag k="payment:onchain" v="no"/>
  <tag k="shop" v="yes"/>
 </node>
 <node id="13415801563" visible="true" version="1" changeset="176579812" timestamp="2025-12-29T14:11:19Z" user="Abaluni_Lyft" uid="23086916" lat="19.6153594" lon="-155.9824715"/>
 <node id="13415801566" visible="true" version="1" changeset="176579812" timestamp="2025-12-29T14:11:19Z" user="Abaluni_Lyft" uid="23086916" lat="19.6151009" lon="-155.9826064"/>
 <node id="13415801570" visible="true" version="1" changeset="176579812" timestamp="2025-12-29T14:11:19Z" user="Abaluni_Lyft" uid="23086916" lat="19.6145897" lon="-155.9823208"/>
 <node id="13457610771" visible="true" version="1" changeset="177251548" timestamp="2026-01-15T09:52:29Z" user="achauhan_Lyft" uid="21943119" lat="19.6084814" lon="-155.9775036"/>
 <node id="13457610772" visible="true" version="1" changeset="177251548" timestamp="2026-01-15T09:52:29Z" user="achauhan_Lyft" uid="21943119" lat="19.6085573" lon="-155.9774155"/>
 <node id="13457610773" visible="true" version="1" changeset="177251548" timestamp="2026-01-15T09:52:29Z" user="achauhan_Lyft" uid="21943119" lat="19.6086502" lon="-155.9771878"/>
 <node id="13457610774" visible="true" version="1" changeset="177251548" timestamp="2026-01-15T09:52:29Z" user="achauhan_Lyft" uid="21943119" lat="19.6083926" lon="-155.9770014"/>
 <node id="13457610775" visible="true" version="1" changeset="177251548" timestamp="2026-01-15T09:52:29Z" user="achauhan_Lyft" uid="21943119" lat="19.6086712" lon="-155.9772416"/>
 <node id="13457610776" visible="true" version="1" changeset="177251548" timestamp="2026-01-15T09:52:29Z" user="achauhan_Lyft" uid="21943119" lat="19.6085936" lon="-155.9771469"/>
 <node id="13457610777" visible="true" version="1" changeset="177251548" timestamp="2026-01-15T09:52:29Z" user="achauhan_Lyft" uid="21943119" lat="19.6087925" lon="-155.9768615"/>
 <node id="13457610778" visible="true" version="1" changeset="177251548" timestamp="2026-01-15T09:52:29Z" user="achauhan_Lyft" uid="21943119" lat="19.6084568" lon="-155.9770422"/>
 <node id="13457610779" visible="true" version="1" changeset="177251548" timestamp="2026-01-15T09:52:29Z" user="achauhan_Lyft" uid="21943119" lat="19.6086483" lon="-155.9767815"/>
 <node id="13457610780" visible="true" version="1" changeset="177251548" timestamp="2026-01-15T09:52:29Z" user="achauhan_Lyft" uid="21943119" lat="19.6083336" lon="-155.9766102"/>
 <node id="13457610781" visible="true" version="1" changeset="177251548" timestamp="2026-01-15T09:52:29Z" user="achauhan_Lyft" uid="21943119" lat="19.6079457" lon="-155.9770089"/>
 <node id="13457610782" visible="true" version="1" changeset="177251548" timestamp="2026-01-15T09:52:29Z" user="achauhan_Lyft" uid="21943119" lat="19.6081704" lon="-155.9767911"/>
 <node id="13457610783" visible="true" version="1" changeset="177251548" timestamp="2026-01-15T09:52:29Z" user="achauhan_Lyft" uid="21943119" lat="19.6082456" lon="-155.9766217"/>
 <node id="13457610784" visible="true" version="1" changeset="177251548" timestamp="2026-01-15T09:52:29Z" user="achauhan_Lyft" uid="21943119" lat="19.6081538" lon="-155.9765633"/>
 <node id="13457610785" visible="true" version="1" changeset="177251548" timestamp="2026-01-15T09:52:29Z" user="achauhan_Lyft" uid="21943119" lat="19.6080467" lon="-155.9767042"/>
 <node id="13457610786" visible="true" version="1" changeset="177251548" timestamp="2026-01-15T09:52:29Z" user="achauhan_Lyft" uid="21943119" lat="19.6074064" lon="-155.9767257"/>
 <node id="13457610787" visible="true" version="1" changeset="177251548" timestamp="2026-01-15T09:52:29Z" user="achauhan_Lyft" uid="21943119" lat="19.6075109" lon="-155.9764893"/>
 <node id="13457610788" visible="true" version="1" changeset="177251548" timestamp="2026-01-15T09:52:29Z" user="achauhan_Lyft" uid="21943119" lat="19.6076192" lon="-155.9761675"/>
 <node id="13459449025" visible="true" version="1" changeset="177281143" timestamp="2026-01-16T02:51:30Z" user="sarya_Lyft" uid="18784339" lat="19.6058898" lon="-155.9756028"/>
 <node id="13459449026" visible="true" version="1" changeset="177281143" timestamp="2026-01-16T02:51:30Z" user="sarya_Lyft" uid="18784339" lat="19.6059517" lon="-155.9755288"/>
 <node id="13459449027" visible="true" version="1" changeset="177281143" timestamp="2026-01-16T02:51:30Z" user="sarya_Lyft" uid="18784339" lat="19.6060226" lon="-155.9754032"/>
 <node id="13459449028" visible="true" version="1" changeset="177281143" timestamp="2026-01-16T02:51:30Z" user="sarya_Lyft" uid="18784339" lat="19.6061216" lon="-155.9751166"/>
 <node id="13459449029" visible="true" version="1" changeset="177281143" timestamp="2026-01-16T02:51:30Z" user="sarya_Lyft" uid="18784339" lat="19.6061560" lon="-155.9749613"/>
 <node id="13459449030" visible="true" version="1" changeset="177281143" timestamp="2026-01-16T02:51:30Z" user="sarya_Lyft" uid="18784339" lat="19.6061529" lon="-155.9749205"/>
 <node id="13459449031" visible="true" version="1" changeset="177281143" timestamp="2026-01-16T02:51:30Z" user="sarya_Lyft" uid="18784339" lat="19.6061378" lon="-155.9748762"/>
 <node id="13459449032" visible="true" version="1" changeset="177281143" timestamp="2026-01-16T02:51:30Z" user="sarya_Lyft" uid="18784339" lat="19.6061814" lon="-155.9747192"/>
 <node id="13459449033" visible="true" version="1" changeset="177281143" timestamp="2026-01-16T02:51:30Z" user="sarya_Lyft" uid="18784339" lat="19.6061408" lon="-155.9748340"/>
 <node id="13459449034" visible="true" version="1" changeset="177281143" timestamp="2026-01-16T02:51:30Z" user="sarya_Lyft" uid="18784339" lat="19.6065081" lon="-155.9762001"/>
 <node id="13459449035" visible="true" version="1" changeset="177281143" timestamp="2026-01-16T02:51:30Z" user="sarya_Lyft" uid="18784339" lat="19.6065883" lon="-155.9760735"/>
 <node id="13459449036" visible="true" version="1" changeset="177281143" timestamp="2026-01-16T02:51:30Z" user="sarya_Lyft" uid="18784339" lat="19.6066423" lon="-155.9759633"/>
 <node id="13459449037" visible="true" version="1" changeset="177281143" timestamp="2026-01-16T02:51:30Z" user="sarya_Lyft" uid="18784339" lat="19.6066575" lon="-155.9758046"/>
 <node id="13459449038" visible="true" version="1" changeset="177281143" timestamp="2026-01-16T02:51:30Z" user="sarya_Lyft" uid="18784339" lat="19.6066105" lon="-155.9754330"/>
 <node id="13459449039" visible="true" version="1" changeset="177281143" timestamp="2026-01-16T02:51:30Z" user="sarya_Lyft" uid="18784339" lat="19.6065745" lon="-155.9751333"/>
 <node id="13459449040" visible="true" version="1" changeset="177281143" timestamp="2026-01-16T02:51:30Z" user="sarya_Lyft" uid="18784339" lat="19.6065731" lon="-155.9748174"/>
 <node id="13459449041" visible="true" version="1" changeset="177281143" timestamp="2026-01-16T02:51:30Z" user="sarya_Lyft" uid="18784339" lat="19.6065938" lon="-155.9744737"/>
 <node id="13459449042" visible="true" version="1" changeset="177281143" timestamp="2026-01-16T02:51:30Z" user="sarya_Lyft" uid="18784339" lat="19.6066174" lon="-155.9741563"/>
 <node id="13459449043" visible="true" version="1" changeset="177281143" timestamp="2026-01-16T02:51:30Z" user="sarya_Lyft" uid="18784339" lat="19.6066409" lon="-155.9740271"/>
 <node id="13459449044" visible="true" version="1" changeset="177281143" timestamp="2026-01-16T02:51:30Z" user="sarya_Lyft" uid="18784339" lat="19.6065980" lon="-155.9739889"/>
 <node id="13459449045" visible="true" version="1" changeset="177281143" timestamp="2026-01-16T02:51:30Z" user="sarya_Lyft" uid="18784339" lat="19.6061981" lon="-155.9737391"/>
 <node id="13459449046" visible="true" version="1" changeset="177281143" timestamp="2026-01-16T02:51:30Z" user="sarya_Lyft" uid="18784339" lat="19.6061828" lon="-155.9738067"/>
 <node id="13459449047" visible="true" version="1" changeset="177281143" timestamp="2026-01-16T02:51:30Z" user="sarya_Lyft" uid="18784339" lat="19.6061718" lon="-155.9740902"/>
 <node id="13459449048" visible="true" version="1" changeset="177281143" timestamp="2026-01-16T02:51:30Z" user="sarya_Lyft" uid="18784339" lat="19.6061884" lon="-155.9742327"/>
 <node id="13459449049" visible="true" version="1" changeset="177281143" timestamp="2026-01-16T02:51:30Z" user="sarya_Lyft" uid="18784339" lat="19.6062368" lon="-155.9743077"/>
 <node id="13459449050" visible="true" version="1" changeset="177281143" timestamp="2026-01-16T02:51:30Z" user="sarya_Lyft" uid="18784339" lat="19.6062935" lon="-155.9743767"/>
 <node id="13459449051" visible="true" version="1" changeset="177281143" timestamp="2026-01-16T02:51:30Z" user="sarya_Lyft" uid="18784339" lat="19.6065885" lon="-155.9745619"/>
 <node id="13459449052" visible="true" version="2" changeset="189540165" timestamp="2026-09-25T11:39:20Z" user="Abaluni_Lyft" uid="23086916" lat="19.6065903" lon="-155.9752894"/>
 <node id="13459449053" visible="true" version="1" changeset="177281143" timestamp="2026-01-16T02:51:30Z" user="sarya_Lyft" uid="18784339" lat="19.6062609" lon="-155.9753365"/>
 <node id="13459449054" visible="true" version="1" changeset="177281143" timestamp="2026-01-16T02:51:30Z" user="sarya_Lyft" uid="18784339" lat="19.6062236" lon="-155.9753262"/>
 <node id="13459449055" visible="true" version="1" changeset="177281143" timestamp="2026-01-16T02:51:30Z" user="sarya_Lyft" uid="18784339" lat="19.6061986" lon="-155.9752954"/>
 <node id="13459449056" visible="true" version="1" changeset="177281143" timestamp="2026-01-16T02:51:30Z" user="sarya_Lyft" uid="18784339" lat="19.6062166" lon="-155.9751588"/>
 <node id="13459449057" visible="true" version="1" changeset="177281143" timestamp="2026-01-16T02:51:30Z" user="sarya_Lyft" uid="18784339" lat="19.6063177" lon="-155.9748855"/>
 <node id="13459449058" visible="true" version="1" changeset="177281143" timestamp="2026-01-16T02:51:30Z" user="sarya_Lyft" uid="18784339" lat="19.6060260" lon="-155.9757419"/>
 <node id="13459449059" visible="true" version="1" changeset="177281143" timestamp="2026-01-16T02:51:30Z" user="sarya_Lyft" uid="18784339" lat="19.6060849" lon="-155.9756750">
  <tag k="barrier" v="gate"/>
 </node>
 <node id="13459449060" visible="true" version="1" changeset="177281143" timestamp="2026-01-16T02:51:30Z" user="sarya_Lyft" uid="18784339" lat="19.6061634" lon="-155.9755574"/>
 <node id="13459449061" visible="true" version="1" changeset="177281143" timestamp="2026-01-16T02:51:30Z" user="sarya_Lyft" uid="18784339" lat="19.6062021" lon="-155.9754855"/>
 <node id="13459449062" visible="true" version="1" changeset="177281143" timestamp="2026-01-16T02:51:30Z" user="sarya_Lyft" uid="18784339" lat="19.6062526" lon="-155.9754707"/>
 <node id="13459449063" visible="true" version="1" changeset="177281143" timestamp="2026-01-16T02:51:30Z" user="sarya_Lyft" uid="18784339" lat="19.6063645" lon="-155.9755038"/>
 <node id="13459449064" visible="true" version="1" changeset="177281143" timestamp="2026-01-16T02:51:30Z" user="sarya_Lyft" uid="18784339" lat="19.6065463" lon="-155.9755826"/>
 <node id="13459449065" visible="true" version="1" changeset="177281143" timestamp="2026-01-16T02:51:30Z" user="sarya_Lyft" uid="18784339" lat="19.6061143" lon="-155.9756310"/>
 <node id="13459449066" visible="true" version="1" changeset="177281143" timestamp="2026-01-16T02:51:30Z" user="sarya_Lyft" uid="18784339" lat="19.6063839" lon="-155.9757550"/>
 <node id="13459449067" visible="true" version="1" changeset="177281143" timestamp="2026-01-16T02:51:30Z" user="sarya_Lyft" uid="18784339" lat="19.6070104" lon="-155.9742911"/>
 <node id="13594627514" visible="true" version="1" changeset="178972929" timestamp="2026-02-24T06:49:55Z" user="sarya_Lyft" uid="18784339" lat="19.6100104" lon="-155.9788257"/>
 <node id="13594627515" visible="true" version="1" changeset="178972929" timestamp="2026-02-24T06:49:55Z" user="sarya_Lyft" uid="18784339" lat="19.6104760" lon="-155.9779987"/>
 <node id="13594627516" visible="true" version="1" changeset="178972929" timestamp="2026-02-24T06:49:55Z" user="sarya_Lyft" uid="18784339" lat="19.6105994" lon="-155.9777759"/>
 <node id="13594627517" visible="true" version="1" changeset="178972929" timestamp="2026-02-24T06:49:55Z" user="sarya_Lyft" uid="18784339" lat="19.6106499" lon="-155.9777011"/>
 <node id="13594627518" visible="true" version="1" changeset="178972929" timestamp="2026-02-24T06:49:55Z" user="sarya_Lyft" uid="18784339" lat="19.6107035" lon="-155.9776718"/>
 <node id="13594627519" visible="true" version="1" changeset="178972929" timestamp="2026-02-24T06:49:55Z" user="sarya_Lyft" uid="18784339" lat="19.6106744" lon="-155.9776824"/>
 <node id="13671642557" visible="true" version="1" changeset="180303780" timestamp="2026-03-23T12:39:36Z" user="dannmer" uid="83188" lat="19.6126836" lon="-155.9807429"/>
 <node id="13671642558" visible="true" version="1" changeset="180303780" timestamp="2026-03-23T12:39:36Z" user="dannmer" uid="83188" lat="19.6122703" lon="-155.9813431"/>
 <node id="13671642559" visible="true" version="1" changeset="180303780" timestamp="2026-03-23T12:39:36Z" user="dannmer" uid="83188" lat="19.6120229" lon="-155.9812899"/>
 <node id="13737120993" visible="true" version="1" changeset="181450747" timestamp="2026-04-17T10:24:27Z" user="tkotnala_lyft" uid="21672285" lat="19.5988035" lon="-155.9696296"/>
 <node id="13737120994" visible="true" version="1" changeset="181450747" timestamp="2026-04-17T10:24:27Z" user="tkotnala_lyft" uid="21672285" lat="19.5984910" lon="-155.9697202"/>
 <node id="13737120995" visible="true" version="1" changeset="181450747" timestamp="2026-04-17T10:24:27Z" user="tkotnala_lyft" uid="21672285" lat="19.5982163" lon="-155.9699330"/>
 <node id="13737120996" visible="true" version="1" changeset="181450747" timestamp="2026-04-17T10:24:27Z" user="tkotnala_lyft" uid="21672285" lat="19.5978995" lon="-155.9704605"/>
 <node id="13737120997" visible="true" version="1" changeset="181450747" timestamp="2026-04-17T10:24:27Z" user="tkotnala_lyft" uid="21672285" lat="19.5980068" lon="-155.9704720"/>
 <node id="13737120998" visible="true" version="1" changeset="181450747" timestamp="2026-04-17T10:24:27Z" user="tkotnala_lyft" uid="21672285" lat="19.5981002" lon="-155.9703763"/>
 <node id="13737120999" visible="true" version="1" changeset="181450747" timestamp="2026-04-17T10:24:27Z" user="tkotnala_lyft" uid="21672285" lat="19.5981305" lon="-155.9703292"/>
 <node id="13737121000" visible="true" version="1" changeset="181450747" timestamp="2026-04-17T10:24:27Z" user="tkotnala_lyft" uid="21672285" lat="19.5981414" lon="-155.9702896"/>
 <node id="13737190401" visible="true" version="1" changeset="181450747" timestamp="2026-04-17T10:24:27Z" user="tkotnala_lyft" uid="21672285" lat="19.5980399" lon="-155.9702268"/>
 <node id="13737190402" visible="true" version="1" changeset="181450747" timestamp="2026-04-17T10:24:27Z" user="tkotnala_lyft" uid="21672285" lat="19.5981996" lon="-155.9699609"/>
 <node id="13737190405" visible="true" version="1" changeset="181450747" timestamp="2026-04-17T10:24:27Z" user="tkotnala_lyft" uid="21672285" lat="19.5983716" lon="-155.9697740"/>
 <node id="13737190406" visible="true" version="1" changeset="181450747" timestamp="2026-04-17T10:24:27Z" user="tkotnala_lyft" uid="21672285" lat="19.5986827" lon="-155.9696314"/>
 <node id="13737190407" visible="true" version="1" changeset="181450747" timestamp="2026-04-17T10:24:27Z" user="tkotnala_lyft" uid="21672285" lat="19.5989974" lon="-155.9697042"/>
 <node id="13737190409" visible="true" version="1" changeset="181450747" timestamp="2026-04-17T10:24:27Z" user="tkotnala_lyft" uid="21672285" lat="19.5990726" lon="-155.9698730"/>
 <node id="13737190410" visible="true" version="1" changeset="181450747" timestamp="2026-04-17T10:24:27Z" user="tkotnala_lyft" uid="21672285" lat="19.5990282" lon="-155.9697331"/>
 <node id="13737190411" visible="true" version="1" changeset="181450747" timestamp="2026-04-17T10:24:27Z" user="tkotnala_lyft" uid="21672285" lat="19.5989105" lon="-155.9696589"/>
 <node id="13737190413" visible="true" version="1" changeset="181450747" timestamp="2026-04-17T10:24:27Z" user="tkotnala_lyft" uid="21672285" lat="19.5980045" lon="-155.9702857"/>
 <node id="13737190414" visible="true" version="1" changeset="181450747" timestamp="2026-04-17T10:24:27Z" user="tkotnala_lyft" uid="21672285" lat="19.5978354" lon="-155.9701827"/>
 <node id="13737190415" visible="true" version="1" changeset="181450747" timestamp="2026-04-17T10:24:27Z" user="tkotnala_lyft" uid="21672285" lat="19.5977779" lon="-155.9702681"/>
 <node id="13737190416" visible="true" version="1" changeset="181450747" timestamp="2026-04-17T10:24:27Z" user="tkotnala_lyft" uid="21672285" lat="19.5976151" lon="-155.9701758"/>
 <node id="13737190417" visible="true" version="1" changeset="181450747" timestamp="2026-04-17T10:24:27Z" user="tkotnala_lyft" uid="21672285" lat="19.5976674" lon="-155.9701161"/>
 <node id="13737190418" visible="true" version="1" changeset="181450747" timestamp="2026-04-17T10:24:27Z" user="tkotnala_lyft" uid="21672285" lat="19.5977413" lon="-155.9699821"/>
 <node id="13737190419" visible="true" version="1" changeset="181450747" timestamp="2026-04-17T10:24:27Z" user="tkotnala_lyft" uid="21672285" lat="19.5978296" lon="-155.9698280"/>
 <node id="13737190420" visible="true" version="1" changeset="181450747" timestamp="2026-04-17T10:24:27Z" user="tkotnala_lyft" uid="21672285" lat="19.5980003" lon="-155.9695330"/>
 <node id="13737190421" visible="true" version="1" changeset="181450747" timestamp="2026-04-17T10:24:27Z" user="tkotnala_lyft" uid="21672285" lat="19.5981337" lon="-155.9695809"/>
 <node id="13737190422" visible="true" version="1" changeset="181450747" timestamp="2026-04-17T10:24:27Z" user="tkotnala_lyft" uid="21672285" lat="19.5981990" lon="-155.9696179"/>
 <node id="13737190423" visible="true" version="1" changeset="181450747" timestamp="2026-04-17T10:24:27Z" user="tkotnala_lyft" uid="21672285" lat="19.5977084" lon="-155.9702287"/>
 <node id="13737190424" visible="true" version="1" changeset="181450747" timestamp="2026-04-17T10:24:27Z" user="tkotnala_lyft" uid="21672285" lat="19.5979139" lon="-155.9698709"/>
 <node id="13737190425" visible="true" version="1" changeset="181450747" timestamp="2026-04-17T10:24:27Z" user="tkotnala_lyft" uid="21672285" lat="19.5978465" lon="-155.9697987"/>
 <node id="13809814268" visible="true" version="1" changeset="182405024" timestamp="2026-05-09T00:23:33Z" user="Abaluni_Lyft" uid="23086916" lat="19.5994825" lon="-155.9743646"/>
 <node id="13809814269" visible="true" version="1" changeset="182405024" timestamp="2026-05-09T00:23:33Z" user="Abaluni_Lyft" uid="23086916" lat="19.5995187" lon="-155.9741640"/>
 <node id="13809814270" visible="true" version="1" changeset="182405024" timestamp="2026-05-09T00:23:33Z" user="Abaluni_Lyft" uid="23086916" lat="19.5995471" lon="-155.9739595"/>
 <node id="13809814271" visible="true" version="1" changeset="182405024" timestamp="2026-05-09T00:23:33Z" user="Abaluni_Lyft" uid="23086916" lat="19.5995964" lon="-155.9735172"/>
 <node id="13809814272" visible="true" version="1" changeset="182405024" timestamp="2026-05-09T00:23:33Z" user="Abaluni_Lyft" uid="23086916" lat="19.5995127" lon="-155.9734649"/>
 <node id="13809814273" visible="true" version="1" changeset="182405024" timestamp="2026-05-09T00:23:33Z" user="Abaluni_Lyft" uid="23086916" lat="19.5994082" lon="-155.9734126"/>
 <node id="13809814274" visible="true" version="1" changeset="182405024" timestamp="2026-05-09T00:23:33Z" user="Abaluni_Lyft" uid="23086916" lat="19.5993022" lon="-155.9733761"/>
 <node id="13809814275" visible="true" version="1" changeset="182405024" timestamp="2026-05-09T00:23:33Z" user="Abaluni_Lyft" uid="23086916" lat="19.5991454" lon="-155.9733587"/>
 <node id="13809814276" visible="true" version="1" changeset="182405024" timestamp="2026-05-09T00:23:33Z" user="Abaluni_Lyft" uid="23086916" lat="19.5996770" lon="-155.9735537"/>
 <node id="13809814277" visible="true" version="1" changeset="182405024" timestamp="2026-05-09T00:23:33Z" user="Abaluni_Lyft" uid="23086916" lat="19.5997576" lon="-155.9735790"/>
 <node id="13809814278" visible="true" version="1" changeset="182405024" timestamp="2026-05-09T00:23:33Z" user="Abaluni_Lyft" uid="23086916" lat="19.5998263" lon="-155.9735949"/>
 <node id="13809814279" visible="true" version="1" changeset="182405024" timestamp="2026-05-09T00:23:33Z" user="Abaluni_Lyft" uid="23086916" lat="19.5999070" lon="-155.9735949"/>
 <node id="13809814280" visible="true" version="1" changeset="182405024" timestamp="2026-05-09T00:23:33Z" user="Abaluni_Lyft" uid="23086916" lat="19.5999906" lon="-155.9735822"/>
 <node id="13809814281" visible="true" version="1" changeset="182405024" timestamp="2026-05-09T00:23:33Z" user="Abaluni_Lyft" uid="23086916" lat="19.6001011" lon="-155.9735553"/>
 <node id="13809814282" visible="true" version="1" changeset="182405024" timestamp="2026-05-09T00:23:33Z" user="Abaluni_Lyft" uid="23086916" lat="19.6001743" lon="-155.9735473"/>
 <node id="13809814283" visible="true" version="1" changeset="182405024" timestamp="2026-05-09T00:23:33Z" user="Abaluni_Lyft" uid="23086916" lat="19.6003206" lon="-155.9735553"/>
 <node id="13809814284" visible="true" version="1" changeset="182405024" timestamp="2026-05-09T00:23:33Z" user="Abaluni_Lyft" uid="23086916" lat="19.6004893" lon="-155.9735997"/>
 <node id="13811347000" visible="true" version="1" changeset="182428428" timestamp="2026-05-09T14:46:11Z" user="Lkumar_lyft" uid="18800729" lat="19.6115311" lon="-155.9798832"/>
 <node id="13811361301" visible="true" version="1" changeset="182428428" timestamp="2026-05-09T14:46:11Z" user="Lkumar_lyft" uid="18800729" lat="19.6117861" lon="-155.9794081"/>
 <node id="13811361302" visible="true" version="1" changeset="182428428" timestamp="2026-05-09T14:46:11Z" user="Lkumar_lyft" uid="18800729" lat="19.6116603" lon="-155.9793197"/>
 <node id="13814221855" visible="true" version="1" changeset="182465236" timestamp="2026-05-10T12:49:08Z" user="Hypsometric" uid="3307068" lat="19.6144135" lon="-155.9820410"/>
 <node id="13814221856" visible="true" version="1" changeset="182465236" timestamp="2026-05-10T12:49:08Z" user="Hypsometric" uid="3307068" lat="19.6141047" lon="-155.9825955"/>
 <node id="13814221857" visible="true" version="1" changeset="182465236" timestamp="2026-05-10T12:49:08Z" user="Hypsometric" uid="3307068" lat="19.6143879" lon="-155.9827617"/>
 <node id="13814221858" visible="true" version="1" changeset="182465236" timestamp="2026-05-10T12:49:08Z" user="Hypsometric" uid="3307068" lat="19.6144946" lon="-155.9830216"/>
 <node id="13814221859" visible="true" version="1" changeset="182465236" timestamp="2026-05-10T12:49:08Z" user="Hypsometric" uid="3307068" lat="19.6144904" lon="-155.9830820"/>
 <node id="13814221860" visible="true" version="1" changeset="182465236" timestamp="2026-05-10T12:49:08Z" user="Hypsometric" uid="3307068" lat="19.6145089" lon="-155.9831803"/>
 <node id="13814221861" visible="true" version="1" changeset="182465236" timestamp="2026-05-10T12:49:08Z" user="Hypsometric" uid="3307068" lat="19.6145800" lon="-155.9832936"/>
 <node id="13814221862" visible="true" version="1" changeset="182465236" timestamp="2026-05-10T12:49:08Z" user="Hypsometric" uid="3307068" lat="19.6145459" lon="-155.9833555"/>
 <node id="13814221863" visible="true" version="1" changeset="182465236" timestamp="2026-05-10T12:49:08Z" user="Hypsometric" uid="3307068" lat="19.6146213" lon="-155.9835323"/>
 <node id="13814221864" visible="true" version="1" changeset="182465236" timestamp="2026-05-10T12:49:08Z" user="Hypsometric" uid="3307068" lat="19.6144904" lon="-155.9836789"/>
 <node id="13814221865" visible="true" version="1" changeset="182465236" timestamp="2026-05-10T12:49:08Z" user="Hypsometric" uid="3307068" lat="19.6144719" lon="-155.9837438"/>
 <node id="13814221866" visible="true" version="1" changeset="182465236" timestamp="2026-05-10T12:49:08Z" user="Hypsometric" uid="3307068" lat="19.6144690" lon="-155.9837892"/>
 <node id="13814221867" visible="true" version="1" changeset="182465236" timestamp="2026-05-10T12:49:08Z" user="Hypsometric" uid="3307068" lat="19.6146056" lon="-155.9838813"/>
 <node id="13814221868" visible="true" version="1" changeset="182465236" timestamp="2026-05-10T12:49:08Z" user="Hypsometric" uid="3307068" lat="19.6147693" lon="-155.9837091"/>
 <node id="13814221869" visible="true" version="1" changeset="182465236" timestamp="2026-05-10T12:49:08Z" user="Hypsometric" uid="3307068" lat="19.6155450" lon="-155.9826696"/>
 <node id="13842301441" visible="true" version="1" changeset="182810718" timestamp="2026-05-18T04:17:47Z" user="sarya_Lyft" uid="18784339" lat="19.6134302" lon="-155.9783908"/>
 <node id="13842301442" visible="true" version="1" changeset="182810718" timestamp="2026-05-18T04:17:47Z" user="sarya_Lyft" uid="18784339" lat="19.6135150" lon="-155.9783418"/>
 <node id="13842301443" visible="true" version="1" changeset="182810718" timestamp="2026-05-18T04:17:47Z" user="sarya_Lyft" uid="18784339" lat="19.6138808" lon="-155.9777364"/>
 <node id="13842301444" visible="true" version="1" changeset="182810718" timestamp="2026-05-18T04:17:47Z" user="sarya_Lyft" uid="18784339" lat="19.6134584" lon="-155.9781746"/>
 <node id="13842301445" visible="true" version="1" changeset="182810718" timestamp="2026-05-18T04:17:47Z" user="sarya_Lyft" uid="18784339" lat="19.6137345" lon="-155.9776897"/>
 <node id="13842301446" visible="true" version="1" changeset="182810718" timestamp="2026-05-18T04:17:47Z" user="sarya_Lyft" uid="18784339" lat="19.6140327" lon="-155.9778302"/>
 <node id="13842301447" visible="true" version="1" changeset="182810718" timestamp="2026-05-18T04:17:47Z" user="sarya_Lyft" uid="18784339" lat="19.6137328" lon="-155.9783288"/>
 <node id="13842301448" visible="true" version="1" changeset="182810718" timestamp="2026-05-18T04:17:47Z" user="sarya_Lyft" uid="18784339" lat="19.6142927" lon="-155.9779944"/>
 <node id="13842301449" visible="true" version="1" changeset="182810718" timestamp="2026-05-18T04:17:47Z" user="sarya_Lyft" uid="18784339" lat="19.6141422" lon="-155.9778994">
  <tag k="barrier" v="gate"/>
 </node>
 <node id="13919940887" visible="true" version="1" changeset="183824645" timestamp="2026-06-08T11:45:25Z" user="santoshipanwar_lyft" uid="21668462" lat="19.5943588" lon="-155.9714839"/>
 <node id="13946223796" visible="true" version="1" changeset="184199083" timestamp="2026-06-16T20:22:11Z" user="sanjanasharma_lyft" uid="21668461" lat="19.6108820" lon="-155.9785253"/>
 <node id="13946223797" visible="true" version="1" changeset="184199083" timestamp="2026-06-16T20:22:11Z" user="sanjanasharma_lyft" uid="21668461" lat="19.6110571" lon="-155.9782351"/>
 <node id="13946223798" visible="true" version="1" changeset="184199083" timestamp="2026-06-16T20:22:11Z" user="sanjanasharma_lyft" uid="21668461" lat="19.6112210" lon="-155.9783405"/>
 <node id="13946223799" visible="true" version="1" changeset="184199083" timestamp="2026-06-16T20:22:11Z" user="sanjanasharma_lyft" uid="21668461" lat="19.6110550" lon="-155.9786385"/>
 <node id="14214146546" visible="true" version="1" changeset="189540165" timestamp="2026-09-25T11:39:20Z" user="Abaluni_Lyft" uid="23086916" lat="19.6067785" lon="-155.9753455"/>
 <node id="14214146547" visible="true" version="1" changeset="189540165" timestamp="2026-09-25T11:39:20Z" user="Abaluni_Lyft" uid="23086916" lat="19.6069372" lon="-155.9753343"/>
 <node id="14214146548" visible="true" version="1" changeset="189540165" timestamp="2026-09-25T11:39:20Z" user="Abaluni_Lyft" uid="23086916" lat="19.6070784" lon="-155.9752588"/>
 <node id="14214146549" visible="true" version="1" changeset="189540165" timestamp="2026-09-25T11:39:20Z" user="Abaluni_Lyft" uid="23086916" lat="19.6068042" lon="-155.9750903"/>
 <node id="14214146550" visible="true" version="1" changeset="189540165" timestamp="2026-09-25T11:39:20Z" user="Abaluni_Lyft" uid="23086916" lat="19.6066641" lon="-155.9750110"/>
 <node id="14214146551" visible="true" version="1" changeset="189540165" timestamp="2026-09-25T11:39:20Z" user="Abaluni_Lyft" uid="23086916" lat="19.6065742" lon="-155.9750680"/>
 <node id="14214146552" visible="true" version="1" changeset="189540165" timestamp="2026-09-25T11:39:20Z" user="Abaluni_Lyft" uid="23086916" lat="19.6074530" lon="-155.9755090"/>
 <node id="14214146553" visible="true" version="1" changeset="189540165" timestamp="2026-09-25T11:39:20Z" user="Abaluni_Lyft" uid="23086916" lat="19.6072511" lon="-155.9757395"/>
 <node id="14214146554" visible="true" version="1" changeset="189540165" timestamp="2026-09-25T11:39:20Z" user="Abaluni_Lyft" uid="23086916" lat="19.6070247" lon="-155.9763081"/>
 <node id="14214146555" visible="true" version="1" changeset="189540165" timestamp="2026-09-25T11:39:20Z" user="Abaluni_Lyft" uid="23086916" lat="19.6070679" lon="-155.9760232"/>
 <node id="14214146556" visible="true" version="1" changeset="189540165" timestamp="2026-09-25T11:39:20Z" user="Abaluni_Lyft" uid="23086916" lat="19.6069781" lon="-155.9760009"/>
 <way id="45620545" visible="true" version="3" changeset="15106325" timestamp="2013-02-20T23:05:31Z" user="Tom_Holland" uid="574654">
  <nd ref="581671757"/>
  <nd ref="581662072"/>
  <tag k="highway" v="living_street"/>
  <tag k="lanes" v="2"/>
  <tag k="name" v="Kanaka Street"/>
  <tag k="tiger:countyfp" v="001"/>
  <tag k="tiger:mtfcc" v="S1400"/>
  <tag k="tiger:statefp" v="15"/>
 </way>
 <way id="45640834" visible="true" version="5" changeset="20423228" timestamp="2014-02-07T02:42:26Z" user="bdiscoe" uid="402624">
  <nd ref="581678122"/>
  <nd ref="581745556"/>
  <nd ref="2164612909"/>
  <nd ref="2164612907"/>
  <nd ref="2164612905"/>
  <nd ref="2164612903"/>
  <nd ref="2164612902"/>
  <nd ref="2164612904"/>
  <nd ref="2164612906"/>
  <nd ref="2164612908"/>
  <nd ref="581745843"/>
  <nd ref="581750550"/>
  <nd ref="2164612914"/>
  <nd ref="2164612915"/>
  <nd ref="2164612917"/>
  <nd ref="2164612918"/>
  <nd ref="2164612919"/>
  <nd ref="581750329"/>
  <nd ref="581672022"/>
  <nd ref="582345846"/>
  <nd ref="2164612940"/>
  <nd ref="2164612941"/>
  <nd ref="2164612943"/>
  <nd ref="581672100"/>
  <nd ref="2164612945"/>
  <nd ref="2164612947"/>
  <nd ref="2164612946"/>
  <nd ref="2164612944"/>
  <nd ref="2164612942"/>
  <nd ref="581650506"/>
  <nd ref="581672108"/>
  <nd ref="581605426"/>
  <nd ref="2164612931"/>
  <nd ref="2164612929"/>
  <nd ref="2164612927"/>
  <nd ref="2164612925"/>
  <nd ref="581678122"/>
  <tag k="highway" v="living_street"/>
  <tag k="lanes" v="2"/>
  <tag k="name" v="Plumeria Road"/>
  <tag k="tiger:countyfp" v="001"/>
  <tag k="tiger:mtfcc" v="S1400"/>
  <tag k="tiger:statefp" v="15"/>
 </way>
 <way id="45640837" visible="true" version="3" changeset="15106325" timestamp="2013-02-20T23:05:31Z" user="Tom_Holland" uid="574654">
  <nd ref="581773485"/>
  <nd ref="2164612899"/>
  <nd ref="2164612900"/>
  <nd ref="2164612901"/>
  <nd ref="2164612910"/>
  <nd ref="2164612911"/>
  <nd ref="2164612913"/>
  <nd ref="581718863"/>
  <nd ref="581880595"/>
  <tag k="highway" v="living_street"/>
  <tag k="lanes" v="2"/>
  <tag k="name" v="Kealoha Street"/>
  <tag k="tiger:countyfp" v="001"/>
  <tag k="tiger:mtfcc" v="S1400"/>
  <tag k="tiger:statefp" v="15"/>
 </way>
 <way id="45640842" visible="true" version="36" changeset="183824645" timestamp="2026-06-08T11:45:25Z" user="santoshipanwar_lyft" uid="21668462">
  <nd ref="12198086314"/>
  <nd ref="6441739819"/>
  <nd ref="6441739818"/>
  <nd ref="6441739817"/>
  <nd ref="11001078851"/>
  <nd ref="11001078855"/>
  <nd ref="2163551176"/>
  <nd ref="581730022"/>
  <nd ref="11001078870"/>
  <nd ref="11001081424"/>
  <nd ref="581730032"/>
  <nd ref="11001078875"/>
  <nd ref="2163549135"/>
  <nd ref="11001081409"/>
  <nd ref="582319192"/>
  <nd ref="582104838"/>
  <nd ref="582244056"/>
  <nd ref="1537034949"/>
  <nd ref="582111757"/>
  <nd ref="12091112806"/>
  <nd ref="582111867"/>
  <nd ref="2024266041"/>
  <nd ref="582111901"/>
  <nd ref="13152705877"/>
  <nd ref="13152705874"/>
  <nd ref="581747254"/>
  <nd ref="13152705873"/>
  <nd ref="13415801563"/>
  <nd ref="1537034947"/>
  <nd ref="582096943"/>
  <nd ref="12706100782"/>
  <nd ref="582096939"/>
  <nd ref="13269584627"/>
  <nd ref="582115789"/>
  <nd ref="13671642557"/>
  <nd ref="13811347000"/>
  <nd ref="582319175"/>
  <nd ref="7283787548"/>
  <nd ref="13594627514"/>
  <nd ref="7285744295"/>
  <nd ref="582405033"/>
  <nd ref="12325309151"/>
  <nd ref="581831696"/>
  <nd ref="12325309150"/>
  <nd ref="581745565"/>
  <nd ref="581745477"/>
  <nd ref="581671654"/>
  <nd ref="13457610771"/>
  <nd ref="582345713"/>
  <nd ref="2611680921"/>
  <nd ref="1537034935"/>
  <nd ref="13457610781"/>
  <nd ref="12325309153"/>
  <nd ref="4865733810"/>
  <nd ref="582345716"/>
  <nd ref="582345721"/>
  <nd ref="13457610786"/>
  <nd ref="581763088"/>
  <nd ref="581745515"/>
  <nd ref="1537034929"/>
  <nd ref="581745504"/>
  <nd ref="10754901401"/>
  <nd ref="581745482"/>
  <nd ref="581782410"/>
  <nd ref="13459449034"/>
  <nd ref="1537034927"/>
  <nd ref="582216674"/>
  <nd ref="582216681"/>
  <nd ref="13459449058"/>
  <nd ref="13459449025"/>
  <nd ref="582216634"/>
  <nd ref="1537034925"/>
  <nd ref="1537034924"/>
  <nd ref="582216752"/>
  <nd ref="4370492289"/>
  <nd ref="4370489187"/>
  <nd ref="4370489186"/>
  <nd ref="4370489184"/>
  <nd ref="4370489182"/>
  <nd ref="4370489179"/>
  <nd ref="4370489175"/>
  <nd ref="4370489172"/>
  <nd ref="4370489170"/>
  <nd ref="4370489166"/>
  <nd ref="4370489163"/>
  <nd ref="4370489160"/>
  <nd ref="10754907714"/>
  <nd ref="581662042"/>
  <nd ref="13809814268"/>
  <nd ref="4370489158"/>
  <nd ref="4370489157"/>
  <nd ref="4370489156"/>
  <nd ref="582247259"/>
  <nd ref="2037649832"/>
  <nd ref="1477043861"/>
  <nd ref="2206391169"/>
  <nd ref="1537034897"/>
  <nd ref="1537034895"/>
  <nd ref="1537034892"/>
  <nd ref="582156866"/>
  <nd ref="4370544222"/>
  <nd ref="582170442"/>
  <nd ref="2206384141"/>
  <nd ref="13919940887"/>
  <nd ref="10754897058"/>
  <nd ref="2206384128"/>
  <nd ref="2206384119"/>
  <nd ref="2206384112"/>
  <nd ref="2206384106"/>
  <nd ref="2206384089"/>
  <nd ref="10754897056"/>
  <nd ref="2206384064"/>
  <nd ref="2206384052"/>
  <nd ref="2206384040"/>
  <nd ref="2206384032"/>
  <nd ref="2206384023"/>
  <nd ref="2206384005"/>
  <nd ref="2206383989"/>
  <nd ref="2206383985"/>
  <nd ref="2206383974"/>
  <nd ref="2206383968"/>
  <nd ref="1537034858"/>
  <nd ref="12325334076"/>
  <nd ref="582203932"/>
  <tag k="highway" v="tertiary"/>
  <tag k="lanes" v="2"/>
  <tag k="maxspeed" v="30 mph"/>
  <tag k="name" v="Aliʻi Drive"/>
  <tag k="surface" v="asphalt"/>
  <tag k="tiger:countyfp" v="001"/>
  <tag k="tiger:mtfcc" v="S1400"/>
  <tag k="tiger:statefp" v="15"/>
 </way>
 <way id="45640883" visible="true" version="4" changeset="140395639" timestamp="2023-08-26T04:16:08Z" user="BlueOddish" uid="18668804">
  <nd ref="581747768"/>
  <nd ref="2164612924"/>
  <nd ref="2164612923"/>
  <nd ref="2164612922"/>
  <nd ref="2164612921"/>
  <nd ref="581750538"/>
  <tag k="alt_name" v="Oma Place"/>
  <tag k="highway" v="living_street"/>
  <tag k="lanes" v="2"/>
  <tag k="name" v="ʻOma Place"/>
  <tag k="tiger:countyfp" v="001"/>
  <tag k="tiger:mtfcc" v="S1400"/>
  <tag k="tiger:statefp" v="15"/>
 </way>
 <way id="45640891" visible="true" version="3" changeset="20727941" timestamp="2014-02-23T08:46:47Z" user="tiger" uid="338866">
  <nd ref="582407020"/>
  <nd ref="581729752"/>
  <nd ref="581745971"/>
  <tag k="highway" v="living_street"/>
  <tag k="lanes" v="2"/>
  <tag k="name" v="Papala Street"/>
  <tag k="tiger:countyfp" v="001"/>
  <tag k="tiger:mtfcc" v="S1400"/>
  <tag k="tiger:statefp" v="15"/>
 </way>
 <way id="45640898" visible="true" version="3" changeset="81990009" timestamp="2020-03-10T03:51:47Z" user="phidauex" uid="1231522">
  <nd ref="581739778"/>
  <nd ref="581745796"/>
  <tag k="highway" v="service"/>
 </way>
 <way id="45656136" visible="true" version="3" changeset="33637474" timestamp="2015-08-28T08:01:45Z" user="privong" uid="1801466">
  <nd ref="581831763"/>
  <nd ref="581837775"/>
  <nd ref="581837773"/>
  <nd ref="581837774"/>
  <tag k="highway" v="living_street"/>
  <tag k="lanes" v="2"/>
  <tag k="name" v="Royal Poincianna Way"/>
  <tag k="tiger:countyfp" v="001"/>
  <tag k="tiger:mtfcc" v="S1400"/>
  <tag k="tiger:statefp" v="15"/>
 </way>
 <way id="45656139" visible="true" version="2" changeset="15096764" timestamp="2013-02-20T08:05:39Z" user="Tom_Holland" uid="574654">
  <nd ref="581837833"/>
  <nd ref="581782573"/>
  <tag k="highway" v="residential"/>
  <tag k="name" v="Kahakai School Access Road"/>
  <tag k="tiger:countyfp" v="001"/>
  <tag k="tiger:mtfcc" v="S1400"/>
  <tag k="tiger:statefp" v="15"/>
 </way>
 <way id="45660121" visible="true" version="2" changeset="15106325" timestamp="2013-02-20T23:05:32Z" user="Tom_Holland" uid="574654">
  <nd ref="581870115"/>
  <nd ref="581863829"/>
  <tag k="highway" v="living_street"/>
  <tag k="lanes" v="2"/>
  <tag k="name" v="Wana Street"/>
  <tag k="tiger:countyfp" v="001"/>
  <tag k="tiger:mtfcc" v="S1400"/>
  <tag k="tiger:statefp" v="15"/>
 </way>
 <way id="45660159" visible="true" version="3" changeset="15390486" timestamp="2013-03-17T00:12:56Z" user="Tom_Holland" uid="574654">
  <nd ref="581773693"/>
  <nd ref="581875851"/>
  <nd ref="581875846"/>
  <nd ref="581875850"/>
  <nd ref="581870218"/>
  <nd ref="582345827"/>
  <nd ref="582345836"/>
  <nd ref="582345838"/>
  <nd ref="582345829"/>
  <nd ref="582345834"/>
  <nd ref="582345860"/>
  <nd ref="581870130"/>
  <nd ref="581875771"/>
  <nd ref="581875767"/>
  <nd ref="581875780"/>
  <nd ref="581875765"/>
  <nd ref="581875782"/>
  <nd ref="581746621"/>
  <nd ref="581745741"/>
  <nd ref="581745759"/>
  <nd ref="581612448"/>
  <tag k="highway" v="living_street"/>
  <tag k="lanes" v="2"/>
  <tag k="name" v="Leone Street"/>
  <tag k="tiger:countyfp" v="001"/>
  <tag k="tiger:mtfcc" v="S1400"/>
  <tag k="tiger:statefp" v="15"/>
 </way>
 <way id="45680473" visible="true" version="3" changeset="20727941" timestamp="2014-02-23T08:46:37Z" user="tiger" uid="338866">
  <nd ref="582104826"/>
  <nd ref="582097164"/>
  <nd ref="582389305"/>
  <tag k="highway" v="living_street"/>
  <tag k="lanes" v="2"/>
  <tag k="name" v="Halehau Street"/>
  <tag k="tiger:countyfp" v="001"/>
  <tag k="tiger:mtfcc" v="S1400"/>
  <tag k="tiger:statefp" v="15"/>
 </way>
 <way id="45680483" visible="true" version="3" changeset="15390486" timestamp="2013-03-17T00:12:54Z" user="Tom_Holland" uid="574654">
  <nd ref="582131291"/>
  <nd ref="582096734"/>
  <nd ref="582096732"/>
  <nd ref="581870130"/>
  <nd ref="582407061"/>
  <nd ref="582407055"/>
  <nd ref="582406938"/>
  <nd ref="581870241"/>
  <tag k="highway" v="living_street"/>
  <tag k="lanes" v="2"/>
  <tag k="name" v="Haoa Street"/>
  <tag k="tiger:countyfp" v="001"/>
  <tag k="tiger:mtfcc" v="S1400"/>
  <tag k="tiger:statefp" v="15"/>
 </way>
 <way id="45680541" visible="true" version="4" changeset="140395639" timestamp="2023-08-26T04:16:08Z" user="BlueOddish" uid="18668804">
  <nd ref="581718863"/>
  <nd ref="581671757"/>
  <nd ref="581870115"/>
  <nd ref="582404930"/>
  <tag k="alt_name" v="Kiipohaku Street"/>
  <tag k="highway" v="living_street"/>
  <tag k="lanes" v="2"/>
  <tag k="name" v="Kiʻipohaku Street"/>
  <tag k="tiger:countyfp" v="001"/>
  <tag k="tiger:mtfcc" v="S1400"/>
  <tag k="tiger:statefp" v="15"/>
 </way>
 <way id="45680870" visible="true" version="3" changeset="147117948" timestamp="2024-02-06T04:35:20Z" user="pürierstab" uid="4393065">
  <nd ref="582131483"/>
  <nd ref="582121119"/>
  <tag k="highway" v="service"/>
  <tag k="name" v="Ke 'alohi Kai Place"/>
  <tag k="surface" v="asphalt"/>
  <tag k="tiger:countyfp" v="001"/>
  <tag k="tiger:mtfcc" v="S1400"/>
  <tag k="tiger:statefp" v="15"/>
 </way>
 <way id="45685661" visible="true" version="3" changeset="20727941" timestamp="2014-02-23T08:46:47Z" user="tiger" uid="338866">
  <nd ref="582169817"/>
  <nd ref="582169706"/>
  <nd ref="582169821"/>
  <nd ref="582169808"/>
  <tag k="highway" v="living_street"/>
  <tag k="lanes" v="2"/>
  <tag k="name" v="Royal Poinciana Place"/>
  <tag k="tiger:countyfp" v="001"/>
  <tag k="tiger:mtfcc" v="S1400"/>
  <tag k="tiger:statefp" v="15"/>
 </way>
 <way id="45694965" visible="true" version="3" changeset="147117948" timestamp="2024-02-06T04:35:20Z" user="pürierstab" uid="4393065">
  <nd ref="581662042"/>
  <nd ref="582131483"/>
  <tag k="highway" v="service"/>
  <tag k="name" v="Ke 'alohi Kai Place"/>
  <tag k="surface" v="asphalt"/>
  <tag k="tiger:countyfp" v="001"/>
  <tag k="tiger:mtfcc" v="S1400"/>
  <tag k="tiger:statefp" v="15"/>
 </way>
 <way id="45713442" visible="true" version="4" changeset="20423228" timestamp="2014-02-07T02:42:25Z" user="bdiscoe" uid="402624">
  <nd ref="581662255"/>
  <nd ref="582244299"/>
  <nd ref="582244303"/>
  <nd ref="2163524513"/>
  <nd ref="2163524516"/>
  <nd ref="2163524517"/>
  <nd ref="2163524519"/>
  <nd ref="2163524530"/>
  <nd ref="2163524532"/>
  <nd ref="2163524535"/>
  <nd ref="2163524537"/>
  <nd ref="2163524539"/>
  <nd ref="581672108"/>
  <tag k="highway" v="living_street"/>
  <tag k="name" v="Pakalana Road"/>
  <tag k="tiger:countyfp" v="001"/>
  <tag k="tiger:mtfcc" v="S1400"/>
  <tag k="tiger:statefp" v="15"/>
 </way>
 <way id="45719597" visible="true" version="3" changeset="20423228" timestamp="2014-02-07T02:42:21Z" user="bdiscoe" uid="402624">
  <nd ref="582389311"/>
  <nd ref="582389302"/>
  <nd ref="581773693"/>
  <tag k="highway" v="living_street"/>
  <tag k="lanes" v="2"/>
  <tag k="name" v="Leone Place"/>
  <tag k="tiger:countyfp" v="001"/>
  <tag k="tiger:mtfcc" v="S1400"/>
  <tag k="tiger:statefp" v="15"/>
 </way>
 <way id="45719607" visible="true" version="4" changeset="182810718" timestamp="2026-05-18T04:17:47Z" user="sarya_Lyft" uid="18784339">
  <nd ref="582389270"/>
  <nd ref="581837833"/>
  <tag k="highway" v="residential"/>
  <tag k="name" v="Kahakai School Access Road"/>
  <tag k="tiger:countyfp" v="001"/>
  <tag k="tiger:mtfcc" v="S1400"/>
  <tag k="tiger:statefp" v="15"/>
 </way>
 <way id="45719734" visible="true" version="8" changeset="181450747" timestamp="2026-04-17T10:24:27Z" user="tkotnala_lyft" uid="21672285">
  <nd ref="2037649832"/>
  <nd ref="2037649835"/>
  <nd ref="2037649837"/>
  <nd ref="2037649838"/>
  <nd ref="2037649839"/>
  <nd ref="2037649840"/>
  <nd ref="2037649841"/>
  <nd ref="2037649842"/>
  <nd ref="2037649844"/>
  <nd ref="2037649846"/>
  <nd ref="2037649848"/>
  <nd ref="581836836"/>
  <nd ref="582383763"/>
  <nd ref="13737190409"/>
  <nd ref="582383760"/>
  <nd ref="582383745"/>
  <nd ref="582383742"/>
  <nd ref="2206391174"/>
  <nd ref="2206391175"/>
  <nd ref="582120166"/>
  <nd ref="582154210"/>
  <nd ref="581842547"/>
  <nd ref="581837886"/>
  <nd ref="2206391177"/>
  <nd ref="581837879"/>
  <tag k="alt_name" v="Hoomaluhia Place"/>
  <tag k="highway" v="residential"/>
  <tag k="name" v="Hoʻomaluhia Place"/>
  <tag k="surface" v="asphalt"/>
  <tag k="tiger:countyfp" v="001"/>
  <tag k="tiger:mtfcc" v="S1400"/>
  <tag k="tiger:statefp" v="15"/>
 </way>
 <way id="45720485" visible="true" version="3" changeset="15106325" timestamp="2013-02-20T23:05:30Z" user="Tom_Holland" uid="574654">
  <nd ref="581773485"/>
  <nd ref="2164612898"/>
  <nd ref="2164612897"/>
  <nd ref="2164612896"/>
  <nd ref="581662072"/>
  <tag k="highway" v="living_street"/>
  <tag k="lanes" v="2"/>
  <tag k="name" v="Ahu Street"/>
  <tag k="tiger:countyfp" v="001"/>
  <tag k="tiger:mtfcc" v="S1400"/>
  <tag k="tiger:statefp" v="15"/>
 </way>
 <way id="45720498" visible="true" version="2" changeset="15393021" timestamp="2013-03-17T09:26:44Z" user="Tom_Holland" uid="574654">
  <nd ref="582131483"/>
  <nd ref="582405024"/>
  <tag k="highway" v="service"/>
  <tag k="name" v="Ke 'alohi Kai Place"/>
  <tag k="tiger:countyfp" v="001"/>
  <tag k="tiger:mtfcc" v="S1400"/>
  <tag k="tiger:statefp" v="15"/>
 </way>
 <way id="45724538" visible="true" version="2" changeset="20423228" timestamp="2014-02-07T02:42:13Z" user="bdiscoe" uid="402624">
  <nd ref="582115789"/>
  <nd ref="582434879"/>
  <nd ref="582434880"/>
  <nd ref="582434845"/>
  <nd ref="582434844"/>
  <nd ref="582434843"/>
  <nd ref="582434878"/>
  <nd ref="582434840"/>
  <nd ref="582434841"/>
  <nd ref="582434846"/>
  <nd ref="582434839"/>
  <nd ref="581739778"/>
  <tag k="access" v="private"/>
  <tag k="highway" v="residential"/>
  <tag k="name" v="Alii Point"/>
 </way>
 <way id="45724539" visible="true" version="2" changeset="20423228" timestamp="2014-02-07T02:42:31Z" user="bdiscoe" uid="402624">
  <nd ref="581739778"/>
  <nd ref="582434842"/>
  <tag k="highway" v="service"/>
 </way>
 <way id="46502884" visible="true" version="2" changeset="41746617" timestamp="2016-08-28T01:08:22Z" user="Tom_Holland" uid="574654">
  <nd ref="594240415"/>
  <nd ref="4370489162"/>
  <nd ref="4370489159"/>
  <nd ref="384258873"/>
  <nd ref="594240412"/>
  <nd ref="594240392"/>
  <nd ref="594240396"/>
  <nd ref="594240373"/>
  <nd ref="594240370"/>
  <nd ref="594240371"/>
  <nd ref="1537004241"/>
  <nd ref="1537004273"/>
  <nd ref="1537004282"/>
  <nd ref="88998557"/>
  <nd ref="1537004288"/>
  <nd ref="1537004291"/>
  <nd ref="1537004292"/>
  <nd ref="1537004297"/>
  <nd ref="1537004294"/>
  <nd ref="1537004295"/>
  <nd ref="1537004299"/>
  <nd ref="1537004302"/>
  <nd ref="1537004345"/>
  <nd ref="1537004349"/>
  <nd ref="1537004350"/>
  <nd ref="1537004352"/>
  <nd ref="1537004353"/>
  <nd ref="1537004355"/>
  <nd ref="1537004358"/>
  <nd ref="1537004360"/>
  <nd ref="1537004403"/>
  <nd ref="1537004405"/>
  <nd ref="1537004406"/>
  <nd ref="1537004407"/>
  <nd ref="1537004408"/>
  <nd ref="1537004414"/>
  <nd ref="1537004417"/>
  <nd ref="1537004410"/>
  <nd ref="1537004412"/>
  <nd ref="1537004421"/>
  <nd ref="1537004452"/>
  <nd ref="1537004460"/>
  <nd ref="1537004463"/>
  <nd ref="88998554"/>
  <nd ref="1537004465"/>
  <nd ref="1537004467"/>
  <nd ref="1537004468"/>
  <nd ref="1537004469"/>
  <nd ref="1537004470"/>
  <nd ref="1537004472"/>
  <nd ref="1537004512"/>
  <nd ref="1537004513"/>
  <nd ref="1537004510"/>
  <nd ref="1537004507"/>
  <nd ref="1537004514"/>
  <nd ref="1537004517"/>
  <nd ref="1537004519"/>
  <nd ref="1537004521"/>
  <nd ref="1537004542"/>
  <nd ref="1535745089"/>
  <nd ref="1535745093"/>
  <nd ref="1535745103"/>
  <nd ref="1535745096"/>
  <nd ref="1535745108"/>
  <nd ref="1535745112"/>
  <nd ref="1535745114"/>
  <nd ref="1535745136"/>
  <nd ref="1535745139"/>
  <nd ref="88998612"/>
  <nd ref="1535745140"/>
  <nd ref="1535745142"/>
  <nd ref="1535745143"/>
  <nd ref="1535745147"/>
  <nd ref="1535745149"/>
  <nd ref="1535745152"/>
  <nd ref="1535745177"/>
  <nd ref="1535745181"/>
  <nd ref="594240465"/>
  <nd ref="594240467"/>
  <nd ref="4370489181"/>
  <nd ref="4370489178"/>
  <nd ref="4370489176"/>
  <nd ref="4370489173"/>
  <nd ref="594240441"/>
  <nd ref="4370489171"/>
  <nd ref="594240417"/>
  <nd ref="594240419"/>
  <nd ref="594240414"/>
  <nd ref="594240427"/>
  <nd ref="4370489168"/>
  <nd ref="594240424"/>
  <nd ref="594240415"/>
 </way>
 <way id="191862217" visible="true" version="1" changeset="13953941" timestamp="2012-11-21T05:17:24Z" user="Defcon50" uid="201755">
  <nd ref="2024312358"/>
  <nd ref="2024312350"/>
  <nd ref="2024312336"/>
  <nd ref="2024312330"/>
  <nd ref="2024312326"/>
  <nd ref="2024312327"/>
  <nd ref="2024312322"/>
  <nd ref="2024312323"/>
  <nd ref="2024312318"/>
  <nd ref="2024312320"/>
  <nd ref="2024312325"/>
  <nd ref="2024312324"/>
  <nd ref="2024312338"/>
  <nd ref="2024312334"/>
  <nd ref="2024312343"/>
  <nd ref="2024312360"/>
  <nd ref="2024312358"/>
  <tag k="building" v="yes"/>
 </way>
 <way id="191862218" visible="true" version="1" changeset="13953941" timestamp="2012-11-21T05:17:24Z" user="Defcon50" uid="201755">
  <nd ref="2024312391"/>
  <nd ref="2024312387"/>
  <nd ref="2024312383"/>
  <nd ref="2024312381"/>
  <nd ref="2024312376"/>
  <nd ref="2024312370"/>
  <nd ref="2024312366"/>
  <nd ref="2024312356"/>
  <nd ref="2024312328"/>
  <nd ref="2024312332"/>
  <nd ref="2024312340"/>
  <nd ref="2024312342"/>
  <nd ref="2024312352"/>
  <nd ref="2024312354"/>
  <nd ref="2024312363"/>
  <nd ref="2024312365"/>
  <nd ref="2024312368"/>
  <nd ref="2024312374"/>
  <nd ref="2024312391"/>
  <tag k="building" v="yes"/>
 </way>
 <way id="191862223" visible="true" version="2" changeset="15097018" timestamp="2013-02-20T08:32:30Z" user="Tom_Holland" uid="574654">
  <nd ref="2024312385"/>
  <nd ref="2024312380"/>
  <nd ref="2024312362"/>
  <nd ref="2024312372"/>
  <nd ref="2024312385"/>
  <tag k="building" v="apartments"/>
 </way>
 <way id="193245349" visible="true" version="8" changeset="175007801" timestamp="2025-11-22T22:56:24Z" user="Joshua Garner" uid="2135234">
  <nd ref="2037650685"/>
  <nd ref="2037650683"/>
  <nd ref="2037650684"/>
  <nd ref="4370489155"/>
  <nd ref="2037650682"/>
  <nd ref="2206391170"/>
  <nd ref="2206391171"/>
  <nd ref="2206391172"/>
  <nd ref="2206391173"/>
  <nd ref="2037650686"/>
  <nd ref="2206391176"/>
  <nd ref="2037650687"/>
  <nd ref="2037650688"/>
  <nd ref="2037650689"/>
  <nd ref="384258801"/>
  <nd ref="2037650691"/>
  <nd ref="2206036456"/>
  <nd ref="2206036455"/>
  <nd ref="13325097957"/>
  <nd ref="13325097960"/>
  <nd ref="13325097959"/>
  <nd ref="13325097958"/>
  <nd ref="13325097956"/>
  <nd ref="13325097953"/>
  <nd ref="13325097961"/>
  <nd ref="13325097955"/>
  <nd ref="13325097954"/>
  <nd ref="2206036458"/>
  <nd ref="2206036460"/>
  <nd ref="2206036461"/>
  <nd ref="2206036463"/>
  <nd ref="2206036459"/>
  <nd ref="2206036464"/>
  <nd ref="2206036462"/>
  <nd ref="2658706600"/>
  <nd ref="2658706602"/>
  <nd ref="2206036465"/>
  <nd ref="2206036468"/>
  <nd ref="2164612933"/>
  <nd ref="2164612937"/>
  <nd ref="2163558950"/>
  <nd ref="2163558951"/>
  <nd ref="2163558952"/>
  <nd ref="2163558953"/>
  <nd ref="2163558954"/>
  <nd ref="2163558955"/>
  <nd ref="2163558956"/>
  <nd ref="2163558957"/>
  <nd ref="2163558958"/>
  <nd ref="2163558959"/>
  <nd ref="2163558960"/>
  <nd ref="2163558961"/>
  <nd ref="2163558962"/>
  <nd ref="2163558968"/>
  <nd ref="2163558966"/>
  <nd ref="12091112808"/>
  <nd ref="2163558972"/>
  <nd ref="2163558979"/>
  <nd ref="2163558974"/>
  <nd ref="2163558971"/>
  <nd ref="2163558970"/>
  <nd ref="2163558969"/>
  <nd ref="2163558967"/>
  <nd ref="2163558965"/>
  <nd ref="2163558964"/>
  <nd ref="2163558963"/>
  <nd ref="2206036480"/>
  <nd ref="2206036479"/>
  <nd ref="2206036477"/>
  <nd ref="2206036474"/>
  <nd ref="2206036473"/>
  <nd ref="2206036471"/>
  <nd ref="2206036470"/>
  <nd ref="2206036469"/>
  <nd ref="2206036475"/>
  <nd ref="2206036478"/>
  <nd ref="2206036476"/>
  <nd ref="2206036472"/>
  <nd ref="2206036467"/>
  <nd ref="2206036466"/>
  <nd ref="2206036457"/>
  <nd ref="2206036454"/>
  <nd ref="2206036453"/>
  <nd ref="2037650685"/>
  <tag k="landuse" v="residential"/>
  <tag k="residential" v="single_family"/>
 </way>
 <way id="198504098" visible="true" version="9" changeset="134002793" timestamp="2023-03-23T02:34:22Z" user="carpiediem" uid="604595">
  <nd ref="2086181672"/>
  <nd ref="6445755394"/>
  <nd ref="6445755393"/>
  <nd ref="6445755392"/>
  <nd ref="6445755391"/>
  <nd ref="6445755390"/>
  <nd ref="6445755389"/>
  <nd ref="6445755388"/>
  <nd ref="6445755387"/>
  <nd ref="6445755386"/>
  <nd ref="6445755385"/>
  <nd ref="6445755384"/>
  <nd ref="6445755383"/>
  <nd ref="6445755382"/>
  <nd ref="6445755381"/>
  <nd ref="6445755380"/>
  <nd ref="6445755379"/>
  <nd ref="6445755378"/>
  <nd ref="6445755377"/>
  <nd ref="6445755376"/>
  <nd ref="6445755375"/>
  <nd ref="6445755374"/>
  <nd ref="6445755373"/>
  <nd ref="6445755372"/>
  <nd ref="6445755371"/>
  <nd ref="6445755370"/>
  <nd ref="6445755369"/>
  <nd ref="6445755368"/>
  <nd ref="6445755367"/>
  <nd ref="6445755366"/>
  <nd ref="6445755365"/>
  <nd ref="6445755364"/>
  <nd ref="6445755363"/>
  <nd ref="6445755362"/>
  <nd ref="2086344208"/>
  <nd ref="6445755361"/>
  <nd ref="6445755360"/>
  <nd ref="6445755359"/>
  <nd ref="6445755358"/>
  <nd ref="6445755357"/>
  <nd ref="6445755356"/>
  <nd ref="6445755355"/>
  <nd ref="6445755354"/>
  <nd ref="6445755353"/>
  <nd ref="6445755352"/>
  <nd ref="6445755351"/>
  <nd ref="6445755350"/>
  <nd ref="6445755349"/>
  <nd ref="6445755348"/>
  <nd ref="6445755347"/>
  <nd ref="6445755346"/>
  <nd ref="6445755345"/>
  <nd ref="6445755344"/>
  <nd ref="6445755343"/>
  <nd ref="6445755342"/>
  <nd ref="6445755341"/>
  <nd ref="6445755340"/>
  <nd ref="6445755339"/>
  <nd ref="6445755338"/>
  <nd ref="6445755337"/>
  <nd ref="6445755336"/>
  <nd ref="6445755335"/>
  <nd ref="6445755334"/>
  <nd ref="6445755333"/>
  <nd ref="6445755332"/>
  <nd ref="6445755331"/>
  <nd ref="6445755330"/>
  <nd ref="6445755329"/>
  <nd ref="6445755328"/>
  <nd ref="6445755327"/>
  <nd ref="1034593791"/>
  <nd ref="6441114433"/>
  <nd ref="6441114432"/>
  <nd ref="6441114431"/>
  <nd ref="6441114430"/>
  <nd ref="6441114429"/>
  <nd ref="6441114428"/>
  <nd ref="6441114427"/>
  <nd ref="6441114426"/>
  <nd ref="6441114425"/>
  <nd ref="6441114424"/>
  <nd ref="6441114423"/>
  <nd ref="6441114422"/>
  <nd ref="6441114421"/>
  <nd ref="6441114420"/>
  <nd ref="6441114419"/>
  <nd ref="6441114418"/>
  <nd ref="6441114417"/>
  <nd ref="6441114416"/>
  <nd ref="6441114415"/>
  <nd ref="6441114414"/>
  <nd ref="6441114413"/>
  <nd ref="6441114412"/>
  <nd ref="6441114411"/>
  <nd ref="6441114410"/>
  <nd ref="6441114409"/>
  <nd ref="6441114408"/>
  <nd ref="6441114407"/>
  <nd ref="6441114406"/>
  <nd ref="6441114405"/>
  <nd ref="6441114404"/>
  <nd ref="6441114403"/>
  <nd ref="6441114402"/>
  <nd ref="6441114401"/>
  <nd ref="6441114400"/>
  <nd ref="2085973478"/>
  <nd ref="2085973459"/>
  <nd ref="1034593786"/>
  <nd ref="2085973389"/>
  <nd ref="2085973381"/>
  <nd ref="2085973365"/>
  <nd ref="2085973351"/>
  <nd ref="2085973333"/>
  <nd ref="2085973310"/>
  <nd ref="88998651"/>
  <nd ref="1535747181"/>
  <nd ref="1535747178"/>
  <nd ref="1535747179"/>
  <nd ref="1535747176"/>
  <nd ref="1535747167"/>
  <nd ref="1535747165"/>
  <nd ref="1535747156"/>
  <nd ref="1535747154"/>
  <nd ref="1535747147"/>
  <nd ref="1535747145"/>
  <nd ref="1535747142"/>
  <nd ref="1535747139"/>
  <nd ref="1535747138"/>
  <nd ref="1535747129"/>
  <nd ref="1535747121"/>
  <nd ref="1535747119"/>
  <nd ref="1535747118"/>
  <nd ref="1535747111"/>
  <nd ref="1535747109"/>
  <nd ref="1535747108"/>
  <nd ref="1535747107"/>
  <nd ref="1535747105"/>
  <nd ref="1535747096"/>
  <nd ref="1535747094"/>
  <nd ref="1535747093"/>
  <nd ref="88998643"/>
  <nd ref="1535747089"/>
  <nd ref="1535747085"/>
  <nd ref="2085117641"/>
  <nd ref="2085117640"/>
  <nd ref="2085117639"/>
  <nd ref="2085117635"/>
  <nd ref="2085117634"/>
  <nd ref="2085117632"/>
  <nd ref="2085117628"/>
  <nd ref="1535747041"/>
  <nd ref="2598467067"/>
  <nd ref="2598467066"/>
  <nd ref="2598467065"/>
  <nd ref="2598467064"/>
  <nd ref="2598467063"/>
  <nd ref="2598467062"/>
  <nd ref="2598467060"/>
  <nd ref="2598467059"/>
  <nd ref="2598467058"/>
  <nd ref="2598467057"/>
  <nd ref="2598467056"/>
  <nd ref="2598467054"/>
  <nd ref="2598467055"/>
  <nd ref="2598467052"/>
  <nd ref="2598467051"/>
  <nd ref="2598467050"/>
  <nd ref="2598467049"/>
  <nd ref="2598467048"/>
  <nd ref="2598467046"/>
  <nd ref="2598467045"/>
  <nd ref="2598467044"/>
  <nd ref="2598467043"/>
  <nd ref="2598467042"/>
  <nd ref="2598467041"/>
  <nd ref="2598467040"/>
  <nd ref="2598467039"/>
  <nd ref="2598467038"/>
  <nd ref="2598467037"/>
  <nd ref="2598467036"/>
  <nd ref="2598467035"/>
  <nd ref="2598467034"/>
  <nd ref="2598467033"/>
  <nd ref="2598467032"/>
  <nd ref="2598467031"/>
  <nd ref="2598467029"/>
  <nd ref="2598467030"/>
  <nd ref="2598467028"/>
  <nd ref="2598467027"/>
  <nd ref="2598467026"/>
  <nd ref="2598467025"/>
  <nd ref="2598467024"/>
  <nd ref="2598467023"/>
  <nd ref="2598467022"/>
  <nd ref="2598467021"/>
  <nd ref="2598467020"/>
  <nd ref="2598467019"/>
  <nd ref="2598467018"/>
  <nd ref="2598467017"/>
  <nd ref="2598467016"/>
  <nd ref="2598467015"/>
  <nd ref="2598467012"/>
  <nd ref="2598467014"/>
  <nd ref="2598467013"/>
  <nd ref="2598467011"/>
  <nd ref="2598467010"/>
  <nd ref="1535746432"/>
  <nd ref="1535746427"/>
  <nd ref="1535746406"/>
  <nd ref="1535746401"/>
  <nd ref="1535746399"/>
  <nd ref="1535746397"/>
  <nd ref="1535746396"/>
  <nd ref="1535746394"/>
  <nd ref="1535746372"/>
  <nd ref="1535746369"/>
  <nd ref="1034593690"/>
  <nd ref="1535746368"/>
  <nd ref="1535746355"/>
  <nd ref="1535746349"/>
  <nd ref="1535746341"/>
  <nd ref="1535746338"/>
  <nd ref="1535746328"/>
  <nd ref="1535746325"/>
  <nd ref="1535746321"/>
  <nd ref="1535746319"/>
  <nd ref="1535746316"/>
  <nd ref="1535746295"/>
  <nd ref="1535746292"/>
  <nd ref="1535746290"/>
  <nd ref="1535746255"/>
  <nd ref="88998624"/>
  <nd ref="1535746211"/>
  <nd ref="1535746209"/>
  <nd ref="1535746201"/>
  <nd ref="1535746195"/>
  <nd ref="1535746181"/>
  <nd ref="1535746173"/>
  <nd ref="1535746133"/>
  <nd ref="1535746130"/>
  <nd ref="1535746159"/>
  <nd ref="1535746165"/>
  <nd ref="1535746168"/>
  <nd ref="1535746185"/>
  <nd ref="1535746253"/>
  <nd ref="1034593750"/>
  <nd ref="1535746284"/>
  <nd ref="1535746260"/>
  <nd ref="1535746240"/>
  <nd ref="1535746234"/>
  <nd ref="1535746286"/>
  <nd ref="1535746249"/>
  <nd ref="1535746214"/>
  <nd ref="88998621"/>
  <nd ref="1535746198"/>
  <nd ref="1535746155"/>
  <nd ref="1535746126"/>
  <nd ref="1535746121"/>
  <nd ref="1535746117"/>
  <nd ref="1535746114"/>
  <nd ref="1535746112"/>
  <nd ref="1535746092"/>
  <nd ref="1535746088"/>
  <nd ref="1535746084"/>
  <nd ref="1535746081"/>
  <nd ref="1535746076"/>
  <nd ref="1535746072"/>
  <nd ref="1535746069"/>
  <nd ref="1535746058"/>
  <nd ref="1535746052"/>
  <nd ref="1535746049"/>
  <nd ref="1535746043"/>
  <nd ref="1535746041"/>
  <nd ref="1535746039"/>
  <nd ref="1535746037"/>
  <nd ref="1535746022"/>
  <nd ref="1535746014"/>
  <nd ref="1535746018"/>
  <nd ref="1535746011"/>
  <nd ref="1535746007"/>
  <nd ref="1535746001"/>
  <nd ref="1535745998"/>
  <nd ref="1535745971"/>
  <nd ref="1535745946"/>
  <nd ref="1535745940"/>
  <nd ref="1535745942"/>
  <nd ref="1535745949"/>
  <nd ref="1535745969"/>
  <nd ref="1535745976"/>
  <nd ref="88998618"/>
  <nd ref="1535745944"/>
  <nd ref="1535745938"/>
  <nd ref="1535745930"/>
  <nd ref="1535745914"/>
  <nd ref="1535745911"/>
  <nd ref="1535745908"/>
  <nd ref="1535745904"/>
  <nd ref="1535745903"/>
  <nd ref="1535745902"/>
  <nd ref="1535745884"/>
  <nd ref="1535745880"/>
  <nd ref="1535745877"/>
  <nd ref="1535745874"/>
  <nd ref="1535745870"/>
  <nd ref="1535745866"/>
  <nd ref="1535745863"/>
  <nd ref="1535745861"/>
  <nd ref="1535745847"/>
  <nd ref="1535745842"/>
  <nd ref="1535745838"/>
  <nd ref="1535745833"/>
  <nd ref="1535745831"/>
  <nd ref="1535745829"/>
  <nd ref="1535745802"/>
  <nd ref="1535745783"/>
  <nd ref="1535745747"/>
  <nd ref="1535745780"/>
  <nd ref="1535745746"/>
  <nd ref="1535745742"/>
  <nd ref="1535745710"/>
  <nd ref="1535745738"/>
  <nd ref="1535745683"/>
  <nd ref="1535745680"/>
  <nd ref="1535745698"/>
  <nd ref="1535745790"/>
  <nd ref="88998614"/>
  <nd ref="1535745797"/>
  <nd ref="1535745744"/>
  <nd ref="1535745793"/>
  <nd ref="1535745787"/>
  <nd ref="1535745740"/>
  <nd ref="1535745703"/>
  <nd ref="1535745663"/>
  <nd ref="1535745659"/>
  <nd ref="1535745653"/>
  <nd ref="1034593817"/>
  <nd ref="1535745645"/>
  <nd ref="1535745606"/>
  <nd ref="1535745556"/>
  <nd ref="1034593850"/>
  <nd ref="1535745516"/>
  <nd ref="1535745495"/>
  <nd ref="1535745494"/>
  <nd ref="1535745493"/>
  <nd ref="1535745492"/>
  <nd ref="1535745491"/>
  <nd ref="1535745485"/>
  <nd ref="1535745480"/>
  <nd ref="1535745476"/>
  <nd ref="1535745450"/>
  <nd ref="88998605"/>
  <nd ref="10754901402"/>
  <nd ref="1535745448"/>
  <nd ref="1535745447"/>
  <nd ref="1535745437"/>
  <nd ref="1535745434"/>
  <nd ref="1034593922"/>
  <nd ref="1535745405"/>
  <nd ref="1535745401"/>
  <nd ref="1535745390"/>
  <nd ref="1535745377"/>
  <nd ref="1535745392"/>
  <nd ref="88998607"/>
  <nd ref="1535745386"/>
  <nd ref="1535745348"/>
  <nd ref="1535745339"/>
  <nd ref="1535745330"/>
  <nd ref="1535745326"/>
  <nd ref="1535745323"/>
  <nd ref="1535745318"/>
  <nd ref="1535745302"/>
  <nd ref="1535745296"/>
  <nd ref="88998610"/>
  <nd ref="1535745294"/>
  <nd ref="1535745291"/>
  <nd ref="1535745284"/>
  <nd ref="1535745280"/>
  <nd ref="1535745274"/>
  <nd ref="1535745242"/>
  <nd ref="1535745240"/>
  <nd ref="1535745235"/>
  <nd ref="1535745232"/>
  <nd ref="1535745230"/>
  <nd ref="1535745227"/>
  <nd ref="1535745222"/>
  <nd ref="1535745225"/>
  <nd ref="1535745218"/>
  <nd ref="1535745199"/>
  <nd ref="1535745195"/>
  <nd ref="1535745187"/>
  <nd ref="1535745190"/>
  <nd ref="594240465"/>
  <nd ref="1535745181"/>
  <nd ref="1535745177"/>
  <nd ref="1535745152"/>
  <nd ref="1535745149"/>
  <nd ref="1535745147"/>
  <nd ref="1535745143"/>
  <nd ref="1535745142"/>
  <nd ref="1535745140"/>
  <nd ref="88998612"/>
  <nd ref="1535745139"/>
  <nd ref="1535745136"/>
  <nd ref="1535745114"/>
  <nd ref="1535745112"/>
  <nd ref="1535745108"/>
  <nd ref="1535745096"/>
  <nd ref="1535745103"/>
  <nd ref="1535745093"/>
  <nd ref="1535745089"/>
  <nd ref="1537004542"/>
  <nd ref="1537004521"/>
  <nd ref="1537004519"/>
  <nd ref="1537004517"/>
  <nd ref="1537004514"/>
  <nd ref="1537004507"/>
  <nd ref="1537004510"/>
  <nd ref="1537004513"/>
  <nd ref="1537004512"/>
  <nd ref="1537004472"/>
  <nd ref="1537004470"/>
  <nd ref="1537004469"/>
  <nd ref="1537004468"/>
  <nd ref="1537004467"/>
  <nd ref="1537004465"/>
  <nd ref="88998554"/>
  <nd ref="1537004463"/>
  <nd ref="1537004460"/>
  <nd ref="1537004452"/>
  <nd ref="1537004421"/>
  <nd ref="1537004412"/>
  <nd ref="1537004410"/>
  <nd ref="1537004417"/>
  <nd ref="1537004414"/>
  <nd ref="1537004408"/>
  <nd ref="1537004407"/>
  <nd ref="1537004406"/>
  <nd ref="1537004405"/>
  <nd ref="1537004403"/>
  <nd ref="1537004360"/>
  <nd ref="1537004358"/>
  <nd ref="1537004355"/>
  <nd ref="1537004353"/>
  <nd ref="1537004352"/>
  <nd ref="1537004350"/>
  <nd ref="1537004349"/>
  <nd ref="1537004345"/>
  <nd ref="1537004302"/>
  <nd ref="1537004299"/>
  <nd ref="1537004295"/>
  <nd ref="1537004294"/>
  <nd ref="1537004297"/>
  <nd ref="1537004292"/>
  <nd ref="1537004291"/>
  <nd ref="1537004288"/>
  <nd ref="88998557"/>
  <nd ref="1537004282"/>
  <nd ref="1537004273"/>
  <nd ref="1537004241"/>
  <nd ref="594240371"/>
  <nd ref="1537004233"/>
  <nd ref="1537004229"/>
  <nd ref="1537004227"/>
  <nd ref="1537004226"/>
  <nd ref="1537004220"/>
  <nd ref="1537004216"/>
  <nd ref="1537004176"/>
  <nd ref="1537004174"/>
  <nd ref="1537004171"/>
  <nd ref="1537004170"/>
  <nd ref="1537004169"/>
  <nd ref="1537004168"/>
  <nd ref="1537004161"/>
  <nd ref="1537004113"/>
  <nd ref="1537004106"/>
  <nd ref="1537004091"/>
  <nd ref="1537004055"/>
  <nd ref="1537004080"/>
  <nd ref="1537004095"/>
  <nd ref="1537004115"/>
  <nd ref="1537004153"/>
  <nd ref="1537004166"/>
  <nd ref="1537004164"/>
  <nd ref="1537004119"/>
  <nd ref="1537004109"/>
  <nd ref="88998602"/>
  <nd ref="1537004052"/>
  <nd ref="1537004045"/>
  <nd ref="1537004039"/>
  <nd ref="1537004032"/>
  <nd ref="1537004013"/>
  <nd ref="1537004029"/>
  <nd ref="1537004019"/>
  <nd ref="1537004009"/>
  <nd ref="1537003978"/>
  <nd ref="1537003973"/>
  <nd ref="1537003967"/>
  <nd ref="1537003960"/>
  <nd ref="1537003948"/>
  <nd ref="1537003944"/>
  <nd ref="1537003933"/>
  <nd ref="1537003909"/>
  <nd ref="1537003902"/>
  <nd ref="1537003898"/>
  <nd ref="1537003894"/>
  <nd ref="1537003890"/>
  <nd ref="1537003886"/>
  <nd ref="1537003883"/>
  <nd ref="1537003852"/>
  <nd ref="1537003857"/>
  <nd ref="1537003855"/>
  <nd ref="1537003849"/>
  <nd ref="1537003843"/>
  <nd ref="1537003840"/>
  <nd ref="88998495"/>
  <nd ref="1537003831"/>
  <nd ref="1537003827"/>
  <nd ref="1537003823"/>
  <nd ref="1537003819"/>
  <nd ref="1537003781"/>
  <nd ref="1537003771"/>
  <nd ref="1537003768"/>
  <nd ref="1537003759"/>
  <nd ref="1537003755"/>
  <nd ref="1537003752"/>
  <nd ref="1537003751"/>
  <nd ref="1537003722"/>
  <nd ref="1537003721"/>
  <nd ref="1537003712"/>
  <nd ref="1537003718"/>
  <nd ref="1537003719"/>
  <nd ref="1537003716"/>
  <nd ref="1537003708"/>
  <nd ref="1537003707"/>
  <nd ref="1537003680"/>
  <nd ref="1537003673"/>
  <nd ref="1537003670"/>
  <nd ref="88998499"/>
  <nd ref="1537003660"/>
  <nd ref="1537003656"/>
  <nd ref="1537003636"/>
  <nd ref="5376969699"/>
  <nd ref="1537003634"/>
  <nd ref="1537003633"/>
  <nd ref="1537003628"/>
  <nd ref="1537003620"/>
  <nd ref="1537003588"/>
  <nd ref="1537003585"/>
  <nd ref="1537003580"/>
  <nd ref="1528966193"/>
  <nd ref="1528966191"/>
  <tag k="natural" v="coastline"/>
  <tag k="source" v="PGS"/>
 </way>
 <way id="206455745" visible="true" version="1" changeset="15106325" timestamp="2013-02-20T23:05:28Z" user="Tom_Holland" uid="574654">
  <nd ref="581662072"/>
  <nd ref="581863829"/>
  <tag k="highway" v="living_street"/>
  <tag k="lanes" v="2"/>
  <tag k="name" v="Ahu Street"/>
  <tag k="tiger:countyfp" v="001"/>
  <tag k="tiger:mtfcc" v="S1400"/>
  <tag k="tiger:statefp" v="15"/>
 </way>
 <way id="206455746" visible="true" version="1" changeset="15106325" timestamp="2013-02-20T23:05:28Z" user="Tom_Holland" uid="574654">
  <nd ref="581863829"/>
  <nd ref="582404867"/>
  <tag k="highway" v="living_street"/>
  <tag k="lanes" v="2"/>
  <tag k="name" v="Ahu Street"/>
  <tag k="tiger:countyfp" v="001"/>
  <tag k="tiger:mtfcc" v="S1400"/>
  <tag k="tiger:statefp" v="15"/>
 </way>
 <way id="206455747" visible="true" version="3" changeset="82076104" timestamp="2020-03-11T19:16:28Z" user="phidauex" uid="1231522">
  <nd ref="582127614"/>
  <nd ref="7285744293"/>
  <nd ref="582096956"/>
  <tag k="access" v="destination"/>
  <tag k="highway" v="living_street"/>
  <tag k="lanes" v="2"/>
  <tag k="name" v="Kumu Place"/>
  <tag k="tiger:countyfp" v="001"/>
  <tag k="tiger:mtfcc" v="S1400"/>
  <tag k="tiger:statefp" v="15"/>
 </way>
 <way id="206455748" visible="true" version="2" changeset="20423228" timestamp="2014-02-07T02:42:21Z" user="bdiscoe" uid="402624">
  <nd ref="581650506"/>
  <nd ref="2163524529"/>
  <nd ref="2163524527"/>
  <nd ref="2163524524"/>
  <nd ref="2163524522"/>
  <nd ref="2163524520"/>
  <nd ref="2163524518"/>
  <nd ref="2163524514"/>
  <nd ref="2163524510"/>
  <nd ref="2163524509"/>
  <nd ref="2163524507"/>
  <nd ref="2163524506"/>
  <nd ref="2163524505"/>
  <nd ref="581671950"/>
  <nd ref="581745843"/>
  <tag k="highway" v="living_street"/>
  <tag k="name" v="Lehua Road"/>
  <tag k="tiger:countyfp" v="001"/>
  <tag k="tiger:mtfcc" v="S1400"/>
  <tag k="tiger:statefp" v="15"/>
 </way>
 <way id="206455749" visible="true" version="6" changeset="184199083" timestamp="2026-06-16T20:22:11Z" user="sanjanasharma_lyft" uid="21668461">
  <nd ref="582407031"/>
  <nd ref="13946223796"/>
  <nd ref="13946223799"/>
  <nd ref="581729938"/>
  <nd ref="581745770"/>
  <tag k="access" v="private"/>
  <tag k="highway" v="living_street"/>
  <tag k="lanes" v="2"/>
  <tag k="name" v="Mana Lane"/>
  <tag k="surface" v="unpaved"/>
  <tag k="tiger:countyfp" v="001"/>
  <tag k="tiger:mtfcc" v="S1400"/>
  <tag k="tiger:statefp" v="15"/>
 </way>
 <way id="206455756" visible="true" version="4" changeset="158920775" timestamp="2024-11-09T06:55:24Z" user="wislander" uid="384146">
  <nd ref="581831696"/>
  <nd ref="12325309152"/>
  <nd ref="581782573"/>
  <nd ref="581678122"/>
  <nd ref="581662255"/>
  <nd ref="581605453"/>
  <nd ref="581605442"/>
  <nd ref="581671950"/>
  <nd ref="2164612916"/>
  <nd ref="581672022"/>
  <nd ref="581831763"/>
  <nd ref="582382460"/>
  <nd ref="582169817"/>
  <tag k="highway" v="residential"/>
  <tag k="name" v="Royal Poinciana Drive"/>
  <tag k="surface" v="asphalt"/>
  <tag k="tiger:countyfp" v="001"/>
  <tag k="tiger:mtfcc" v="S1400"/>
  <tag k="tiger:statefp" v="15"/>
 </way>
 <way id="206455761" visible="true" version="4" changeset="147117948" timestamp="2024-02-06T04:35:18Z" user="pürierstab" uid="4393065">
  <nd ref="582319175"/>
  <nd ref="581729938"/>
  <nd ref="7283787551"/>
  <nd ref="582127614"/>
  <nd ref="7283787553"/>
  <nd ref="581837833"/>
  <tag k="highway" v="living_street"/>
  <tag k="lanes" v="2"/>
  <tag k="name" v="Stardust Lane"/>
  <tag k="surface" v="asphalt"/>
  <tag k="tiger:countyfp" v="001"/>
  <tag k="tiger:mtfcc" v="S1400"/>
  <tag k="tiger:statefp" v="15"/>
 </way>
 <way id="206455763" visible="true" version="1" changeset="15106325" timestamp="2013-02-20T23:05:30Z" user="Tom_Holland" uid="574654">
  <nd ref="2164612936"/>
  <nd ref="2164612934"/>
  <nd ref="2164612935"/>
  <nd ref="2164612939"/>
  <nd ref="2164612936"/>
  <tag k="landuse" v="commercial"/>
 </way>
 <way id="206455764" visible="true" version="2" changeset="20727941" timestamp="2014-02-23T08:50:49Z" user="tiger" uid="338866">
  <nd ref="2164612938"/>
  <nd ref="2164612933"/>
  <nd ref="2164612937"/>
  <nd ref="2164612948"/>
  <nd ref="2164612938"/>
  <tag k="amenity" v="school"/>
  <tag k="name" v="Kahakai Elementary School"/>
 </way>
 <way id="210520261" visible="true" version="2" changeset="20423228" timestamp="2014-02-07T02:42:19Z" user="bdiscoe" uid="402624">
  <nd ref="581746944"/>
  <nd ref="581875837"/>
  <nd ref="581875829"/>
  <nd ref="581875842"/>
  <nd ref="581880595"/>
  <nd ref="582216709"/>
  <nd ref="582216710"/>
  <nd ref="582131291"/>
  <nd ref="582404936"/>
  <nd ref="582404961"/>
  <nd ref="582404958"/>
  <nd ref="582404946"/>
  <nd ref="582244341"/>
  <nd ref="582404943"/>
  <nd ref="582404940"/>
  <nd ref="582404952"/>
  <nd ref="582127567"/>
  <nd ref="582096721"/>
  <tag k="highway" v="living_street"/>
  <tag k="lanes" v="2"/>
  <tag k="name" v="Kololia Street"/>
  <tag k="tiger:countyfp" v="001"/>
  <tag k="tiger:mtfcc" v="S1400"/>
  <tag k="tiger:statefp" v="15"/>
 </way>
 <way id="210520272" visible="true" version="2" changeset="20423228" timestamp="2014-02-07T02:42:20Z" user="bdiscoe" uid="402624">
  <nd ref="582169618"/>
  <nd ref="582244320"/>
  <nd ref="582127768"/>
  <nd ref="581837812"/>
  <nd ref="581822845"/>
  <nd ref="582382469"/>
  <nd ref="582255664"/>
  <nd ref="582244528"/>
  <nd ref="582244538"/>
  <nd ref="582104776"/>
  <nd ref="582097154"/>
  <nd ref="582097233"/>
  <nd ref="582128110"/>
  <nd ref="582407242"/>
  <nd ref="582407238"/>
  <nd ref="582406934"/>
  <nd ref="581773693"/>
  <nd ref="581750447"/>
  <nd ref="581750402"/>
  <nd ref="581746944"/>
  <nd ref="582244160"/>
  <nd ref="581747768"/>
  <nd ref="582406923"/>
  <nd ref="582382460"/>
  <tag k="highway" v="living_street"/>
  <tag k="lanes" v="2"/>
  <tag k="name" v="Kupuna Street"/>
  <tag k="tiger:countyfp" v="001"/>
  <tag k="tiger:mtfcc" v="S1400"/>
  <tag k="tiger:statefp" v="15"/>
 </way>
 <way id="255480952" visible="true" version="7" changeset="158920775" timestamp="2024-11-09T06:55:24Z" user="wislander" uid="384146">
  <nd ref="2611680936"/>
  <nd ref="2611681009"/>
  <nd ref="2611680894"/>
  <nd ref="2611681023"/>
  <nd ref="2611681017"/>
  <nd ref="2611681045"/>
  <nd ref="2611680880"/>
  <nd ref="2611680949"/>
  <nd ref="2611680910"/>
  <nd ref="2611680906"/>
  <nd ref="2611680923"/>
  <nd ref="2611681011"/>
  <nd ref="2611680962"/>
  <nd ref="2611680899"/>
  <nd ref="2611680912"/>
  <nd ref="2611680958"/>
  <nd ref="2611680985"/>
  <nd ref="2611681038"/>
  <nd ref="2611681042"/>
  <nd ref="2611680896"/>
  <nd ref="2611681053"/>
  <nd ref="2611681002"/>
  <nd ref="2611680968"/>
  <nd ref="2611680943"/>
  <nd ref="2611681021"/>
  <nd ref="2611680998"/>
  <nd ref="2611681022"/>
  <nd ref="2611681029"/>
  <nd ref="2611681030"/>
  <nd ref="2611680966"/>
  <nd ref="2611680989"/>
  <nd ref="2611680898"/>
  <nd ref="2611681057"/>
  <nd ref="2611681025"/>
  <nd ref="2611681007"/>
  <nd ref="2611680987"/>
  <nd ref="2611680964"/>
  <nd ref="2611680901"/>
  <nd ref="2611680919"/>
  <nd ref="2611680930"/>
  <nd ref="2611680889"/>
  <nd ref="2611680892"/>
  <nd ref="2611681044"/>
  <nd ref="2611681000"/>
  <nd ref="2611680900"/>
  <nd ref="2611680991"/>
  <nd ref="2611680957"/>
  <nd ref="2611680969"/>
  <nd ref="2611680973"/>
  <nd ref="2611680940"/>
  <nd ref="2611680929"/>
  <nd ref="2611681047"/>
  <nd ref="2611681055"/>
  <nd ref="2611681027"/>
  <nd ref="2611681026"/>
  <nd ref="2611680916"/>
  <nd ref="2611680934"/>
  <nd ref="2611680955"/>
  <nd ref="2611680908"/>
  <nd ref="2611681019"/>
  <nd ref="2611681036"/>
  <nd ref="2611680887"/>
  <nd ref="2611681034"/>
  <nd ref="2611681028"/>
  <nd ref="2611681015"/>
  <nd ref="2611680873"/>
  <nd ref="2611680945"/>
  <nd ref="2611680979"/>
  <nd ref="2611681006"/>
  <nd ref="2611681013"/>
  <nd ref="2611680917"/>
  <nd ref="2611681032"/>
  <nd ref="2611680902"/>
  <nd ref="2611680951"/>
  <nd ref="2611681059"/>
  <nd ref="2611681049"/>
  <nd ref="2611680953"/>
  <nd ref="2611680932"/>
  <nd ref="2611680975"/>
  <nd ref="2611680942"/>
  <nd ref="2611680925"/>
  <nd ref="2611681051"/>
  <nd ref="2611680971"/>
  <nd ref="2611680977"/>
  <nd ref="2611680891"/>
  <nd ref="2611680938"/>
  <nd ref="2611680960"/>
  <nd ref="2611680884"/>
  <nd ref="2611680936"/>
 </way>
 <way id="255480953" visible="true" version="2" changeset="132240027" timestamp="2023-02-08T07:33:23Z" user="wislander" uid="384146">
  <nd ref="2611680921"/>
  <nd ref="2611680995"/>
  <nd ref="2611680993"/>
  <tag k="highway" v="service"/>
  <tag k="oneway" v="no"/>
  <tag k="service" v="parking_aisle"/>
  <tag k="surface" v="asphalt"/>
 </way>
 <way id="255480954" visible="true" version="2" changeset="132240027" timestamp="2023-02-08T07:33:24Z" user="wislander" uid="384146">
  <nd ref="2611680947"/>
  <nd ref="2611680995"/>
  <tag k="highway" v="service"/>
  <tag k="oneway" v="no"/>
  <tag k="service" v="parking_aisle"/>
  <tag k="surface" v="asphalt"/>
 </way>
 <way id="255480955" visible="true" version="3" changeset="158920775" timestamp="2024-11-09T06:55:24Z" user="wislander" uid="384146">
  <nd ref="2611680927"/>
  <nd ref="2611680914"/>
  <nd ref="2611680902"/>
  <nd ref="2611680951"/>
  <nd ref="2611681059"/>
  <nd ref="2611681049"/>
  <nd ref="2611680904"/>
  <nd ref="2611680877"/>
  <nd ref="2611681024"/>
  <nd ref="2611680996"/>
  <nd ref="2611681040"/>
  <nd ref="2611680927"/>
  <tag k="access" v="customers"/>
  <tag k="amenity" v="parking"/>
  <tag k="capacity" v="10"/>
  <tag k="fee" v="no"/>
  <tag k="maxstay" v="15 minutes"/>
  <tag k="parking" v="surface"/>
 </way>
 <way id="255481196" visible="true" version="1" changeset="19835357" timestamp="2014-01-05T23:36:48Z" user="user_1860734" uid="1860734">
  <nd ref="2611682734"/>
  <nd ref="2611682730"/>
  <nd ref="2611682732"/>
  <nd ref="2611682727"/>
  <nd ref="2611682720"/>
  <nd ref="2611682729"/>
  <nd ref="2611682725"/>
  <nd ref="2611682723"/>
  <nd ref="2611682734"/>
 </way>
 <way id="289172821" visible="true" version="1" changeset="23077802" timestamp="2014-06-22T10:31:43Z" user="Mission Aware Technologies" uid="2139707">
  <nd ref="2927270066"/>
  <nd ref="2927270067"/>
  <nd ref="2927270068"/>
  <nd ref="2927270069"/>
  <nd ref="2927270070"/>
  <nd ref="2927270071"/>
  <nd ref="2927270072"/>
  <nd ref="2927270073"/>
  <nd ref="2927270074"/>
  <nd ref="2927270075"/>
  <nd ref="2927270066"/>
  <tag k="addr:city" v="Kailua-Kona"/>
  <tag k="addr:postcode" v="96740"/>
  <tag k="addr:street" v="Ke 'alohi Kai Place"/>
  <tag k="building" v="house"/>
  <tag k="building:levels" v="2"/>
 </way>
 <way id="289172877" visible="true" version="1" changeset="23077815" timestamp="2014-06-22T10:32:35Z" user="Mission Aware Technologies" uid="2139707">
  <nd ref="2927268645"/>
  <nd ref="2927268646"/>
  <nd ref="2927268647"/>
  <nd ref="2927268648"/>
  <nd ref="2927268649"/>
  <nd ref="2927268650"/>
  <nd ref="2927268651"/>
  <nd ref="2927268652"/>
  <nd ref="2927268653"/>
  <nd ref="2927268654"/>
  <nd ref="2927268655"/>
  <nd ref="2927268656"/>
  <nd ref="2927268645"/>
  <tag k="addr:city" v="Kailua-Kona"/>
  <tag k="addr:postcode" v="96740"/>
  <tag k="addr:street" v="Ke 'alohi Kai Place"/>
  <tag k="building" v="house"/>
  <tag k="building:levels" v="2"/>
 </way>
 <way id="289173226" visible="true" version="1" changeset="23077899" timestamp="2014-06-22T10:36:37Z" user="Mission Aware Technologies" uid="2139707">
  <nd ref="2927272750"/>
  <nd ref="2927272751"/>
  <nd ref="2927272752"/>
  <nd ref="2927272753"/>
  <nd ref="2927272754"/>
  <nd ref="2927272755"/>
  <nd ref="2927272756"/>
  <nd ref="2927272757"/>
  <nd ref="2927272758"/>
  <nd ref="2927272759"/>
  <nd ref="2927272750"/>
  <tag k="building" v="house"/>
 </way>
 <way id="289173630" visible="true" version="1" changeset="23077907" timestamp="2014-06-22T10:37:08Z" user="Mission Aware Technologies" uid="2139707">
  <nd ref="2927272818"/>
  <nd ref="2927272819"/>
  <nd ref="2927272820"/>
  <nd ref="2927272821"/>
  <nd ref="2927272818"/>
  <tag k="building" v="house"/>
 </way>
 <way id="289676502" visible="true" version="2" changeset="44336914" timestamp="2016-12-12T04:37:48Z" user="fmarier" uid="24555">
  <nd ref="2932271527"/>
  <nd ref="2932271526"/>
  <nd ref="2932271521"/>
  <nd ref="2932271520"/>
  <nd ref="2932271519"/>
  <nd ref="2932271518"/>
  <nd ref="2932271514"/>
  <nd ref="2932271516"/>
  <nd ref="2932271513"/>
  <nd ref="2932271515"/>
  <nd ref="2932271511"/>
  <nd ref="2932271517"/>
  <nd ref="2932271522"/>
  <nd ref="2932271523"/>
  <nd ref="2932271525"/>
  <nd ref="2932271524"/>
  <nd ref="2932271527"/>
  <tag k="building" v="yes"/>
  <tag k="building:levels" v="3"/>
 </way>
 <way id="293606926" visible="true" version="1" changeset="24264210" timestamp="2014-07-21T00:49:35Z" user="Mission Aware Technologies" uid="2139707">
  <nd ref="2972328056"/>
  <nd ref="2972328057"/>
  <nd ref="2972328058"/>
  <nd ref="2972328059"/>
  <nd ref="2972328060"/>
  <nd ref="2972328061"/>
  <nd ref="2972328062"/>
  <nd ref="2972328063"/>
  <nd ref="2972328064"/>
  <nd ref="2972328065"/>
  <nd ref="2972328056"/>
  <tag k="building" v="yes"/>
 </way>
 <way id="293606927" visible="true" version="1" changeset="24264210" timestamp="2014-07-21T00:49:35Z" user="Mission Aware Technologies" uid="2139707">
  <nd ref="2972328066"/>
  <nd ref="2972328067"/>
  <nd ref="2972328068"/>
  <nd ref="2972328069"/>
  <nd ref="2972328066"/>
  <tag k="building" v="yes"/>
 </way>
 <way id="293606928" visible="true" version="1" changeset="24264210" timestamp="2014-07-21T00:49:35Z" user="Mission Aware Technologies" uid="2139707">
  <nd ref="2972328070"/>
  <nd ref="2972328071"/>
  <nd ref="2972328072"/>
  <nd ref="2972328073"/>
  <nd ref="2972328074"/>
  <nd ref="2972328075"/>
  <nd ref="2972328076"/>
  <nd ref="2972328077"/>
  <nd ref="2972328078"/>
  <nd ref="2972328079"/>
  <nd ref="2972328080"/>
  <nd ref="2972328081"/>
  <nd ref="2972328070"/>
  <tag k="building" v="yes"/>
 </way>
 <way id="293606929" visible="true" version="1" changeset="24264210" timestamp="2014-07-21T00:49:35Z" user="Mission Aware Technologies" uid="2139707">
  <nd ref="2972328082"/>
  <nd ref="2972328083"/>
  <nd ref="2972328084"/>
  <nd ref="2972328085"/>
  <nd ref="2972328086"/>
  <nd ref="2972328087"/>
  <nd ref="2972328082"/>
  <tag k="building" v="yes"/>
 </way>
 <way id="293606930" visible="true" version="1" changeset="24264210" timestamp="2014-07-21T00:49:35Z" user="Mission Aware Technologies" uid="2139707">
  <nd ref="2972328088"/>
  <nd ref="2972328089"/>
  <nd ref="2972328090"/>
  <nd ref="2972328091"/>
  <nd ref="2972328092"/>
  <nd ref="2972328093"/>
  <nd ref="2972328094"/>
  <nd ref="2972328095"/>
  <nd ref="2972328088"/>
  <tag k="building" v="yes"/>
 </way>
 <way id="293606931" visible="true" version="1" changeset="24264210" timestamp="2014-07-21T00:49:35Z" user="Mission Aware Technologies" uid="2139707">
  <nd ref="2972328096"/>
  <nd ref="2972328097"/>
  <nd ref="2972328098"/>
  <nd ref="2972328099"/>
  <nd ref="2972328100"/>
  <nd ref="2972328101"/>
  <nd ref="2972328096"/>
  <tag k="building" v="yes"/>
 </way>
 <way id="293606932" visible="true" version="1" changeset="24264210" timestamp="2014-07-21T00:49:35Z" user="Mission Aware Technologies" uid="2139707">
  <nd ref="2972328102"/>
  <nd ref="2972328103"/>
  <nd ref="2972328104"/>
  <nd ref="2972328105"/>
  <nd ref="2972328106"/>
  <nd ref="2972328107"/>
  <nd ref="2972328108"/>
  <nd ref="2972328109"/>
  <nd ref="2972328102"/>
  <tag k="building" v="yes"/>
 </way>
 <way id="293606933" visible="true" version="1" changeset="24264210" timestamp="2014-07-21T00:49:35Z" user="Mission Aware Technologies" uid="2139707">
  <nd ref="2972328110"/>
  <nd ref="2972328114"/>
  <nd ref="2972328111"/>
  <nd ref="2972328112"/>
  <nd ref="2972328113"/>
  <nd ref="2972328110"/>
  <tag k="building" v="yes"/>
 </way>
 <way id="293606934" visible="true" version="1" changeset="24264210" timestamp="2014-07-21T00:49:35Z" user="Mission Aware Technologies" uid="2139707">
  <nd ref="2972328114"/>
  <nd ref="2972328115"/>
  <nd ref="2972328116"/>
  <nd ref="2972328117"/>
  <nd ref="2972328114"/>
  <tag k="building" v="yes"/>
 </way>
 <way id="293606935" visible="true" version="1" changeset="24264210" timestamp="2014-07-21T00:49:35Z" user="Mission Aware Technologies" uid="2139707">
  <nd ref="2972328118"/>
  <nd ref="2972328119"/>
  <nd ref="2972328120"/>
  <nd ref="2972328121"/>
  <nd ref="2972328122"/>
  <nd ref="2972328123"/>
  <nd ref="2972328124"/>
  <nd ref="2972328125"/>
  <nd ref="2972328126"/>
  <nd ref="2972328127"/>
  <nd ref="2972328128"/>
  <nd ref="2972328129"/>
  <nd ref="2972328130"/>
  <nd ref="2972328131"/>
  <nd ref="2972328132"/>
  <nd ref="2972328933"/>
  <nd ref="2972328934"/>
  <nd ref="2972328935"/>
  <nd ref="2972328936"/>
  <nd ref="2972328937"/>
  <nd ref="2972328938"/>
  <nd ref="2972328939"/>
  <nd ref="2972328940"/>
  <nd ref="2972328941"/>
  <nd ref="2972328118"/>
  <tag k="building" v="yes"/>
 </way>
 <way id="293606936" visible="true" version="1" changeset="24264210" timestamp="2014-07-21T00:49:35Z" user="Mission Aware Technologies" uid="2139707">
  <nd ref="2972328942"/>
  <nd ref="2972328943"/>
  <nd ref="2972328944"/>
  <nd ref="2972328945"/>
  <nd ref="2972328942"/>
  <tag k="building" v="yes"/>
 </way>
 <way id="370440561" visible="true" version="3" changeset="126719725" timestamp="2022-09-28T03:20:38Z" user="puerki" uid="101673">
  <nd ref="3741392557"/>
  <nd ref="3741392558"/>
  <nd ref="3741392559"/>
  <nd ref="3741392560"/>
  <nd ref="3741392557"/>
  <tag k="access" v="yes"/>
  <tag k="amenity" v="parking"/>
  <tag k="fee" v="no"/>
  <tag k="parking" v="surface"/>
 </way>
 <way id="384039836" visible="true" version="1" changeset="35712148" timestamp="2015-12-02T18:43:45Z" user="Mission Aware Technologies" uid="2139707">
  <nd ref="3873379247"/>
  <nd ref="3873379248"/>
  <nd ref="3873379249"/>
  <nd ref="3873379250"/>
  <nd ref="3873379251"/>
  <nd ref="3873379252"/>
  <nd ref="3873379253"/>
  <nd ref="3873379254"/>
  <nd ref="3873379255"/>
  <nd ref="3873379256"/>
  <nd ref="3873384357"/>
  <nd ref="3873384358"/>
  <nd ref="3873384359"/>
  <nd ref="3873384360"/>
  <nd ref="3873384361"/>
  <nd ref="3873384362"/>
  <nd ref="3873379247"/>
  <tag k="building" v="house"/>
 </way>
 <way id="438705883" visible="true" version="2" changeset="41745931" timestamp="2016-08-27T23:34:24Z" user="Tom_Holland" uid="574654">
  <nd ref="384258819"/>
  <nd ref="384258737"/>
  <nd ref="384258736"/>
  <nd ref="384258739"/>
  <nd ref="384258738"/>
  <nd ref="384258856"/>
  <nd ref="384258857"/>
  <nd ref="384258858"/>
  <nd ref="582316858"/>
  <nd ref="582316857"/>
  <nd ref="582316860"/>
  <nd ref="582316859"/>
  <nd ref="582316856"/>
  <nd ref="582316855"/>
  <nd ref="384258584"/>
  <nd ref="384258583"/>
  <nd ref="384258582"/>
  <nd ref="384258581"/>
  <nd ref="384258580"/>
  <nd ref="384258579"/>
  <nd ref="384258578"/>
  <nd ref="384258789"/>
  <nd ref="384258790"/>
  <nd ref="384258787"/>
  <nd ref="384258788"/>
  <nd ref="384258793"/>
  <nd ref="384258794"/>
  <nd ref="384258791"/>
  <nd ref="384258792"/>
  <nd ref="384258795"/>
  <nd ref="384258796"/>
  <nd ref="384258532"/>
  <nd ref="384258531"/>
  <nd ref="384258537"/>
  <nd ref="384258533"/>
  <nd ref="384258588"/>
  <nd ref="384258609"/>
  <nd ref="384258551"/>
  <nd ref="384258550"/>
  <nd ref="384258508"/>
  <nd ref="384258507"/>
  <nd ref="384258538"/>
  <nd ref="384258539"/>
  <nd ref="384258741"/>
  <nd ref="384258742"/>
  <nd ref="384258534"/>
  <nd ref="384258535"/>
  <nd ref="384258536"/>
  <nd ref="384258740"/>
  <nd ref="384258745"/>
  <nd ref="384258875"/>
 </way>
 <way id="439431768" visible="true" version="3" changeset="41746617" timestamp="2016-08-28T01:08:22Z" user="Tom_Holland" uid="574654">
  <nd ref="384258875"/>
  <nd ref="2208580194"/>
  <nd ref="2208580175"/>
  <nd ref="384258867"/>
  <nd ref="594240371"/>
  <nd ref="594240370"/>
  <nd ref="594240373"/>
  <nd ref="594240396"/>
  <nd ref="594240392"/>
  <nd ref="594240412"/>
  <nd ref="384258873"/>
  <nd ref="2037650687"/>
  <nd ref="2037650688"/>
  <nd ref="2037650689"/>
  <nd ref="384258801"/>
  <nd ref="2037650691"/>
  <nd ref="384258805"/>
  <nd ref="384258806"/>
  <nd ref="384258803"/>
  <nd ref="2208580225"/>
  <nd ref="384258696"/>
  <nd ref="2208580233"/>
  <nd ref="581874837"/>
  <nd ref="2208580219"/>
  <nd ref="581874835"/>
  <nd ref="384258699"/>
  <nd ref="582387480"/>
  <nd ref="2208580214"/>
  <nd ref="2208580212"/>
  <nd ref="2208580211"/>
  <nd ref="384258657"/>
  <nd ref="2208580209"/>
  <nd ref="384258659"/>
  <nd ref="2208580206"/>
  <nd ref="384258661"/>
  <nd ref="2208580202"/>
 </way>
 <way id="439431769" visible="true" version="1" changeset="41745931" timestamp="2016-08-27T23:34:22Z" user="Tom_Holland" uid="574654">
  <nd ref="384258875"/>
  <nd ref="384259399"/>
  <nd ref="384259483"/>
  <nd ref="384259574"/>
  <nd ref="384259076"/>
  <nd ref="384259096"/>
 </way>
 <way id="439435031" visible="true" version="2" changeset="175007801" timestamp="2025-11-22T22:56:24Z" user="Joshua Garner" uid="2135234">
  <nd ref="2037650687"/>
  <nd ref="4370489161"/>
  <nd ref="4370489164"/>
  <nd ref="4370489165"/>
  <nd ref="4370489167"/>
  <nd ref="4370489169"/>
  <nd ref="4370489174"/>
  <nd ref="4370489177"/>
  <nd ref="4370489180"/>
  <nd ref="4370489183"/>
  <nd ref="4370489185"/>
  <nd ref="4370489188"/>
  <nd ref="4370492291"/>
  <nd ref="4370492290"/>
  <nd ref="4370492292"/>
  <nd ref="4370492293"/>
  <nd ref="4370492294"/>
  <nd ref="2206036459"/>
  <nd ref="2206036463"/>
  <nd ref="2206036461"/>
  <nd ref="2206036460"/>
  <nd ref="2206036458"/>
  <nd ref="13325097954"/>
  <nd ref="13325097955"/>
  <nd ref="13325097961"/>
  <nd ref="13325097953"/>
  <nd ref="13325097956"/>
  <nd ref="13325097958"/>
  <nd ref="13325097959"/>
  <nd ref="13325097960"/>
  <nd ref="13325097957"/>
  <nd ref="2206036455"/>
  <nd ref="2206036456"/>
  <nd ref="2037650691"/>
  <nd ref="384258801"/>
  <nd ref="2037650689"/>
  <nd ref="2037650688"/>
  <nd ref="2037650687"/>
  <tag k="natural" v="heath"/>
 </way>
 <way id="439435032" visible="true" version="2" changeset="109054194" timestamp="2021-08-02T23:05:45Z" user="ottwiz" uid="3087157">
  <nd ref="2037650685"/>
  <nd ref="2206384255"/>
  <nd ref="2206384253"/>
  <nd ref="2206384251"/>
  <nd ref="2206384248"/>
  <nd ref="2206384246"/>
  <nd ref="2206384244"/>
  <nd ref="2206384243"/>
  <nd ref="2206384241"/>
  <nd ref="2206384236"/>
  <nd ref="2206384234"/>
  <nd ref="2206384233"/>
  <nd ref="2206384231"/>
  <nd ref="2206384226"/>
  <nd ref="2206384225"/>
  <nd ref="2206384224"/>
  <nd ref="2206384223"/>
  <nd ref="2206384222"/>
  <nd ref="2206384221"/>
  <nd ref="2206384220"/>
  <nd ref="2206384218"/>
  <nd ref="2206384217"/>
  <nd ref="2206384216"/>
  <nd ref="2206384215"/>
  <nd ref="2206384214"/>
  <nd ref="2206384211"/>
  <nd ref="2206384210"/>
  <nd ref="2206384209"/>
  <nd ref="2206384208"/>
  <nd ref="2206384207"/>
  <nd ref="2206384206"/>
  <nd ref="2206384205"/>
  <nd ref="2206384204"/>
  <nd ref="2206384203"/>
  <nd ref="2206384202"/>
  <nd ref="2206384201"/>
  <nd ref="2206384200"/>
  <nd ref="2206384199"/>
  <nd ref="2206384198"/>
  <nd ref="2206384197"/>
  <nd ref="2206384196"/>
  <nd ref="2206384195"/>
  <nd ref="2206384194"/>
  <nd ref="2206384192"/>
  <nd ref="2206384189"/>
  <nd ref="2206384188"/>
  <nd ref="2206384187"/>
  <nd ref="2206384186"/>
  <nd ref="2206384184"/>
  <nd ref="2206384185"/>
  <nd ref="2206384181"/>
  <nd ref="2206384175"/>
  <nd ref="2206384176"/>
  <nd ref="2206384177"/>
  <nd ref="2206384180"/>
  <nd ref="2206384182"/>
  <nd ref="2206384169"/>
  <nd ref="2206384164"/>
  <nd ref="2206384162"/>
  <nd ref="2206384159"/>
  <nd ref="2206384152"/>
  <nd ref="2206384148"/>
  <nd ref="2206384142"/>
  <nd ref="4370489154"/>
  <nd ref="4370489155"/>
  <nd ref="2037650684"/>
  <nd ref="2037650683"/>
  <nd ref="2037650685"/>
  <tag k="natural" v="wood"/>
 </way>
 <way id="439439021" visible="true" version="2" changeset="147076282" timestamp="2024-02-05T03:15:49Z" user="pürierstab" uid="4393065">
  <nd ref="4370544225"/>
  <nd ref="582156866"/>
  <tag k="highway" v="service"/>
  <tag k="surface" v="asphalt"/>
 </way>
 <way id="439439028" visible="true" version="2" changeset="147076282" timestamp="2024-02-05T03:15:50Z" user="pürierstab" uid="4393065">
  <nd ref="582156866"/>
  <nd ref="4370544238"/>
  <nd ref="4370544242"/>
  <tag k="highway" v="service"/>
  <tag k="surface" v="asphalt"/>
 </way>
 <way id="439439030" visible="true" version="2" changeset="126719728" timestamp="2022-09-28T03:20:49Z" user="puerki" uid="101673">
  <nd ref="4370544227"/>
  <nd ref="4370544232"/>
  <nd ref="4370544237"/>
  <nd ref="4370544241"/>
  <tag k="highway" v="service"/>
  <tag k="surface" v="compacted"/>
 </way>
 <way id="439439033" visible="true" version="2" changeset="147076282" timestamp="2024-02-05T03:15:49Z" user="pürierstab" uid="4393065">
  <nd ref="4370544231"/>
  <nd ref="4370544236"/>
  <nd ref="4370544225"/>
  <nd ref="4370544221"/>
  <nd ref="4370544222"/>
  <tag k="highway" v="service"/>
  <tag k="surface" v="asphalt"/>
 </way>
 <way id="439439035" visible="true" version="2" changeset="126719728" timestamp="2022-09-28T03:20:47Z" user="puerki" uid="101673">
  <nd ref="4370544238"/>
  <nd ref="4370544232"/>
  <nd ref="4370544226"/>
  <nd ref="4370544230"/>
  <nd ref="4370544233"/>
  <nd ref="4370544224"/>
  <nd ref="4370544223"/>
  <nd ref="4370544230"/>
  <tag k="highway" v="service"/>
  <tag k="surface" v="compacted"/>
 </way>
 <way id="439439037" visible="true" version="1" changeset="41747352" timestamp="2016-08-28T03:07:40Z" user="Tom_Holland" uid="574654">
  <nd ref="4370544240"/>
  <nd ref="4370544243"/>
  <nd ref="4370544235"/>
  <nd ref="4370544234"/>
  <nd ref="4370544239"/>
  <nd ref="4370544229"/>
  <nd ref="4370544228"/>
  <nd ref="4370544218"/>
  <nd ref="4370544220"/>
  <nd ref="2206384142"/>
  <nd ref="2206384082"/>
  <nd ref="4370544215"/>
  <nd ref="4370544216"/>
  <nd ref="4370544217"/>
  <nd ref="4370544219"/>
  <nd ref="4370544240"/>
  <tag k="landuse" v="commercial"/>
 </way>
 <way id="494805465" visible="true" version="1" changeset="48836453" timestamp="2017-05-20T06:06:22Z" user="amilopowers" uid="1514673">
  <nd ref="4865634245"/>
  <nd ref="4865634239"/>
  <nd ref="4865634232"/>
  <nd ref="4865634243"/>
  <nd ref="4865634240"/>
  <nd ref="4865634245"/>
  <tag k="landuse" v="cemetery"/>
 </way>
 <way id="494805466" visible="true" version="1" changeset="48836453" timestamp="2017-05-20T06:06:22Z" user="amilopowers" uid="1514673">
  <nd ref="4865634244"/>
  <nd ref="4865634236"/>
  <nd ref="4865634235"/>
  <nd ref="4865634241"/>
  <nd ref="4865634233"/>
  <nd ref="4865634244"/>
  <tag k="amenity" v="parking"/>
  <tag k="parking" v="surface"/>
 </way>
 <way id="494805467" visible="true" version="1" changeset="48836453" timestamp="2017-05-20T06:06:22Z" user="amilopowers" uid="1514673">
  <nd ref="4865634238"/>
  <nd ref="4865634234"/>
  <nd ref="4865634242"/>
  <nd ref="4865634237"/>
  <nd ref="4865634238"/>
  <tag k="building" v="church"/>
  <tag k="denomination" v="evangelical"/>
 </way>
 <way id="494811686" visible="true" version="1" changeset="48837103" timestamp="2017-05-20T07:01:12Z" user="amilopowers" uid="1514673">
  <nd ref="4865703114"/>
  <nd ref="4865703111"/>
  <nd ref="4865703107"/>
  <nd ref="4865703113"/>
  <nd ref="4865703114"/>
  <tag k="atm" v="yes"/>
  <tag k="building" v="yes"/>
  <tag k="name" v="Banyan Mart"/>
  <tag k="opening_hours" v="Mo-Su 09:00-22:00"/>
  <tag k="payment:cash" v="yes"/>
  <tag k="payment:credit_cards" v="no"/>
  <tag k="payment:debit_cards" v="no"/>
  <tag k="shop" v="convenience"/>
 </way>
 <way id="494811687" visible="true" version="4" changeset="131113853" timestamp="2023-01-10T16:29:26Z" user="IknowJoseph" uid="30587">
  <nd ref="4865703110"/>
  <nd ref="4865703108"/>
  <nd ref="4865703112"/>
  <nd ref="4865703109"/>
  <nd ref="4865703110"/>
  <tag k="addr:city" v="Kailua-Kona"/>
  <tag k="addr:country" v="US"/>
  <tag k="addr:housenumber" v="76-6241"/>
  <tag k="addr:postcode" v="96740"/>
  <tag k="addr:street" v="Alii Drive"/>
  <tag k="building" v="yes"/>
  <tag k="building:levels" v="2"/>
  <tag k="contact:email" v="info@myhawaiihostel.com"/>
  <tag k="contact:phone" v="+1 808 374 2131"/>
  <tag k="contact:website" v="http://www.myhawaiihostel.com"/>
  <tag k="name" v="My Hawaii Hostel"/>
  <tag k="tourism" v="hostel"/>
  <tag k="wikidata" v="Q111126236"/>
 </way>
 <way id="494815381" visible="true" version="1" changeset="48837428" timestamp="2017-05-20T07:29:47Z" user="amilopowers" uid="1514673">
  <nd ref="4865733818"/>
  <nd ref="4865733805"/>
  <nd ref="4865733815"/>
  <nd ref="4865733816"/>
  <nd ref="4865733818"/>
  <tag k="access" v="customers"/>
  <tag k="amenity" v="parking"/>
  <tag k="parking" v="surface"/>
 </way>
 <way id="494815382" visible="true" version="2" changeset="177251548" timestamp="2026-01-15T09:52:29Z" user="achauhan_Lyft" uid="21943119">
  <nd ref="1537034935"/>
  <nd ref="4865733806"/>
  <nd ref="13457610782"/>
  <nd ref="13457610783"/>
  <tag k="highway" v="service"/>
 </way>
 <way id="494815383" visible="true" version="2" changeset="177251548" timestamp="2026-01-15T09:52:29Z" user="achauhan_Lyft" uid="21943119">
  <nd ref="13457610781"/>
  <nd ref="4865733811"/>
  <tag k="access" v="destination"/>
  <tag k="highway" v="service"/>
  <tag k="service" v="parking_aisle"/>
 </way>
 <way id="494815384" visible="true" version="1" changeset="48837428" timestamp="2017-05-20T07:29:47Z" user="amilopowers" uid="1514673">
  <nd ref="4865733807"/>
  <nd ref="4865733819"/>
  <nd ref="4865733808"/>
  <nd ref="4865733814"/>
  <nd ref="4865733812"/>
  <nd ref="4865733813"/>
  <nd ref="4865733807"/>
  <tag k="access" v="customers"/>
  <tag k="amenity" v="parking"/>
  <tag k="parking" v="surface"/>
 </way>
 <way id="606171962" visible="true" version="1" changeset="60520654" timestamp="2018-07-08T23:44:22Z" user="kr4z33" uid="604586">
  <nd ref="5748003088"/>
  <nd ref="5748003089"/>
  <nd ref="5748003090"/>
  <nd ref="5748003091"/>
  <nd ref="5748003092"/>
  <nd ref="5748003093"/>
  <nd ref="5748003088"/>
  <tag k="addr:housenumber" v="76-684"/>
  <tag k="addr:street" v="Ahu Street"/>
  <tag k="building" v="house"/>
 </way>
 <way id="780065988" visible="true" version="3" changeset="178972929" timestamp="2026-02-24T06:49:55Z" user="sarya_Lyft" uid="18784339">
  <nd ref="7283787552"/>
  <nd ref="7283787551"/>
  <nd ref="7283787550"/>
  <nd ref="7283787549"/>
  <tag k="access" v="private"/>
  <tag k="highway" v="living_street"/>
  <tag k="name" v="Holualoa Beach Road"/>
  <tag k="surface" v="unpaved"/>
 </way>
 <way id="780288092" visible="true" version="1" changeset="82076104" timestamp="2020-03-11T19:16:28Z" user="phidauex" uid="1231522">
  <nd ref="7285744295"/>
  <nd ref="7285744292"/>
  <nd ref="7285744294"/>
  <nd ref="7285744291"/>
  <tag k="access" v="yes"/>
  <tag k="highway" v="footway"/>
  <tag k="motor_vehicle" v="no"/>
  <tag k="name" v="Shoreline Access"/>
  <tag k="wheelchair" v="no"/>
 </way>
 <way id="1156493163" visible="true" version="1" changeset="134002793" timestamp="2023-03-23T02:34:22Z" user="carpiediem" uid="604595">
  <nd ref="10754901401"/>
  <nd ref="10754901402"/>
  <tag k="description" v="Public access to shoreline"/>
  <tag k="foot" v="yes"/>
  <tag k="highway" v="footway"/>
  <tag k="horse" v="no"/>
 </way>
 <way id="1156493164" visible="true" version="1" changeset="134002793" timestamp="2023-03-23T02:34:22Z" user="carpiediem" uid="604595">
  <nd ref="10754901403"/>
  <nd ref="10754901404"/>
  <nd ref="10754907705"/>
  <nd ref="10754907706"/>
  <nd ref="10754907707"/>
  <nd ref="10754907708"/>
  <nd ref="10754907709"/>
  <nd ref="10754907710"/>
  <nd ref="10754907711"/>
  <nd ref="10754907712"/>
  <nd ref="10754907713"/>
  <nd ref="10754901403"/>
  <tag k="building" v="yes"/>
 </way>
 <way id="1156493165" visible="true" version="2" changeset="147117948" timestamp="2024-02-06T04:35:19Z" user="pürierstab" uid="4393065">
  <nd ref="10754907714"/>
  <nd ref="10754907715"/>
  <nd ref="10754907716"/>
  <nd ref="10754907717"/>
  <nd ref="10754907718"/>
  <nd ref="10754907719"/>
  <tag k="description" v="public access to shoreline"/>
  <tag k="foot" v="yes"/>
  <tag k="highway" v="footway"/>
  <tag k="surface" v="asphalt"/>
 </way>
 <way id="1372214573" visible="true" version="5" changeset="168827771" timestamp="2025-07-12T09:05:31Z" user="Gleb_Artyomenko" uid="22194971">
  <nd ref="12706100786"/>
  <nd ref="12706100785"/>
  <tag k="highway" v="residential"/>
  <tag k="name" v="Leiali'i Loop"/>
  <tag k="oneway" v="no"/>
 </way>
 <way id="1372501084" visible="true" version="2" changeset="165920278" timestamp="2025-05-07T05:29:14Z" user="BlakeyD" uid="22682848">
  <nd ref="12708375975"/>
  <nd ref="12708375976"/>
  <nd ref="12708375977"/>
  <nd ref="12816140822"/>
  <nd ref="12816140821"/>
  <nd ref="12816140820"/>
  <nd ref="12708375978"/>
  <nd ref="12708375979"/>
  <nd ref="12816140819"/>
  <nd ref="12708375980"/>
  <nd ref="12708375975"/>
  <tag k="addr:city" v="Kailua-Kona"/>
  <tag k="addr:housenumber" v="75-3524"/>
  <tag k="addr:postcode" v="96740"/>
  <tag k="addr:state" v="HI"/>
  <tag k="addr:street" v="Leiali'i Loop"/>
  <tag k="building" v="commercial"/>
  <tag k="name" v="Cottages on Ali'i Drive"/>
 </way>
 <way id="1372764052" visible="true" version="1" changeset="164265400" timestamp="2025-03-29T20:54:31Z" user="BlakeyD" uid="22682848">
  <nd ref="12710594880"/>
  <nd ref="12710594881"/>
  <nd ref="12710594882"/>
  <nd ref="12710594883"/>
  <nd ref="12710594884"/>
  <nd ref="12710594885"/>
  <nd ref="12710594886"/>
  <nd ref="12710594880"/>
  <tag k="access" v="yes"/>
  <tag k="leisure" v="swimming_pool"/>
  <tag k="lit" v="no"/>
  <tag k="location" v="outdoor"/>
  <tag k="name" v="Ali'i Saltwater Pool"/>
  <tag k="swimming_pool" v="wading"/>
 </way>
 <way id="1384237383" visible="true" version="2" changeset="167633347" timestamp="2025-06-15T01:06:38Z" user="BlakeyD" uid="22682848">
  <nd ref="12816140823"/>
  <nd ref="12816140824"/>
  <nd ref="12816140836"/>
  <nd ref="12816140835"/>
  <nd ref="12816140834"/>
  <nd ref="12816140833"/>
  <nd ref="12816140832"/>
  <nd ref="12816140831"/>
  <nd ref="12816140830"/>
  <nd ref="12816140829"/>
  <nd ref="12816140828"/>
  <nd ref="12816140827"/>
  <nd ref="12816140826"/>
  <nd ref="12816140825"/>
  <nd ref="12816140823"/>
  <tag k="addr:city" v="Kailua-Kona"/>
  <tag k="addr:housenumber" v="75-3532"/>
  <tag k="addr:postcode" v="96740"/>
  <tag k="addr:state" v="HI"/>
  <tag k="addr:street" v="Leiali'i Loop"/>
  <tag k="building" v="house"/>
 </way>
 <way id="1384237384" visible="true" version="2" changeset="167633347" timestamp="2025-06-15T01:06:38Z" user="BlakeyD" uid="22682848">
  <nd ref="12816140837"/>
  <nd ref="12816140838"/>
  <nd ref="12816140839"/>
  <nd ref="12816140840"/>
  <nd ref="12816140841"/>
  <nd ref="12816140842"/>
  <nd ref="12816140843"/>
  <nd ref="12816140844"/>
  <nd ref="12816140845"/>
  <nd ref="12816140846"/>
  <nd ref="12816140847"/>
  <nd ref="12816140848"/>
  <nd ref="12816140837"/>
  <tag k="addr:city" v="Kailua-Kona"/>
  <tag k="addr:housenumber" v="75-3542"/>
  <tag k="addr:postcode" v="96740"/>
  <tag k="addr:state" v="HI"/>
  <tag k="addr:street" v="Leiali'i Loop"/>
  <tag k="building" v="house"/>
 </way>
 <way id="1384237385" visible="true" version="2" changeset="167633347" timestamp="2025-06-15T01:06:38Z" user="BlakeyD" uid="22682848">
  <nd ref="12816140849"/>
  <nd ref="12816140850"/>
  <nd ref="12816140851"/>
  <nd ref="12816140852"/>
  <nd ref="12816140853"/>
  <nd ref="12816140854"/>
  <nd ref="12816140855"/>
  <nd ref="12816140856"/>
  <nd ref="12816140857"/>
  <nd ref="12816140858"/>
  <nd ref="12816140859"/>
  <nd ref="12816140860"/>
  <nd ref="12816140849"/>
  <tag k="addr:city" v="Kailua-Kona"/>
  <tag k="addr:housenumber" v="75-3558"/>
  <tag k="addr:postcode" v="96740"/>
  <tag k="addr:state" v="HI"/>
  <tag k="addr:street" v="Leiali'i Loop"/>
  <tag k="building" v="house"/>
 </way>
 <way id="1384237386" visible="true" version="2" changeset="167635546" timestamp="2025-06-15T04:30:24Z" user="BlakeyD" uid="22682848">
  <nd ref="12816140861"/>
  <nd ref="12816140862"/>
  <nd ref="12816140863"/>
  <nd ref="12816140864"/>
  <nd ref="12816140865"/>
  <nd ref="12816140866"/>
  <nd ref="12816140861"/>
  <tag k="addr:city" v="Kailua-Kona"/>
  <tag k="addr:housenumber" v="75-3797"/>
  <tag k="addr:postcode" v="96740"/>
  <tag k="addr:state" v="HI"/>
  <tag k="addr:street" v="Leiali'i Loop"/>
  <tag k="building" v="house"/>
 </way>
 <way id="1384237387" visible="true" version="2" changeset="167635546" timestamp="2025-06-15T04:30:24Z" user="BlakeyD" uid="22682848">
  <nd ref="12816140867"/>
  <nd ref="12816140868"/>
  <nd ref="12816140869"/>
  <nd ref="12816140870"/>
  <nd ref="12816140871"/>
  <nd ref="12816140867"/>
  <tag k="addr:city" v="Kailua-Kona"/>
  <tag k="addr:housenumber" v="75-3791"/>
  <tag k="addr:postcode" v="96740"/>
  <tag k="addr:state" v="HI"/>
  <tag k="addr:street" v="Leiali'i Loop"/>
  <tag k="building" v="house"/>
 </way>
 <way id="1384237388" visible="true" version="2" changeset="167635546" timestamp="2025-06-15T04:30:24Z" user="BlakeyD" uid="22682848">
  <nd ref="12816140872"/>
  <nd ref="12816140873"/>
  <nd ref="12816140874"/>
  <nd ref="12816140875"/>
  <nd ref="12816140876"/>
  <nd ref="12816140877"/>
  <nd ref="12816140872"/>
  <tag k="addr:city" v="Kailua-Kona"/>
  <tag k="addr:housenumber" v="75-3783"/>
  <tag k="addr:postcode" v="96740"/>
  <tag k="addr:state" v="HI"/>
  <tag k="addr:street" v="Leiali'i Loop"/>
  <tag k="building" v="house"/>
 </way>
 <way id="1384237389" visible="true" version="2" changeset="167635546" timestamp="2025-06-15T04:30:24Z" user="BlakeyD" uid="22682848">
  <nd ref="12816140878"/>
  <nd ref="12816140879"/>
  <nd ref="12816140880"/>
  <nd ref="12816140887"/>
  <nd ref="12816140881"/>
  <nd ref="12816140882"/>
  <nd ref="12816140886"/>
  <nd ref="12816140885"/>
  <nd ref="12816140884"/>
  <nd ref="12816140883"/>
  <nd ref="12816140878"/>
  <tag k="addr:city" v="Kailua-Kona"/>
  <tag k="addr:housenumber" v="75-3800"/>
  <tag k="addr:postcode" v="96740"/>
  <tag k="addr:state" v="HI"/>
  <tag k="addr:street" v="Leiali'i Loop"/>
  <tag k="building" v="house"/>
 </way>
 <way id="1384237390" visible="true" version="2" changeset="167635546" timestamp="2025-06-15T04:30:24Z" user="BlakeyD" uid="22682848">
  <nd ref="12816140888"/>
  <nd ref="12816140889"/>
  <nd ref="12816140890"/>
  <nd ref="12816140891"/>
  <nd ref="12816140888"/>
  <tag k="addr:city" v="Kailua-Kona"/>
  <tag k="addr:housenumber" v="75-3790"/>
  <tag k="addr:postcode" v="96740"/>
  <tag k="addr:state" v="HI"/>
  <tag k="addr:street" v="Leiali'i Loop"/>
  <tag k="building" v="house"/>
 </way>
 <way id="1384237391" visible="true" version="2" changeset="167635546" timestamp="2025-06-15T04:30:24Z" user="BlakeyD" uid="22682848">
  <nd ref="12816140892"/>
  <nd ref="12816140893"/>
  <nd ref="12816140894"/>
  <nd ref="12816140895"/>
  <nd ref="12816140896"/>
  <nd ref="12816140897"/>
  <nd ref="12816140898"/>
  <nd ref="12816140899"/>
  <nd ref="12816140900"/>
  <nd ref="12816145101"/>
  <nd ref="12816140892"/>
  <tag k="addr:city" v="Kailua-Kona"/>
  <tag k="addr:housenumber" v="75-3780"/>
  <tag k="addr:postcode" v="96740"/>
  <tag k="addr:state" v="HI"/>
  <tag k="addr:street" v="Leiali'i Loop"/>
  <tag k="building" v="house"/>
 </way>
 <way id="1384237392" visible="true" version="2" changeset="167635546" timestamp="2025-06-15T04:30:24Z" user="BlakeyD" uid="22682848">
  <nd ref="12816145102"/>
  <nd ref="12816145103"/>
  <nd ref="12816145104"/>
  <nd ref="12816145105"/>
  <nd ref="12816145106"/>
  <nd ref="12816145107"/>
  <nd ref="12816145108"/>
  <nd ref="12816145109"/>
  <nd ref="12816145110"/>
  <nd ref="12816145111"/>
  <nd ref="12816145112"/>
  <nd ref="12816145113"/>
  <nd ref="12816145102"/>
  <tag k="addr:city" v="Kailua-Kona"/>
  <tag k="addr:housenumber" v="75-3772"/>
  <tag k="addr:postcode" v="96740"/>
  <tag k="addr:state" v="HI"/>
  <tag k="addr:street" v="Leiali'i Loop"/>
  <tag k="building" v="house"/>
 </way>
 <way id="1384237398" visible="true" version="2" changeset="167635546" timestamp="2025-06-15T04:30:24Z" user="BlakeyD" uid="22682848">
  <nd ref="12816145134"/>
  <nd ref="12816145135"/>
  <nd ref="12816145136"/>
  <nd ref="12816145137"/>
  <nd ref="12816145134"/>
  <tag k="addr:city" v="Kailua-Kona"/>
  <tag k="addr:housenumber" v="75-4111"/>
  <tag k="addr:postcode" v="96740"/>
  <tag k="addr:state" v="HI"/>
  <tag k="addr:street" v="Kamali'i St"/>
  <tag k="building" v="house"/>
 </way>
 <way id="1384237399" visible="true" version="2" changeset="167635546" timestamp="2025-06-15T04:30:24Z" user="BlakeyD" uid="22682848">
  <nd ref="12816145138"/>
  <nd ref="12816145139"/>
  <nd ref="12816145140"/>
  <nd ref="12816145141"/>
  <nd ref="12816145138"/>
  <tag k="addr:city" v="Kailua-Kona"/>
  <tag k="addr:housenumber" v="75-4103"/>
  <tag k="addr:postcode" v="96740"/>
  <tag k="addr:state" v="HI"/>
  <tag k="addr:street" v="Kamali'i St"/>
  <tag k="building" v="house"/>
 </way>
 <way id="1395336472" visible="true" version="1" changeset="167629724" timestamp="2025-06-14T21:21:10Z" user="BlakeyD" uid="22682848">
  <nd ref="12706100786"/>
  <nd ref="12915551379"/>
  <tag k="highway" v="residential"/>
  <tag k="name" v="Leiali'i Loop"/>
 </way>
 <way id="1395336473" visible="true" version="1" changeset="167629724" timestamp="2025-06-14T21:21:10Z" user="BlakeyD" uid="22682848">
  <nd ref="12915551378"/>
  <nd ref="12915551379"/>
  <tag k="highway" v="residential"/>
  <tag k="name" v="Kamali'i St"/>
 </way>
 <way id="1395336961" visible="true" version="2" changeset="167633347" timestamp="2025-06-15T01:06:38Z" user="BlakeyD" uid="22682848">
  <nd ref="12915595221"/>
  <nd ref="12915595222"/>
  <nd ref="12915595223"/>
  <nd ref="12915595224"/>
  <nd ref="12915595221"/>
  <tag k="addr:city" v="Kailua-Kona"/>
  <tag k="addr:housenumber" v="75-3550"/>
  <tag k="addr:postcode" v="96740"/>
  <tag k="addr:state" v="HI"/>
  <tag k="addr:street" v="Leiali'i Loop"/>
  <tag k="building" v="house"/>
 </way>
 <way id="1395336962" visible="true" version="2" changeset="167633347" timestamp="2025-06-15T01:06:38Z" user="BlakeyD" uid="22682848">
  <nd ref="12915595225"/>
  <nd ref="12915595226"/>
  <nd ref="12915595227"/>
  <nd ref="12915595228"/>
  <nd ref="12915595225"/>
  <tag k="addr:city" v="Kailua-Kona"/>
  <tag k="addr:housenumber" v="75-3566"/>
  <tag k="addr:postcode" v="96740"/>
  <tag k="addr:state" v="HI"/>
  <tag k="addr:street" v="Leiali'i Loop"/>
  <tag k="building" v="house"/>
 </way>
 <way id="1414227557" visible="true" version="1" changeset="168827771" timestamp="2025-07-12T09:05:31Z" user="Gleb_Artyomenko" uid="22194971">
  <nd ref="12706100782"/>
  <nd ref="12706100786"/>
  <tag k="highway" v="residential"/>
  <tag k="name" v="Leiali'i Loop"/>
  <tag k="oneway" v="no"/>
 </way>
 <way id="1446202338" visible="true" version="1" changeset="173958531" timestamp="2025-10-30T06:05:13Z" user="grawat_Lyft" uid="18783549">
  <nd ref="13269584628"/>
  <nd ref="13269584629"/>
  <nd ref="13269584630"/>
  <nd ref="13269584631"/>
  <nd ref="13269584632"/>
  <nd ref="13269584628"/>
  <tag k="highway" v="service"/>
  <tag k="oneway" v="yes"/>
 </way>
 <way id="1446202339" visible="true" version="1" changeset="173958531" timestamp="2025-10-30T06:05:13Z" user="grawat_Lyft" uid="18783549">
  <nd ref="13269584627"/>
  <nd ref="13269584633"/>
  <nd ref="13269584628"/>
  <tag k="highway" v="service"/>
 </way>
 <way id="1452984037" visible="true" version="1" changeset="175007801" timestamp="2025-11-22T22:56:24Z" user="Joshua Garner" uid="2135234">
  <nd ref="13325097962"/>
  <nd ref="13325097963"/>
  <nd ref="13325097964"/>
  <nd ref="13325097965"/>
  <nd ref="13325097966"/>
  <nd ref="13325097967"/>
  <nd ref="13325097968"/>
  <nd ref="13325097969"/>
  <nd ref="13325097962"/>
  <tag k="addr:city" v="Kailua Kona"/>
  <tag k="addr:housenumber" v="77-165"/>
  <tag k="addr:postcode" v="96740"/>
  <tag k="addr:state" v="HI"/>
  <tag k="addr:street" v="Lako Street"/>
  <tag k="amenity" v="place_of_worship"/>
  <tag k="building" v="yes"/>
  <tag k="denomination" v="lutheran"/>
  <tag k="name" v="Lutheran Church of the Holy Trinity"/>
  <tag k="religion" v="christian"/>
 </way>
 <way id="1452984039" visible="true" version="1" changeset="175007801" timestamp="2025-11-22T22:56:24Z" user="Joshua Garner" uid="2135234">
  <nd ref="13325097984"/>
  <nd ref="13325097985"/>
  <nd ref="13325097986"/>
  <nd ref="13325097987"/>
  <nd ref="13325097988"/>
  <nd ref="13325097970"/>
  <nd ref="13325097971"/>
  <nd ref="13325097972"/>
  <nd ref="13325097991"/>
  <nd ref="13325097973"/>
  <nd ref="13325097979"/>
  <nd ref="13325097980"/>
  <nd ref="13325097981"/>
  <nd ref="13325097982"/>
  <nd ref="13325097983"/>
  <nd ref="13325097974"/>
  <nd ref="13325097975"/>
  <nd ref="13325097976"/>
  <nd ref="13325097989"/>
  <nd ref="13325097977"/>
  <nd ref="13325097978"/>
  <nd ref="13325097984"/>
  <tag k="highway" v="service"/>
  <tag k="service" v="driveway"/>
 </way>
 <way id="1452984040" visible="true" version="1" changeset="175007801" timestamp="2025-11-22T22:56:24Z" user="Joshua Garner" uid="2135234">
  <nd ref="13325097989"/>
  <nd ref="13325097990"/>
  <tag k="highway" v="service"/>
  <tag k="service" v="parking_aisle"/>
 </way>
 <way id="1452984041" visible="true" version="1" changeset="175007801" timestamp="2025-11-22T22:56:24Z" user="Joshua Garner" uid="2135234">
  <nd ref="13325097991"/>
  <nd ref="13325097992"/>
  <nd ref="13325097993"/>
  <nd ref="13325097994"/>
  <tag k="highway" v="service"/>
  <tag k="service" v="parking_aisle"/>
 </way>
 <way id="1452984137" visible="true" version="1" changeset="175007819" timestamp="2025-11-22T22:57:05Z" user="Joshua Garner" uid="2135234">
  <nd ref="2206036458"/>
  <nd ref="13325093209"/>
  <nd ref="13325093210"/>
  <nd ref="13325097957"/>
  <nd ref="13325097960"/>
  <nd ref="13325097959"/>
  <nd ref="13325097958"/>
  <nd ref="13325097956"/>
  <nd ref="13325097953"/>
  <nd ref="13325097961"/>
  <nd ref="13325097955"/>
  <nd ref="13325097954"/>
  <nd ref="2206036458"/>
  <tag k="denomination" v="lutheran"/>
  <tag k="landuse" v="religious"/>
  <tag k="religion" v="christian"/>
 </way>
 <way id="1462580065" visible="true" version="2" changeset="182465236" timestamp="2026-05-10T12:49:08Z" user="Hypsometric" uid="3307068">
  <nd ref="13415801566"/>
  <nd ref="13415801570"/>
  <tag k="highway" v="service"/>
  <tag k="service" v="parking_aisle"/>
 </way>
 <way id="1467236984" visible="true" version="1" changeset="177251548" timestamp="2026-01-15T09:52:29Z" user="achauhan_Lyft" uid="21943119">
  <nd ref="13457610771"/>
  <nd ref="13457610772"/>
  <nd ref="13457610775"/>
  <nd ref="13457610773"/>
  <nd ref="13457610776"/>
  <nd ref="13457610778"/>
  <nd ref="13457610774"/>
  <tag k="highway" v="service"/>
 </way>
 <way id="1467236985" visible="true" version="1" changeset="177251548" timestamp="2026-01-15T09:52:29Z" user="achauhan_Lyft" uid="21943119">
  <nd ref="13457610776"/>
  <nd ref="13457610777"/>
  <tag k="highway" v="service"/>
  <tag k="service" v="parking_aisle"/>
 </way>
 <way id="1467236986" visible="true" version="1" changeset="177251548" timestamp="2026-01-15T09:52:29Z" user="achauhan_Lyft" uid="21943119">
  <nd ref="13457610778"/>
  <nd ref="13457610779"/>
  <nd ref="13457610780"/>
  <tag k="highway" v="service"/>
  <tag k="service" v="parking_aisle"/>
 </way>
 <way id="1467236987" visible="true" version="1" changeset="177251548" timestamp="2026-01-15T09:52:29Z" user="achauhan_Lyft" uid="21943119">
  <nd ref="13457610782"/>
  <nd ref="13457610785"/>
  <tag k="highway" v="service"/>
  <tag k="service" v="parking_aisle"/>
 </way>
 <way id="1467236988" visible="true" version="1" changeset="177251548" timestamp="2026-01-15T09:52:29Z" user="achauhan_Lyft" uid="21943119">
  <nd ref="13457610786"/>
  <nd ref="13457610787"/>
  <nd ref="13457610788"/>
  <tag k="highway" v="service"/>
 </way>
 <way id="1467236989" visible="true" version="1" changeset="177251548" timestamp="2026-01-15T09:52:29Z" user="achauhan_Lyft" uid="21943119">
  <nd ref="13457610783"/>
  <nd ref="13457610784"/>
  <tag k="highway" v="service"/>
  <tag k="service" v="parking_aisle"/>
 </way>
 <way id="1467486049" visible="true" version="1" changeset="177281143" timestamp="2026-01-16T02:51:30Z" user="sarya_Lyft" uid="18784339">
  <nd ref="13459449025"/>
  <nd ref="13459449026"/>
  <nd ref="13459449027"/>
  <nd ref="13459449028"/>
  <nd ref="13459449029"/>
  <nd ref="13459449030"/>
  <nd ref="13459449031"/>
  <nd ref="13459449033"/>
  <nd ref="13459449032"/>
  <tag k="highway" v="service"/>
 </way>
 <way id="1467486050" visible="true" version="2" changeset="189540165" timestamp="2026-09-25T11:39:20Z" user="Abaluni_Lyft" uid="23086916">
  <nd ref="13459449034"/>
  <nd ref="13459449035"/>
  <nd ref="13459449036"/>
  <nd ref="13459449037"/>
  <nd ref="13459449038"/>
  <nd ref="13459449052"/>
  <nd ref="13459449039"/>
  <nd ref="14214146551"/>
  <nd ref="13459449040"/>
  <nd ref="13459449051"/>
  <nd ref="13459449041"/>
  <nd ref="13459449042"/>
  <nd ref="13459449043"/>
  <nd ref="13459449044"/>
  <nd ref="13459449045"/>
  <nd ref="13459449046"/>
  <nd ref="13459449047"/>
  <nd ref="13459449048"/>
  <nd ref="13459449049"/>
  <nd ref="13459449050"/>
  <nd ref="13459449051"/>
  <tag k="highway" v="service"/>
 </way>
 <way id="1467486051" visible="true" version="1" changeset="177281143" timestamp="2026-01-16T02:51:30Z" user="sarya_Lyft" uid="18784339">
  <nd ref="13459449052"/>
  <nd ref="13459449053"/>
  <nd ref="13459449054"/>
  <nd ref="13459449055"/>
  <nd ref="13459449056"/>
  <nd ref="13459449057"/>
  <tag k="highway" v="service"/>
 </way>
 <way id="1467486052" visible="true" version="1" changeset="177281143" timestamp="2026-01-16T02:51:30Z" user="sarya_Lyft" uid="18784339">
  <nd ref="13459449058"/>
  <nd ref="13459449059"/>
  <nd ref="13459449065"/>
  <nd ref="13459449060"/>
  <nd ref="13459449061"/>
  <nd ref="13459449062"/>
  <nd ref="13459449063"/>
  <nd ref="13459449064"/>
  <tag k="highway" v="service"/>
 </way>
 <way id="1467486053" visible="true" version="1" changeset="177281143" timestamp="2026-01-16T02:51:30Z" user="sarya_Lyft" uid="18784339">
  <nd ref="13459449065"/>
  <nd ref="13459449066"/>
  <tag k="highway" v="service"/>
 </way>
 <way id="1467486054" visible="true" version="1" changeset="177281143" timestamp="2026-01-16T02:51:30Z" user="sarya_Lyft" uid="18784339">
  <nd ref="13459449043"/>
  <nd ref="13459449067"/>
  <tag k="highway" v="service"/>
 </way>
 <way id="1482432097" visible="true" version="1" changeset="178972929" timestamp="2026-02-24T06:49:55Z" user="sarya_Lyft" uid="18784339">
  <nd ref="582407031"/>
  <nd ref="13594627514"/>
  <tag k="access" v="private"/>
  <tag k="highway" v="service"/>
 </way>
 <way id="1482432098" visible="true" version="1" changeset="178972929" timestamp="2026-02-24T06:49:55Z" user="sarya_Lyft" uid="18784339">
  <nd ref="582407031"/>
  <nd ref="13594627515"/>
  <nd ref="13594627516"/>
  <nd ref="13594627517"/>
  <nd ref="13594627519"/>
  <nd ref="13594627518"/>
  <nd ref="7283787549"/>
  <tag k="access" v="private"/>
  <tag k="highway" v="service"/>
 </way>
 <way id="1491830475" visible="true" version="2" changeset="182465236" timestamp="2026-05-10T12:49:08Z" user="Hypsometric" uid="3307068">
  <nd ref="13671642557"/>
  <nd ref="13671642558"/>
  <nd ref="13671642559"/>
  <tag k="access" v="yes"/>
  <tag k="highway" v="service"/>
 </way>
 <way id="1500205910" visible="true" version="1" changeset="181450747" timestamp="2026-04-17T10:24:27Z" user="tkotnala_lyft" uid="21672285">
  <nd ref="582383760"/>
  <nd ref="13737190410"/>
  <nd ref="13737190407"/>
  <nd ref="13737190411"/>
  <nd ref="13737120993"/>
  <nd ref="13737190406"/>
  <nd ref="13737120994"/>
  <nd ref="13737190405"/>
  <nd ref="13737120995"/>
  <nd ref="13737190402"/>
  <nd ref="13737190401"/>
  <nd ref="13737190413"/>
  <nd ref="13737120996"/>
  <nd ref="13737120997"/>
  <nd ref="13737120998"/>
  <nd ref="13737120999"/>
  <nd ref="13737121000"/>
  <nd ref="13737190401"/>
  <tag k="highway" v="service"/>
 </way>
 <way id="1500205913" visible="true" version="1" changeset="181450747" timestamp="2026-04-17T10:24:27Z" user="tkotnala_lyft" uid="21672285">
  <nd ref="13737190413"/>
  <nd ref="13737190414"/>
  <nd ref="13737190415"/>
  <nd ref="13737190423"/>
  <nd ref="13737190416"/>
  <nd ref="13737190417"/>
  <nd ref="13737190418"/>
  <nd ref="13737190419"/>
  <nd ref="13737190425"/>
  <nd ref="13737190420"/>
  <nd ref="13737190421"/>
  <nd ref="13737190422"/>
  <tag k="highway" v="service"/>
 </way>
 <way id="1500205914" visible="true" version="1" changeset="181450747" timestamp="2026-04-17T10:24:27Z" user="tkotnala_lyft" uid="21672285">
  <nd ref="13737190423"/>
  <nd ref="13737190424"/>
  <nd ref="13737190425"/>
  <tag k="highway" v="service"/>
 </way>
 <way id="1510757623" visible="true" version="1" changeset="182405024" timestamp="2026-05-09T00:23:33Z" user="Abaluni_Lyft" uid="23086916">
  <nd ref="13809814268"/>
  <nd ref="13809814269"/>
  <nd ref="13809814270"/>
  <nd ref="13809814271"/>
  <nd ref="13809814272"/>
  <nd ref="13809814273"/>
  <nd ref="13809814274"/>
  <nd ref="13809814275"/>
  <tag k="highway" v="residential"/>
 </way>
 <way id="1510757624" visible="true" version="1" changeset="182405024" timestamp="2026-05-09T00:23:33Z" user="Abaluni_Lyft" uid="23086916">
  <nd ref="13809814271"/>
  <nd ref="13809814276"/>
  <nd ref="13809814277"/>
  <nd ref="13809814278"/>
  <nd ref="13809814279"/>
  <nd ref="13809814280"/>
  <nd ref="13809814281"/>
  <nd ref="13809814282"/>
  <nd ref="13809814283"/>
  <nd ref="13809814284"/>
  <tag k="highway" v="residential"/>
 </way>
 <way id="1510995149" visible="true" version="1" changeset="182428428" timestamp="2026-05-09T14:46:11Z" user="Lkumar_lyft" uid="18800729">
  <nd ref="13811347000"/>
  <nd ref="13811361301"/>
  <nd ref="13811361302"/>
  <tag k="highway" v="service"/>
 </way>
 <way id="1511457573" visible="true" version="1" changeset="182465236" timestamp="2026-05-10T12:49:08Z" user="Hypsometric" uid="3307068">
  <nd ref="13814221855"/>
  <nd ref="13814221856"/>
  <nd ref="13814221857"/>
  <nd ref="13814221858"/>
  <nd ref="13814221859"/>
  <nd ref="13814221860"/>
  <nd ref="13814221861"/>
  <nd ref="13814221862"/>
  <nd ref="13814221863"/>
  <nd ref="13814221864"/>
  <nd ref="13814221865"/>
  <nd ref="13814221866"/>
  <nd ref="13814221867"/>
  <nd ref="13814221868"/>
  <nd ref="13814221869"/>
  <nd ref="13814221855"/>
  <tag k="addr:city" v="Kailua-Kona"/>
  <tag k="addr:housenumber" v="75-6106"/>
  <tag k="addr:postcode" v="96740"/>
  <tag k="addr:state" v="HI"/>
  <tag k="addr:street" v="Aliʻi Drive"/>
  <tag k="leisure" v="resort"/>
  <tag k="name" v="Kona By The Sea"/>
  <tag k="resort" v="resort"/>
  <tag k="website" v="https://aquaaston.com/hotels/aston-kona-by-the-sea"/>
 </way>
 <way id="1515820934" visible="true" version="1" changeset="182810718" timestamp="2026-05-18T04:17:47Z" user="sarya_Lyft" uid="18784339">
  <nd ref="13842301443"/>
  <nd ref="13842301442"/>
  <tag k="highway" v="service"/>
  <tag k="oneway" v="yes"/>
 </way>
 <way id="1515820935" visible="true" version="1" changeset="182810718" timestamp="2026-05-18T04:17:47Z" user="sarya_Lyft" uid="18784339">
  <nd ref="582389270"/>
  <nd ref="13842301441"/>
  <nd ref="13842301442"/>
  <tag k="highway" v="service"/>
 </way>
 <way id="1515820936" visible="true" version="1" changeset="182810718" timestamp="2026-05-18T04:17:47Z" user="sarya_Lyft" uid="18784339">
  <nd ref="13842301442"/>
  <nd ref="13842301444"/>
  <nd ref="13842301445"/>
  <nd ref="13842301443"/>
  <nd ref="13842301446"/>
  <nd ref="13842301447"/>
  <nd ref="13842301442"/>
  <tag k="highway" v="service"/>
  <tag k="oneway" v="yes"/>
 </way>
 <way id="1515820937" visible="true" version="1" changeset="182810718" timestamp="2026-05-18T04:17:47Z" user="sarya_Lyft" uid="18784339">
  <nd ref="13842301446"/>
  <nd ref="13842301449"/>
  <nd ref="13842301448"/>
  <tag k="highway" v="service"/>
 </way>
 <way id="1530191984" visible="true" version="1" changeset="184199083" timestamp="2026-06-16T20:22:11Z" user="sanjanasharma_lyft" uid="21668461">
  <nd ref="13946223796"/>
  <nd ref="13946223797"/>
  <nd ref="13946223798"/>
  <nd ref="13946223799"/>
  <tag k="access" v="private"/>
  <tag k="highway" v="service"/>
 </way>
 <way id="1562176972" visible="true" version="1" changeset="189540165" timestamp="2026-09-25T11:39:20Z" user="Abaluni_Lyft" uid="23086916">
  <nd ref="13459449052"/>
  <nd ref="14214146546"/>
  <nd ref="14214146547"/>
  <nd ref="14214146548"/>
  <tag k="highway" v="service"/>
 </way>
 <way id="1562176973" visible="true" version="1" changeset="189540165" timestamp="2026-09-25T11:39:20Z" user="Abaluni_Lyft" uid="23086916">
  <nd ref="14214146548"/>
  <nd ref="14214146549"/>
  <nd ref="14214146550"/>
  <nd ref="14214146551"/>
  <tag k="highway" v="service"/>
 </way>
 <way id="1562176974" visible="true" version="1" changeset="189540165" timestamp="2026-09-25T11:39:20Z" user="Abaluni_Lyft" uid="23086916">
  <nd ref="14214146548"/>
  <nd ref="14214146552"/>
  <nd ref="14214146553"/>
  <tag k="highway" v="service"/>
 </way>
 <way id="1562176975" visible="true" version="1" changeset="189540165" timestamp="2026-09-25T11:39:20Z" user="Abaluni_Lyft" uid="23086916">
  <nd ref="581745515"/>
  <nd ref="14214146554"/>
  <nd ref="14214146555"/>
  <nd ref="14214146556"/>
  <tag k="highway" v="service"/>
 </way>
 <relation id="119193" visible="true" version="15" changeset="188023246" timestamp="2026-08-26T05:39:37Z" user="lunar_jaws812" uid="22573733">
  <member type="way" ref="1552452312" role="outer"/>
  <member type="way" ref="198470574" role="outer"/>
  <member type="way" ref="438347591" role="outer"/>
  <member type="way" ref="687188247" role="outer"/>
  <member type="way" ref="198470578" role="outer"/>
  <member type="way" ref="687252041" role="outer"/>
  <member type="way" ref="45719429" role="outer"/>
  <member type="way" ref="45640870" role="outer"/>
  <member type="way" ref="438347578" role="outer"/>
  <member type="way" ref="439431769" role="outer"/>
  <member type="way" ref="438925591" role="outer"/>
  <member type="way" ref="438347601" role="outer"/>
  <member type="way" ref="438925592" role="outer"/>
  <member type="way" ref="438925590" role="outer"/>
  <member type="way" ref="438347585" role="outer"/>
  <member type="way" ref="210833348" role="outer"/>
  <member type="way" ref="210833349" role="outer"/>
  <member type="way" ref="438347567" role="outer"/>
  <member type="way" ref="45685692" role="outer"/>
  <member type="way" ref="33616141" role="outer"/>
  <member type="way" ref="439431770" role="outer"/>
  <member type="way" ref="45641627" role="outer"/>
  <member type="way" ref="439431767" role="outer"/>
  <member type="way" ref="439431768" role="outer"/>
  <tag k="boundary" v="census"/>
  <tag k="name" v="Holualoa"/>
  <tag k="place" v="town"/>
  <tag k="source" v="TIGER/Line® 2008 Place Shapefiles (http://www.census.gov/geo/www/tiger/)"/>
  <tag k="type" v="boundary"/>
  <tag k="wikidata" v="Q2101741"/>
  <tag k="wikipedia" v="en:Holualoa, Hawaii"/>
 </relation>
 <relation id="119199" visible="true" version="9" changeset="145858889" timestamp="2024-01-03T23:50:11Z" user="ZeLonewolf" uid="219297">
  <member type="way" ref="45655929" role="outer"/>
  <member type="way" ref="45640769" role="outer"/>
  <member type="way" ref="45724720" role="outer"/>
  <member type="way" ref="439432609" role="outer"/>
  <member type="way" ref="438705883" role="outer"/>
  <member type="way" ref="439431768" role="outer"/>
  <tag k="boundary" v="census"/>
  <tag k="name" v="Kahaluu-Keauhou"/>
  <tag k="place" v="town"/>
  <tag k="source" v="TIGER/Line® 2008 Place Shapefiles (http://www.census.gov/geo/www/tiger/)"/>
  <tag k="type" v="boundary"/>
  <tag k="wikidata" v="Q924610"/>
  <tag k="wikipedia" v="en:Kahaluʻu-Keauhou, Hawaii"/>
 </relation>
 <relation id="166562" visible="true" version="19" changeset="176506160" timestamp="2025-12-27T22:06:58Z" user="Dren ar Frankig" uid="11707888">
  <member type="way" ref="992021865" role="outer"/>
  <member type="relation" ref="6526888" role="subarea"/>
  <member type="relation" ref="6520862" role="subarea"/>
  <member type="relation" ref="6526514" role="subarea"/>
  <member type="relation" ref="6526870" role="subarea"/>
  <member type="relation" ref="6526871" role="subarea"/>
  <member type="relation" ref="6527543" role="subarea"/>
  <member type="relation" ref="6520255" role="subarea"/>
  <member type="relation" ref="6526819" role="subarea"/>
  <member type="relation" ref="6520435" role="subarea"/>
  <member type="node" ref="21445111" role="admin_centre"/>
  <member type="node" ref="316949917" role="label"/>
  <member type="node" ref="2189450439" role="highest_point"/>
  <tag k="admin_level" v="6"/>
  <tag k="border_type" v="county"/>
  <tag k="boundary" v="administrative"/>
  <tag k="name" v="Hawaiʻi County"/>
  <tag k="name:ar" v="مقاطعة هاواي"/>
  <tag k="name:az-Arab" v="هاوایی بؤلگه‌سی"/>
  <tag k="name:azb" v="هاوایی بؤلگه‌سی"/>
  <tag k="name:br" v="Kontelezh Hawaii"/>
  <tag k="name:en" v="Hawaiʻi County"/>
  <tag k="name:es" v="Condado de Hawái"/>
  <tag k="name:fa" v="شهرستان هاوایی"/>
  <tag k="name:haw" v="kalana Hawaiʻi"/>
  <tag k="name:ja" v="ハワイ郡"/>
  <tag k="name:ko" v="하와이군"/>
  <tag k="name:ks" v="ہوائی کاؤنٹی"/>
  <tag k="name:pnb" v="ہوائی کاؤنٹی"/>
  <tag k="name:ru" v="округ Гавайи"/>
  <tag k="name:ur" v="ہوائی کاؤنٹی"/>
  <tag k="nist:fips_code" v="15001"/>
  <tag k="nist:state_fips" v="15"/>
  <tag k="place" v="county"/>
  <tag k="population" v="196428"/>
  <tag k="source:population" v="https://www.census.gov/programs-surveys/popest.html"/>
  <tag k="type" v="boundary"/>
  <tag k="wikidata" v="Q487334"/>
  <tag k="wikipedia" v="en:Hawaii County, Hawaii"/>
 </relation>
 <relation id="364983" visible="true" version="2" changeset="115687652" timestamp="2022-01-02T22:23:55Z" user="ParagonPrime" uid="1378289">
  <member type="way" ref="46502884" role="outer"/>
  <tag k="HIGAP:desc" v="State Parks &amp; Recreation Areas"/>
  <tag k="HIGAP:GAPSTATUS" v="3"/>
  <tag k="HIGAP:manager" v="State of Hawaii, Division of State Parks"/>
  <tag k="HIGAP:manager_desc" v="State Parks and Recreation Areas"/>
  <tag k="HIGAP:owner" v="State of Hawaii"/>
  <tag k="leisure" v="park"/>
  <tag k="name" v="Keolonāhihi State Historical Park"/>
  <tag k="source" v="Hawaii GAP Analysis Project"/>
  <tag k="type" v="multipolygon"/>
  <tag k="wikidata" v="Q49510297"/>
 </relation>
 <relation id="3403603" visible="true" version="127" changeset="188790327" timestamp="2026-09-09T19:31:17Z" user="Peha6768" uid="79964">
  <member type="way" ref="828321300" role="outer"/>
  <member type="way" ref="289666665" role="outer"/>
  <member type="way" ref="254010054" role="outer"/>
  <member type="way" ref="254010056" role="outer"/>
  <member type="way" ref="254010055" role="outer"/>
  <member type="way" ref="711071952" role="outer"/>
  <member type="way" ref="210108415" role="outer"/>
  <member type="way" ref="711076931" role="outer"/>
  <member type="way" ref="1330720496" role="outer"/>
  <member type="way" ref="588014985" role="outer"/>
  <member type="way" ref="588014984" role="outer"/>
  <member type="way" ref="253929229" role="outer"/>
  <member type="way" ref="588015045" role="outer"/>
  <member type="way" ref="438866804" role="outer"/>
  <member type="way" ref="588015044" role="outer"/>
  <member type="way" ref="711073926" role="outer"/>
  <member type="way" ref="84844536" role="outer"/>
  <member type="way" ref="438866805" role="outer"/>
  <member type="way" ref="289622370" role="outer"/>
  <member type="way" ref="589677036" role="outer"/>
  <member type="way" ref="591064673" role="outer"/>
  <member type="way" ref="589711649" role="outer"/>
  <member type="way" ref="591064546" role="outer"/>
  <member type="way" ref="590707034" role="outer"/>
  <member type="way" ref="589711648" role="outer"/>
  <member type="way" ref="289622330" role="outer"/>
  <member type="way" ref="587050554" role="outer"/>
  <member type="way" ref="608499810" role="outer"/>
  <member type="way" ref="586488266" role="outer"/>
  <member type="way" ref="438868271" role="outer"/>
  <member type="way" ref="1186351579" role="outer"/>
  <member type="way" ref="10418971" role="outer"/>
  <member type="way" ref="866748175" role="outer"/>
  <member type="way" ref="866748180" role="outer"/>
  <member type="way" ref="866748177" role="outer"/>
  <member type="way" ref="866748176" role="outer"/>
  <member type="way" ref="254007119" role="outer"/>
  <member type="way" ref="438861626" role="outer"/>
  <member type="way" ref="438286228" role="outer"/>
  <member type="way" ref="438313843" role="outer"/>
  <member type="way" ref="438286227" role="outer"/>
  <member type="way" ref="259158272" role="outer"/>
  <member type="way" ref="10419016" role="outer"/>
  <member type="way" ref="10418949" role="outer"/>
  <member type="way" ref="10419006" role="outer"/>
  <member type="way" ref="289834587" role="outer"/>
  <member type="way" ref="289834586" role="outer"/>
  <member type="way" ref="10419004" role="outer"/>
  <member type="way" ref="281912490" role="outer"/>
  <member type="way" ref="281912485" role="outer"/>
  <member type="way" ref="281964679" role="outer"/>
  <member type="way" ref="281964678" role="outer"/>
  <member type="way" ref="282097875" role="outer"/>
  <member type="way" ref="282097876" role="outer"/>
  <member type="way" ref="282097871" role="outer"/>
  <member type="way" ref="282097872" role="outer"/>
  <member type="way" ref="282095923" role="outer"/>
  <member type="way" ref="282095927" role="outer"/>
  <member type="way" ref="1521077454" role="outer"/>
  <member type="way" ref="1521077457" role="outer"/>
  <member type="way" ref="1521077456" role="outer"/>
  <member type="way" ref="1521077459" role="outer"/>
  <member type="way" ref="1521077458" role="outer"/>
  <member type="way" ref="10418959" role="outer"/>
  <member type="way" ref="992037875" role="outer"/>
  <member type="way" ref="289833581" role="outer"/>
  <member type="way" ref="289801489" role="outer"/>
  <member type="way" ref="289801491" role="outer"/>
  <member type="way" ref="289801500" role="outer"/>
  <member type="way" ref="10418977" role="outer"/>
  <member type="way" ref="289698060" role="outer"/>
  <member type="way" ref="239812776" role="outer"/>
  <member type="way" ref="438300649" role="outer"/>
  <member type="way" ref="254007121" role="outer"/>
  <member type="way" ref="10418979" role="outer"/>
  <member type="way" ref="1347527884" role="outer"/>
  <member type="way" ref="289698061" role="outer"/>
  <member type="way" ref="1347527883" role="outer"/>
  <member type="way" ref="1347695558" role="outer"/>
  <member type="way" ref="1347695559" role="outer"/>
  <member type="way" ref="1347695965" role="outer"/>
  <member type="way" ref="289692270" role="outer"/>
  <member type="way" ref="289691192" role="outer"/>
  <member type="way" ref="364793530" role="outer"/>
  <member type="way" ref="289688681" role="outer"/>
  <member type="way" ref="289688728" role="outer"/>
  <member type="way" ref="289688688" role="outer"/>
  <member type="way" ref="992037873" role="outer"/>
  <member type="way" ref="438347573" role="outer"/>
  <member type="way" ref="438347577" role="outer"/>
  <member type="way" ref="289688701" role="outer"/>
  <member type="way" ref="198504098" role="outer"/>
  <member type="way" ref="140270998" role="outer"/>
  <member type="way" ref="254007118" role="outer"/>
  <member type="way" ref="438839377" role="outer"/>
  <member type="way" ref="438839376" role="outer"/>
  <member type="way" ref="289676123" role="outer"/>
  <member type="way" ref="260395179" role="outer"/>
  <member type="way" ref="260395171" role="outer"/>
  <member type="way" ref="260395167" role="outer"/>
  <member type="way" ref="289673418" role="outer"/>
  <member type="way" ref="46502877" role="outer"/>
  <member type="way" ref="289673413" role="outer"/>
  <member type="way" ref="289669941" role="outer"/>
  <member type="way" ref="289669945" role="outer"/>
  <member type="way" ref="289668647" role="outer"/>
  <member type="way" ref="289668184" role="outer"/>
  <member type="way" ref="289668185" role="outer"/>
  <member type="way" ref="254010052" role="outer"/>
  <member type="way" ref="442096761" role="outer"/>
  <member type="way" ref="289667016" role="outer"/>
  <member type="way" ref="254010045" role="outer"/>
  <member type="way" ref="1245114037" role="outer"/>
  <member type="way" ref="289666900" role="outer"/>
  <member type="way" ref="1245114038" role="outer"/>
  <member type="way" ref="289666666" role="outer"/>
  <member type="way" ref="828321133" role="outer"/>
  <member type="way" ref="828321134" role="outer"/>
  <member type="node" ref="2189450439" role="highest_point"/>
  <tag k="alt_name:vi" v="Hạ Uy Di"/>
  <tag k="name" v="Hawaiʻi"/>
  <tag k="name:br" v="Hawaii"/>
  <tag k="name:de" v="Hawaii"/>
  <tag k="name:en" v="Hawaii"/>
  <tag k="name:fr" v="Hawaï"/>
  <tag k="name:gsw" v="Hawai-Ìnsel"/>
  <tag k="name:haw" v="moku Hawaiʻi"/>
  <tag k="name:ja" v="ハワイ島"/>
  <tag k="name:ru" v="остров Гавайи"/>
  <tag k="name:uk" v="острів Гаваї"/>
  <tag k="place" v="island"/>
  <tag k="reg_name" v="Big Island"/>
  <tag k="type" v="multipolygon"/>
  <tag k="wikidata" v="Q68740"/>
  <tag k="wikipedia" v="en:Hawaii (island)"/>
 </relation>
 <relation id="3421132" visible="true" version="6" changeset="132240028" timestamp="2023-02-08T07:33:24Z" user="wislander" uid="384146">
  <member type="way" ref="255480952" role="outer"/>
  <member type="way" ref="255481196" role="inner"/>
  <tag k="addr:housenumber" v="76-6246"/>
  <tag k="addr:postcode" v="96740"/>
  <tag k="addr:street" v="Alii Drive"/>
  <tag k="building" v="apartments"/>
  <tag k="building:levels" v="5"/>
  <tag k="name" v="Kona Bali Kai"/>
  <tag k="type" v="multipolygon"/>
 </relation>
 <relation id="6526514" visible="true" version="30" changeset="183081393" timestamp="2026-05-23T19:13:33Z" user="dia-jules" uid="10209572">
  <member type="way" ref="45719340" role="outer"/>
  <member type="way" ref="45698598" role="outer"/>
  <member type="way" ref="45723911" role="outer"/>
  <member type="way" ref="45685572" role="outer"/>
  <member type="way" ref="438347576" role="outer"/>
  <member type="way" ref="438861627" role="outer"/>
  <member type="way" ref="438839379" role="outer"/>
  <member type="way" ref="438839387" role="outer"/>
  <member type="way" ref="1519951168" role="outer"/>
  <member type="way" ref="499421030" role="outer"/>
  <member type="way" ref="438839386" role="outer"/>
  <member type="way" ref="441240737" role="outer"/>
  <member type="way" ref="438839381" role="outer"/>
  <member type="way" ref="438839389" role="outer"/>
  <member type="way" ref="210469375" role="outer"/>
  <member type="way" ref="271004731" role="outer"/>
  <member type="way" ref="1200087950" role="outer"/>
  <member type="way" ref="440386994" role="outer"/>
  <member type="way" ref="1200087951" role="outer"/>
  <member type="way" ref="1200087953" role="outer"/>
  <member type="way" ref="1200087952" role="outer"/>
  <member type="way" ref="193238695" role="outer"/>
  <member type="way" ref="45719663" role="outer"/>
  <member type="way" ref="438839384" role="outer"/>
  <member type="way" ref="45699553" role="outer"/>
  <member type="way" ref="438839385" role="outer"/>
  <member type="way" ref="438839380" role="outer"/>
  <member type="way" ref="438839377" role="outer"/>
  <member type="way" ref="254007118" role="outer"/>
  <member type="way" ref="140270998" role="outer"/>
  <member type="way" ref="198504098" role="outer"/>
  <member type="way" ref="289688701" role="outer"/>
  <member type="way" ref="438347577" role="outer"/>
  <member type="way" ref="438347568" role="outer"/>
  <member type="way" ref="694006996" role="outer"/>
  <member type="way" ref="45685720" role="outer"/>
  <member type="way" ref="45719613" role="outer"/>
  <member type="way" ref="45640813" role="outer"/>
  <member type="way" ref="45719615" role="outer"/>
  <member type="way" ref="693993200" role="outer"/>
  <member type="way" ref="45655900" role="outer"/>
  <member type="way" ref="198359606" role="outer"/>
  <member type="way" ref="830971776" role="outer"/>
  <member type="way" ref="830971782" role="outer"/>
  <member type="way" ref="830971783" role="outer"/>
  <member type="way" ref="830971785" role="outer"/>
  <member type="way" ref="830971781" role="outer"/>
  <member type="way" ref="830985408" role="outer"/>
  <member type="way" ref="830985401" role="outer"/>
  <member type="way" ref="830985398" role="outer"/>
  <member type="way" ref="830985410" role="outer"/>
  <member type="way" ref="438938605" role="outer"/>
  <member type="way" ref="438938608" role="outer"/>
  <member type="way" ref="438942640" role="outer"/>
  <member type="way" ref="438347615" role="outer"/>
  <member type="way" ref="438942638" role="outer"/>
  <member type="way" ref="438942642" role="outer"/>
  <member type="way" ref="439080690" role="outer"/>
  <member type="way" ref="439080694" role="outer"/>
  <member type="way" ref="439080688" role="outer"/>
  <member type="way" ref="439080697" role="outer"/>
  <member type="way" ref="439080689" role="outer"/>
  <member type="way" ref="131567938" role="outer"/>
  <member type="way" ref="438839388" role="outer"/>
  <member type="way" ref="438839382" role="outer"/>
  <member type="way" ref="439100956" role="outer"/>
  <member type="way" ref="439100909" role="outer"/>
  <member type="way" ref="439102915" role="outer"/>
  <member type="way" ref="439102916" role="outer"/>
  <member type="way" ref="439261301" role="outer"/>
  <member type="way" ref="439261302" role="outer"/>
  <member type="way" ref="45685656" role="outer"/>
  <member type="way" ref="439263702" role="outer"/>
  <member type="way" ref="687252033" role="outer"/>
  <member type="way" ref="439263703" role="outer"/>
  <member type="way" ref="438347604" role="outer"/>
  <member type="way" ref="438347609" role="outer"/>
  <member type="way" ref="438347585" role="outer"/>
  <member type="way" ref="210833348" role="outer"/>
  <member type="way" ref="210833349" role="outer"/>
  <member type="way" ref="45685692" role="outer"/>
  <member type="way" ref="33616141" role="outer"/>
  <member type="way" ref="1330349169" role="outer"/>
  <member type="way" ref="268093554" role="outer"/>
  <member type="way" ref="371705892" role="outer"/>
  <member type="way" ref="371705895" role="outer"/>
  <member type="way" ref="438347619" role="outer"/>
  <member type="way" ref="438347620" role="outer"/>
  <member type="way" ref="438347575" role="outer"/>
  <member type="way" ref="438347569" role="outer"/>
  <member type="way" ref="45698596" role="outer"/>
  <member type="way" ref="45641640" role="outer"/>
  <member type="way" ref="45722380" role="outer"/>
  <tag k="boundary" v="census"/>
  <tag k="name" v="South Kona"/>
  <tag k="name:en" v="South Kona"/>
  <tag k="name:haw" v="Kona Hema"/>
  <tag k="name:ko" v="사우스코나"/>
  <tag k="name:ru" v="Южный Кона"/>
  <tag k="ref" v="District 7"/>
  <tag k="type" v="boundary"/>
 </relation>
 <relation id="7259209" visible="true" version="200" changeset="188790327" timestamp="2026-09-09T19:31:17Z" user="Peha6768" uid="79964">
  <member type="node" ref="2189450439" role="highest_point"/>
  <member type="way" ref="147243309" role="outer"/>
  <member type="way" ref="725228325" role="outer"/>
  <member type="way" ref="210525075" role="outer"/>
  <member type="way" ref="725228349" role="outer"/>
  <member type="way" ref="725228344" role="outer"/>
  <member type="way" ref="732937010" role="outer"/>
  <member type="way" ref="725228340" role="outer"/>
  <member type="way" ref="725233056" role="outer"/>
  <member type="way" ref="733445693" role="outer"/>
  <member type="way" ref="732937012" role="outer"/>
  <member type="way" ref="733445692" role="outer"/>
  <member type="way" ref="733749577" role="outer"/>
  <member type="way" ref="725233053" role="outer"/>
  <member type="way" ref="733747614" role="outer"/>
  <member type="way" ref="733758186" role="outer"/>
  <member type="way" ref="733747618" role="outer"/>
  <member type="way" ref="733747613" role="outer"/>
  <member type="way" ref="733747616" role="outer"/>
  <member type="way" ref="733747617" role="outer"/>
  <member type="way" ref="733747619" role="outer"/>
  <member type="way" ref="725233055" role="outer"/>
  <member type="way" ref="733750919" role="outer"/>
  <member type="way" ref="317140351" role="outer"/>
  <member type="way" ref="1353884414" role="outer"/>
  <member type="way" ref="1353884416" role="outer"/>
  <member type="way" ref="1353886240" role="outer"/>
  <member type="way" ref="992044784" role="outer"/>
  <member type="way" ref="402144879" role="outer"/>
  <member type="way" ref="402144896" role="outer"/>
  <member type="way" ref="402144883" role="outer"/>
  <member type="way" ref="402144868" role="outer"/>
  <member type="way" ref="456826902" role="outer"/>
  <member type="way" ref="484429438" role="outer"/>
  <member type="way" ref="222640136" role="outer"/>
  <member type="way" ref="724844753" role="outer"/>
  <member type="way" ref="1301026418" role="outer"/>
  <member type="way" ref="302976231" role="outer"/>
  <member type="way" ref="1301026419" role="outer"/>
  <member type="way" ref="724844755" role="outer"/>
  <member type="way" ref="1300396140" role="outer"/>
  <member type="way" ref="1300396139" role="outer"/>
  <member type="way" ref="1301026389" role="outer"/>
  <member type="way" ref="1300386415" role="outer"/>
  <member type="way" ref="1301026399" role="outer"/>
  <member type="way" ref="1300392499" role="outer"/>
  <member type="way" ref="1301026394" role="outer"/>
  <member type="way" ref="1301026397" role="outer"/>
  <member type="way" ref="1300392496" role="outer"/>
  <member type="way" ref="1300392500" role="outer"/>
  <member type="way" ref="1300392501" role="outer"/>
  <member type="way" ref="1300392512" role="outer"/>
  <member type="way" ref="1301026400" role="outer"/>
  <member type="way" ref="1300392514" role="outer"/>
  <member type="way" ref="1300392519" role="outer"/>
  <member type="way" ref="1300392520" role="outer"/>
  <member type="way" ref="1301026391" role="outer"/>
  <member type="way" ref="1301026388" role="outer"/>
  <member type="way" ref="1300386391" role="outer"/>
  <member type="way" ref="1335027588" role="outer"/>
  <member type="way" ref="1300960020" role="outer"/>
  <member type="way" ref="724844750" role="outer"/>
  <member type="way" ref="724844749" role="outer"/>
  <member type="way" ref="1300978923" role="outer"/>
  <member type="way" ref="1301026409" role="outer"/>
  <member type="way" ref="1300978930" role="outer"/>
  <member type="way" ref="1300978931" role="outer"/>
  <member type="way" ref="504727493" role="outer"/>
  <member type="way" ref="1300978933" role="outer"/>
  <member type="way" ref="1300978934" role="outer"/>
  <member type="way" ref="1300978935" role="outer"/>
  <member type="way" ref="1300978932" role="outer"/>
  <member type="way" ref="508954901" role="outer"/>
  <member type="way" ref="508954903" role="outer"/>
  <member type="way" ref="1335057176" role="outer"/>
  <member type="way" ref="1335057182" role="outer"/>
  <member type="way" ref="1301026405" role="outer"/>
  <member type="way" ref="1301026414" role="outer"/>
  <member type="way" ref="1335057195" role="outer"/>
  <member type="way" ref="1335057181" role="outer"/>
  <member type="way" ref="508894287" role="outer"/>
  <member type="way" ref="1335057177" role="outer"/>
  <member type="way" ref="1300978936" role="outer"/>
  <member type="way" ref="622268918" role="outer"/>
  <member type="way" ref="1301240769" role="outer"/>
  <member type="way" ref="1301026413" role="outer"/>
  <member type="way" ref="1301026417" role="outer"/>
  <member type="way" ref="508857295" role="outer"/>
  <member type="way" ref="223381867" role="outer"/>
  <member type="way" ref="508855222" role="outer"/>
  <member type="way" ref="1301026416" role="outer"/>
  <member type="way" ref="508855221" role="outer"/>
  <member type="way" ref="508855225" role="outer"/>
  <member type="way" ref="508855227" role="outer"/>
  <member type="way" ref="508852257" role="outer"/>
  <member type="way" ref="508852261" role="outer"/>
  <member type="way" ref="508852259" role="outer"/>
  <member type="way" ref="508846705" role="outer"/>
  <member type="way" ref="508846003" role="outer"/>
  <member type="way" ref="1341206060" role="outer"/>
  <member type="way" ref="508822933" role="outer"/>
  <member type="way" ref="508822931" role="outer"/>
  <member type="way" ref="191767749" role="outer"/>
  <member type="way" ref="260050706" role="outer"/>
  <member type="way" ref="992044782" role="outer"/>
  <member type="way" ref="375495415" role="outer"/>
  <member type="way" ref="375495416" role="outer"/>
  <member type="way" ref="375495414" role="outer"/>
  <member type="way" ref="992044781" role="outer"/>
  <member type="way" ref="210525022" role="outer"/>
  <member type="way" ref="210525069" role="outer"/>
  <member type="way" ref="264160349" role="outer"/>
  <member type="way" ref="264160346" role="outer"/>
  <member type="way" ref="264160348" role="outer"/>
  <member type="way" ref="264160347" role="outer"/>
  <member type="way" ref="1253938190" role="outer"/>
  <member type="way" ref="506136580" role="outer"/>
  <member type="way" ref="159433972" role="outer"/>
  <member type="way" ref="1217901251" role="outer"/>
  <member type="way" ref="992044785" role="outer"/>
  <member type="way" ref="725228350" role="outer"/>
  <member type="way" ref="725228326" role="outer"/>
  <member type="way" ref="725233781" role="outer"/>
  <member type="way" ref="828321133" role="outer"/>
  <member type="way" ref="289666666" role="outer"/>
  <member type="way" ref="1245114038" role="outer"/>
  <member type="way" ref="289666900" role="outer"/>
  <member type="way" ref="1245114037" role="outer"/>
  <member type="way" ref="254010045" role="outer"/>
  <member type="way" ref="289667016" role="outer"/>
  <member type="way" ref="442096761" role="outer"/>
  <member type="way" ref="254010052" role="outer"/>
  <member type="way" ref="289668185" role="outer"/>
  <member type="way" ref="289668184" role="outer"/>
  <member type="way" ref="289668647" role="outer"/>
  <member type="way" ref="289669945" role="outer"/>
  <member type="way" ref="289669941" role="outer"/>
  <member type="way" ref="289673413" role="outer"/>
  <member type="way" ref="46502877" role="outer"/>
  <member type="way" ref="289673418" role="outer"/>
  <member type="way" ref="260395167" role="outer"/>
  <member type="way" ref="260395171" role="outer"/>
  <member type="way" ref="260395179" role="outer"/>
  <member type="way" ref="289676123" role="outer"/>
  <member type="way" ref="438839376" role="outer"/>
  <member type="way" ref="438839377" role="outer"/>
  <member type="way" ref="254007118" role="outer"/>
  <member type="way" ref="140270998" role="outer"/>
  <member type="way" ref="198504098" role="outer"/>
  <member type="way" ref="289688701" role="outer"/>
  <member type="way" ref="438347577" role="outer"/>
  <member type="way" ref="438347573" role="outer"/>
  <member type="way" ref="992037873" role="outer"/>
  <member type="way" ref="289688688" role="outer"/>
  <member type="way" ref="289688728" role="outer"/>
  <member type="way" ref="289688681" role="outer"/>
  <member type="way" ref="364793530" role="outer"/>
  <member type="way" ref="289691192" role="outer"/>
  <member type="way" ref="289692270" role="outer"/>
  <member type="way" ref="1347695965" role="outer"/>
  <member type="way" ref="1347695559" role="outer"/>
  <member type="way" ref="1347695558" role="outer"/>
  <member type="way" ref="1347527883" role="outer"/>
  <member type="way" ref="289698061" role="outer"/>
  <member type="way" ref="1347527884" role="outer"/>
  <member type="way" ref="10418979" role="outer"/>
  <member type="way" ref="254007121" role="outer"/>
  <member type="way" ref="438300649" role="outer"/>
  <member type="way" ref="239812776" role="outer"/>
  <member type="way" ref="289698060" role="outer"/>
  <member type="way" ref="10418977" role="outer"/>
  <member type="way" ref="289801500" role="outer"/>
  <member type="way" ref="289801491" role="outer"/>
  <member type="way" ref="289801489" role="outer"/>
  <member type="way" ref="289833581" role="outer"/>
  <member type="way" ref="992037875" role="outer"/>
  <member type="way" ref="10418959" role="outer"/>
  <member type="way" ref="1521077458" role="outer"/>
  <member type="way" ref="1521077459" role="outer"/>
  <member type="way" ref="1521077456" role="outer"/>
  <member type="way" ref="1521077457" role="outer"/>
  <member type="way" ref="1521077454" role="outer"/>
  <member type="way" ref="282095927" role="outer"/>
  <member type="way" ref="282095923" role="outer"/>
  <member type="way" ref="282097872" role="outer"/>
  <member type="way" ref="282097871" role="outer"/>
  <member type="way" ref="282097876" role="outer"/>
  <member type="way" ref="282097875" role="outer"/>
  <member type="way" ref="281964678" role="outer"/>
  <member type="way" ref="281964679" role="outer"/>
  <member type="way" ref="281912485" role="outer"/>
  <member type="way" ref="281912490" role="outer"/>
  <member type="way" ref="10419004" role="outer"/>
  <member type="way" ref="289834586" role="outer"/>
  <member type="way" ref="289834587" role="outer"/>
  <member type="way" ref="10419006" role="outer"/>
  <member type="way" ref="10418949" role="outer"/>
  <member type="way" ref="10419016" role="outer"/>
  <member type="way" ref="259158272" role="outer"/>
  <member type="way" ref="438286227" role="outer"/>
  <member type="way" ref="438313843" role="outer"/>
  <member type="way" ref="438286228" role="outer"/>
  <member type="way" ref="438861626" role="outer"/>
  <member type="way" ref="254007119" role="outer"/>
  <member type="way" ref="866748176" role="outer"/>
  <member type="way" ref="866748177" role="outer"/>
  <member type="way" ref="866748180" role="outer"/>
  <member type="way" ref="866748175" role="outer"/>
  <member type="way" ref="10418971" role="outer"/>
  <member type="way" ref="1186351579" role="outer"/>
  <member type="way" ref="438868271" role="outer"/>
  <member type="way" ref="586488266" role="outer"/>
  <member type="way" ref="608499810" role="outer"/>
  <member type="way" ref="587050554" role="outer"/>
  <member type="way" ref="289622330" role="outer"/>
  <member type="way" ref="589711648" role="outer"/>
  <member type="way" ref="590707034" role="outer"/>
  <member type="way" ref="591064546" role="outer"/>
  <member type="way" ref="589711649" role="outer"/>
  <member type="way" ref="591064673" role="outer"/>
  <member type="way" ref="589677036" role="outer"/>
  <member type="way" ref="289622370" role="outer"/>
  <member type="way" ref="438866805" role="outer"/>
  <member type="way" ref="84844536" role="outer"/>
  <member type="way" ref="711073926" role="outer"/>
  <member type="way" ref="588015044" role="outer"/>
  <member type="way" ref="438866804" role="outer"/>
  <member type="way" ref="588015045" role="outer"/>
  <member type="way" ref="253929229" role="outer"/>
  <member type="way" ref="588014984" role="outer"/>
  <member type="way" ref="588014985" role="outer"/>
  <member type="way" ref="1330720496" role="outer"/>
  <member type="way" ref="711076931" role="outer"/>
  <member type="way" ref="210108415" role="outer"/>
  <member type="way" ref="711071952" role="outer"/>
  <member type="way" ref="254010055" role="outer"/>
  <member type="way" ref="254010056" role="outer"/>
  <member type="way" ref="254010054" role="outer"/>
  <member type="way" ref="289666665" role="outer"/>
  <member type="way" ref="828321300" role="outer"/>
  <member type="way" ref="828321134" role="outer"/>
  <member type="way" ref="673592968" role="outer"/>
  <member type="way" ref="42062595" role="outer"/>
  <member type="way" ref="42063619" role="outer"/>
  <member type="way" ref="355649733" role="outer"/>
  <member type="way" ref="42063286" role="outer"/>
  <member type="way" ref="42063257" role="outer"/>
  <member type="way" ref="42063327" role="outer"/>
  <member type="way" ref="42063536" role="outer"/>
  <member type="way" ref="42063335" role="outer"/>
  <member type="way" ref="42063753" role="outer"/>
  <member type="way" ref="678616565" role="outer"/>
  <member type="way" ref="1274423311" role="outer"/>
  <member type="way" ref="42063732" role="outer"/>
  <member type="way" ref="1274422470" role="outer"/>
  <member type="way" ref="1274422469" role="outer"/>
  <member type="way" ref="42063729" role="outer"/>
  <member type="way" ref="42063742" role="outer"/>
  <member type="way" ref="42063621" role="outer"/>
  <member type="way" ref="42063755" role="outer"/>
  <member type="way" ref="42062497" role="outer"/>
  <member type="way" ref="10596226" role="outer"/>
  <member type="way" ref="436604180" role="outer"/>
  <member type="way" ref="42063721" role="outer"/>
  <member type="way" ref="436455398" role="outer"/>
  <member type="way" ref="1509388251" role="outer"/>
  <member type="way" ref="1509388254" role="outer"/>
  <member type="way" ref="1509388253" role="outer"/>
  <member type="way" ref="971188871" role="outer"/>
  <member type="way" ref="42063315" role="outer"/>
  <member type="way" ref="971188869" role="outer"/>
  <member type="way" ref="436604179" role="outer"/>
  <member type="way" ref="42063620" role="outer"/>
  <member type="way" ref="42063754" role="outer"/>
  <member type="way" ref="42063263" role="outer"/>
  <member type="way" ref="42063743" role="outer"/>
  <member type="way" ref="678815562" role="outer"/>
  <member type="way" ref="678622928" role="outer"/>
  <member type="way" ref="657824409" role="outer"/>
  <member type="way" ref="10384608" role="outer"/>
  <member type="way" ref="112677396" role="outer"/>
  <member type="way" ref="112677415" role="outer"/>
  <member type="way" ref="112677375" role="outer"/>
  <member type="way" ref="112677402" role="outer"/>
  <member type="way" ref="112677373" role="outer"/>
  <member type="way" ref="112677368" role="outer"/>
  <member type="way" ref="112677371" role="outer"/>
  <member type="way" ref="112677408" role="outer"/>
  <member type="way" ref="116788679" role="outer"/>
  <member type="way" ref="112677393" role="outer"/>
  <member type="way" ref="112677404" role="outer"/>
  <member type="way" ref="1511005445" role="outer"/>
  <member type="way" ref="1511005444" role="outer"/>
  <member type="way" ref="115434061" role="outer"/>
  <member type="way" ref="115434073" role="outer"/>
  <member type="way" ref="115434100" role="outer"/>
  <member type="way" ref="115434096" role="outer"/>
  <member type="way" ref="115434072" role="outer"/>
  <member type="way" ref="115434083" role="outer"/>
  <member type="way" ref="115434067" role="outer"/>
  <member type="way" ref="10384635" role="outer"/>
  <member type="way" ref="112677411" role="outer"/>
  <member type="way" ref="112440705" role="outer"/>
  <member type="way" ref="380663832" role="outer"/>
  <member type="way" ref="657694722" role="outer"/>
  <member type="way" ref="970083760" role="outer"/>
  <member type="way" ref="992044778" role="outer"/>
  <member type="way" ref="657824517" role="outer"/>
  <member type="way" ref="970083759" role="outer"/>
  <member type="way" ref="970083757" role="outer"/>
  <member type="way" ref="657824518" role="outer"/>
  <member type="way" ref="657824519" role="outer"/>
  <member type="way" ref="970083742" role="outer"/>
  <member type="way" ref="657694694" role="outer"/>
  <member type="way" ref="970083741" role="outer"/>
  <member type="way" ref="970083756" role="outer"/>
  <member type="way" ref="657824520" role="outer"/>
  <member type="way" ref="657723694" role="outer"/>
  <member type="way" ref="112174176" role="outer"/>
  <member type="way" ref="657739501" role="outer"/>
  <member type="way" ref="657723695" role="outer"/>
  <member type="way" ref="112174174" role="outer"/>
  <member type="way" ref="112173890" role="outer"/>
  <member type="way" ref="112173889" role="outer"/>
  <member type="way" ref="112173405" role="outer"/>
  <member type="way" ref="112173407" role="outer"/>
  <member type="way" ref="10384624" role="outer"/>
  <member type="way" ref="380432649" role="outer"/>
  <member type="way" ref="386722912" role="outer"/>
  <member type="way" ref="380432650" role="outer"/>
  <member type="way" ref="112169328" role="outer"/>
  <member type="way" ref="1112593535" role="outer"/>
  <member type="way" ref="1112593534" role="outer"/>
  <member type="way" ref="1112595112" role="outer"/>
  <member type="way" ref="10384603" role="outer"/>
  <member type="way" ref="112168442" role="outer"/>
  <member type="way" ref="658354287" role="outer"/>
  <member type="way" ref="658354286" role="outer"/>
  <member type="way" ref="658354285" role="outer"/>
  <member type="way" ref="112168444" role="outer"/>
  <member type="way" ref="112168299" role="outer"/>
  <member type="way" ref="112168300" role="outer"/>
  <member type="way" ref="657769905" role="outer"/>
  <member type="way" ref="10384645" role="outer"/>
  <member type="way" ref="98699108" role="outer"/>
  <member type="way" ref="98699107" role="outer"/>
  <member type="way" ref="657974942" role="outer"/>
  <member type="way" ref="10384612" role="outer"/>
  <member type="way" ref="98695623" role="outer"/>
  <member type="way" ref="657974951" role="outer"/>
  <member type="way" ref="657974941" role="outer"/>
  <member type="way" ref="657974950" role="outer"/>
  <member type="way" ref="657974955" role="outer"/>
  <member type="way" ref="657974945" role="outer"/>
  <member type="way" ref="657974954" role="outer"/>
  <member type="way" ref="658130998" role="outer"/>
  <member type="way" ref="658130997" role="outer"/>
  <member type="way" ref="113515856" role="outer"/>
  <member type="way" ref="113515855" role="outer"/>
  <member type="way" ref="98695624" role="outer"/>
  <member type="way" ref="98695626" role="outer"/>
  <member type="way" ref="98695625" role="outer"/>
  <member type="way" ref="98695622" role="outer"/>
  <member type="way" ref="10384611" role="outer"/>
  <member type="way" ref="112682431" role="outer"/>
  <member type="way" ref="112682426" role="outer"/>
  <member type="way" ref="112682424" role="outer"/>
  <member type="way" ref="112682427" role="outer"/>
  <member type="way" ref="112682422" role="outer"/>
  <member type="way" ref="992044779" role="outer"/>
  <member type="way" ref="657824402" role="outer"/>
  <member type="way" ref="657824401" role="outer"/>
  <member type="way" ref="112682432" role="outer"/>
  <member type="way" ref="475559785" role="outer"/>
  <member type="way" ref="475559784" role="outer"/>
  <member type="way" ref="10384619" role="outer"/>
  <member type="way" ref="331165974" role="outer"/>
  <member type="way" ref="475575365" role="outer"/>
  <member type="way" ref="970101371" role="outer"/>
  <member type="way" ref="970101374" role="outer"/>
  <member type="way" ref="970101370" role="outer"/>
  <member type="way" ref="970101363" role="outer"/>
  <member type="way" ref="331165977" role="outer"/>
  <member type="way" ref="475574913" role="outer"/>
  <member type="way" ref="10384649" role="outer"/>
  <member type="way" ref="475574912" role="outer"/>
  <member type="way" ref="286372191" role="outer"/>
  <member type="way" ref="402144889" role="outer"/>
  <member type="way" ref="311684136" role="outer"/>
  <member type="way" ref="440599599" role="outer"/>
  <member type="way" ref="248518546" role="outer"/>
  <member type="way" ref="301841401" role="outer"/>
  <member type="way" ref="457133330" role="outer"/>
  <member type="way" ref="147232445" role="outer"/>
  <member type="way" ref="440597914" role="outer"/>
  <member type="way" ref="277725470" role="outer"/>
  <member type="way" ref="147232438" role="outer"/>
  <member type="way" ref="286372190" role="outer"/>
  <member type="way" ref="402144892" role="outer"/>
  <member type="way" ref="301841405" role="outer"/>
  <member type="way" ref="147232433" role="outer"/>
  <member type="way" ref="155072422" role="outer"/>
  <member type="way" ref="301841400" role="outer"/>
  <member type="way" ref="301841398" role="outer"/>
  <member type="way" ref="440597913" role="outer"/>
  <member type="way" ref="147232477" role="outer"/>
  <member type="way" ref="147232425" role="outer"/>
  <member type="way" ref="147232510" role="outer"/>
  <member type="way" ref="147232470" role="outer"/>
  <member type="way" ref="286372189" role="outer"/>
  <member type="way" ref="402144891" role="outer"/>
  <member type="way" ref="301841404" role="outer"/>
  <member type="way" ref="147232451" role="outer"/>
  <member type="way" ref="147232429" role="outer"/>
  <member type="way" ref="441851927" role="outer"/>
  <member type="way" ref="449016375" role="outer"/>
  <member type="way" ref="147232530" role="outer"/>
  <member type="way" ref="164010904" role="outer"/>
  <member type="way" ref="301841397" role="outer"/>
  <member type="way" ref="147232476" role="outer"/>
  <member type="way" ref="301841403" role="outer"/>
  <member type="way" ref="147232464" role="outer"/>
  <member type="way" ref="147232475" role="outer"/>
  <member type="way" ref="147237546" role="outer"/>
  <member type="way" ref="1301026407" role="outer"/>
  <member type="way" ref="1301026410" role="outer"/>
  <member type="way" ref="546986974" role="outer"/>
  <member type="way" ref="301841402" role="outer"/>
  <member type="way" ref="163986188" role="outer"/>
  <member type="way" ref="760615603" role="outer"/>
  <member type="way" ref="440597915" role="outer"/>
  <member type="way" ref="147232427" role="outer"/>
  <member type="way" ref="147232460" role="outer"/>
  <member type="way" ref="450267312" role="outer"/>
  <member type="way" ref="827891449" role="outer"/>
  <member type="way" ref="827891404" role="outer"/>
  <member type="way" ref="828190770" role="outer"/>
  <member type="way" ref="828190771" role="outer"/>
  <member type="way" ref="4060595" role="outer"/>
  <member type="way" ref="827891398" role="outer"/>
  <member type="way" ref="827891399" role="outer"/>
  <member type="way" ref="827891441" role="outer"/>
  <member type="way" ref="4060616" role="outer"/>
  <member type="way" ref="827891395" role="outer"/>
  <member type="way" ref="827891389" role="outer"/>
  <member type="way" ref="827891390" role="outer"/>
  <member type="way" ref="827891391" role="outer"/>
  <member type="way" ref="827891392" role="outer"/>
  <member type="way" ref="447871165" role="outer"/>
  <member type="way" ref="827891396" role="outer"/>
  <member type="way" ref="827891435" role="outer"/>
  <member type="way" ref="827891436" role="outer"/>
  <member type="way" ref="827891466" role="outer"/>
  <member type="way" ref="827891432" role="outer"/>
  <member type="way" ref="827891433" role="outer"/>
  <member type="way" ref="827891428" role="outer"/>
  <member type="way" ref="827891429" role="outer"/>
  <member type="way" ref="827891430" role="outer"/>
  <member type="way" ref="827891427" role="outer"/>
  <member type="way" ref="827891426" role="outer"/>
  <member type="way" ref="827891431" role="outer"/>
  <member type="way" ref="827891373" role="outer"/>
  <member type="way" ref="827891367" role="outer"/>
  <member type="way" ref="827891368" role="outer"/>
  <member type="way" ref="827891370" role="outer"/>
  <member type="way" ref="827891371" role="outer"/>
  <member type="way" ref="827891465" role="outer"/>
  <member type="way" ref="827891375" role="outer"/>
  <member type="way" ref="827891383" role="outer"/>
  <member type="way" ref="827891374" role="outer"/>
  <member type="way" ref="827891378" role="outer"/>
  <member type="way" ref="827891379" role="outer"/>
  <member type="way" ref="827891384" role="outer"/>
  <member type="way" ref="4060613" role="outer"/>
  <member type="way" ref="827891363" role="outer"/>
  <member type="way" ref="827891361" role="outer"/>
  <member type="way" ref="827891364" role="outer"/>
  <member type="way" ref="827891360" role="outer"/>
  <member type="way" ref="827891467" role="outer"/>
  <member type="way" ref="827891464" role="outer"/>
  <member type="way" ref="827891459" role="outer"/>
  <member type="way" ref="827891358" role="outer"/>
  <member type="way" ref="827891357" role="outer"/>
  <member type="way" ref="827891354" role="outer"/>
  <member type="way" ref="827891355" role="outer"/>
  <member type="way" ref="827891344" role="outer"/>
  <member type="way" ref="827891350" role="outer"/>
  <member type="way" ref="827891345" role="outer"/>
  <member type="way" ref="827891351" role="outer"/>
  <member type="way" ref="827891347" role="outer"/>
  <member type="way" ref="827891348" role="outer"/>
  <member type="way" ref="827891468" role="outer"/>
  <member type="way" ref="827891341" role="outer"/>
  <member type="way" ref="827891342" role="outer"/>
  <member type="way" ref="827891339" role="outer"/>
  <member type="way" ref="827891338" role="outer"/>
  <member type="way" ref="827891335" role="outer"/>
  <member type="way" ref="827891353" role="outer"/>
  <member type="way" ref="827891336" role="outer"/>
  <member type="way" ref="827891334" role="outer"/>
  <member type="way" ref="827891332" role="outer"/>
  <member type="way" ref="828321131" role="outer"/>
  <member type="way" ref="827751716" role="outer"/>
  <member type="way" ref="992139783" role="outer"/>
  <member type="way" ref="827891458" role="outer"/>
  <member type="way" ref="992139784" role="outer"/>
  <member type="way" ref="827891457" role="outer"/>
  <member type="way" ref="827751717" role="outer"/>
  <member type="way" ref="827751713" role="outer"/>
  <member type="way" ref="827751714" role="outer"/>
  <member type="way" ref="827891455" role="outer"/>
  <member type="way" ref="827891456" role="outer"/>
  <member type="way" ref="4060636" role="outer"/>
  <member type="way" ref="827891453" role="outer"/>
  <member type="way" ref="827891451" role="outer"/>
  <member type="way" ref="992139781" role="outer"/>
  <member type="way" ref="992139782" role="outer"/>
  <member type="way" ref="4060602" role="outer"/>
  <member type="way" ref="447871174" role="outer"/>
  <member type="way" ref="4060584" role="outer"/>
  <member type="way" ref="992139780" role="outer"/>
  <member type="way" ref="4060580" role="outer"/>
  <member type="way" ref="827891424" role="outer"/>
  <member type="way" ref="827891423" role="outer"/>
  <member type="way" ref="827891420" role="outer"/>
  <member type="way" ref="827891415" role="outer"/>
  <member type="way" ref="827891421" role="outer"/>
  <member type="way" ref="827891418" role="outer"/>
  <member type="way" ref="827891416" role="outer"/>
  <member type="way" ref="827891412" role="outer"/>
  <member type="way" ref="827891413" role="outer"/>
  <member type="way" ref="4060579" role="outer"/>
  <member type="way" ref="4060586" role="outer"/>
  <member type="way" ref="827891406" role="outer"/>
  <member type="way" ref="827891407" role="outer"/>
  <member type="way" ref="827891448" role="outer"/>
  <member type="way" ref="10415866" role="outer"/>
  <member type="way" ref="10415798" role="outer"/>
  <member type="way" ref="10415812" role="outer"/>
  <member type="way" ref="447871170" role="outer"/>
  <member type="way" ref="10415845" role="outer"/>
  <member type="way" ref="293142368" role="outer"/>
  <member type="way" ref="293142367" role="outer"/>
  <member type="way" ref="575752558" role="outer"/>
  <member type="way" ref="575752557" role="outer"/>
  <member type="way" ref="10415788" role="outer"/>
  <member type="way" ref="575767130" role="outer"/>
  <member type="way" ref="575767129" role="outer"/>
  <member type="way" ref="575757670" role="outer"/>
  <member type="way" ref="575757669" role="outer"/>
  <member type="way" ref="10415814" role="outer"/>
  <member type="way" ref="10415831" role="outer"/>
  <member type="way" ref="10415822" role="outer"/>
  <member type="way" ref="10415832" role="outer"/>
  <member type="way" ref="447871171" role="outer"/>
  <member type="way" ref="992139787" role="outer"/>
  <member type="way" ref="10415817" role="outer"/>
  <member type="way" ref="583630207" role="outer"/>
  <member type="way" ref="286900387" role="outer"/>
  <member type="way" ref="286900391" role="outer"/>
  <member type="way" ref="286900388" role="outer"/>
  <member type="way" ref="286900712" role="outer"/>
  <member type="way" ref="447041975" role="outer"/>
  <member type="way" ref="10415829" role="outer"/>
  <member type="way" ref="10415859" role="outer"/>
  <member type="way" ref="47653805" role="outer"/>
  <member type="way" ref="45399020" role="outer"/>
  <member type="way" ref="4060585" role="outer"/>
  <member type="way" ref="992037871" role="outer"/>
  <member type="way" ref="992037870" role="outer"/>
  <member type="way" ref="332810256" role="outer"/>
  <member type="way" ref="10415807" role="outer"/>
  <member type="way" ref="443107868" role="outer"/>
  <member type="way" ref="47653694" role="outer"/>
  <member type="way" ref="45399012" role="outer"/>
  <member type="way" ref="10415821" role="outer"/>
  <member type="way" ref="4060588" role="outer"/>
  <member type="way" ref="45399018" role="outer"/>
  <member type="way" ref="10415839" role="outer"/>
  <member type="way" ref="323854177" role="outer"/>
  <member type="way" ref="10415856" role="outer"/>
  <member type="way" ref="10415853" role="outer"/>
  <member type="way" ref="10415848" role="outer"/>
  <member type="way" ref="10415827" role="outer"/>
  <member type="way" ref="565422124" role="outer"/>
  <member type="way" ref="323854176" role="outer"/>
  <member type="way" ref="46503042" role="outer"/>
  <member type="way" ref="46503041" role="outer"/>
  <member type="way" ref="383907915" role="outer"/>
  <member type="way" ref="46503040" role="outer"/>
  <member type="way" ref="289669960" role="outer"/>
  <member type="way" ref="10418960" role="outer"/>
  <member type="way" ref="599121091" role="outer"/>
  <member type="way" ref="1332693152" role="outer"/>
  <member type="way" ref="1332693339" role="outer"/>
  <member type="way" ref="971188868" role="outer"/>
  <member type="way" ref="971188867" role="outer"/>
  <member type="way" ref="971188866" role="outer"/>
  <member type="way" ref="971188865" role="outer"/>
  <member type="way" ref="750622299" role="outer"/>
  <member type="way" ref="1121407400" role="outer"/>
  <member type="way" ref="971188864" role="outer"/>
  <member type="way" ref="1514947889" role="outer"/>
  <member type="way" ref="42063506" role="outer"/>
  <member type="way" ref="1514947897" role="outer"/>
  <member type="way" ref="1514947894" role="outer"/>
  <member type="relation" ref="20682402" role="outer"/>
  <tag k="alt_name:cs" v="Havajské souostroví"/>
  <tag k="name" v="Hawaiian Islands"/>
  <tag k="name:ar" v="الجزر الهاوايية"/>
  <tag k="name:az" v="Havay adaları"/>
  <tag k="name:be" v="Гавайскія астравы"/>
  <tag k="name:bg" v="Хавайски острови"/>
  <tag k="name:br" v="Inizi Hawaii"/>
  <tag k="name:ca" v="Illes Hawaii"/>
  <tag k="name:cs" v="Havajské ostrovy"/>
  <tag k="name:cy" v="Ynysoedd Hawaii"/>
  <tag k="name:da" v="Hawaii-øerne"/>
  <tag k="name:de" v="Hawaii-Inseln"/>
  <tag k="name:en" v="Hawaiian Islands"/>
  <tag k="name:eo" v="Havajaj Insuloj"/>
  <tag k="name:es" v="Archipiélago de Hawái"/>
  <tag k="name:et" v="Hawaii saared"/>
  <tag k="name:eu" v="Hawaii uharteak"/>
  <tag k="name:fa" v="جزایر هاوایی"/>
  <tag k="name:fi" v="Havaijisaaret"/>
  <tag k="name:fr" v="Archipel d'Hawaï"/>
  <tag k="name:fy" v="Hawaï-eilannen"/>
  <tag k="name:gl" v="Arquipélago de Hawai"/>
  <tag k="name:gsw" v="Hawai-Ìnsle"/>
  <tag k="name:haw" v="mokupuni o Hawaiʻi"/>
  <tag k="name:hy" v="Հավայան կղզիներ"/>
  <tag k="name:ia" v="Archipelago Hawaii"/>
  <tag k="name:id" v="Kepulauan Hawaii"/>
  <tag k="name:it" v="Isole delle Hawaii"/>
  <tag k="name:ja" v="ハワイ諸島"/>
  <tag k="name:kk" v="Гавай аралдары"/>
  <tag k="name:ko" v="하와이 제도"/>
  <tag k="name:ky" v="Гавайи аралдары"/>
  <tag k="name:lt" v="Havajai"/>
  <tag k="name:lv" v="Havaju salas"/>
  <tag k="name:ml" v="ഹവായി ദ്വീപുകൾ"/>
  <tag k="name:ms" v="Kepulauan Hawaii"/>
  <tag k="name:nl" v="Hawaïaanse eilanden"/>
  <tag k="name:no" v="Hawaiiøyene"/>
  <tag k="name:pl" v="Hawaje"/>
  <tag k="name:pt" v="Arquipélago do Havaí"/>
  <tag k="name:ro" v="Insulele Hawaii"/>
  <tag k="name:ru" v="Гавайские острова"/>
  <tag k="name:se" v="Haváijasullot"/>
  <tag k="name:sk" v="Havajské ostrovy"/>
  <tag k="name:sv" v="Hawaiiöarna"/>
  <tag k="name:ta" v="அவாயித் தீவுகள்"/>
  <tag k="name:tl" v="Kapuluang Hawayano"/>
  <tag k="name:tt" v="Һавай утраулары"/>
  <tag k="name:uk" v="Гавайські острови"/>
  <tag k="name:ur" v="جزائر ہوائی"/>
  <tag k="name:vi" v="Quần đảo Hawaii"/>
  <tag k="name:zh" v="夏威夷群岛"/>
  <tag k="old_name:cs" v="Sandwichovy ostrovy"/>
  <tag k="old_name:en" v="Sandwich Islands"/>
  <tag k="old_name:ru" v="Сандвичевы острова"/>
  <tag k="place" v="archipelago"/>
  <tag k="type" v="multipolygon"/>
  <tag k="wikidata" v="Q192626"/>
  <tag k="wikimedia_commons" v="Category:Hawaiian Islands"/>
  <tag k="wikipedia" v="en:Hawaiian Islands"/>
 </relation>
 <relation id="8081280" visible="true" version="143" changeset="186195449" timestamp="2026-07-22T19:11:03Z" user="Rico557" uid="3281808">
  <member type="way" ref="147243309" role="outer"/>
  <member type="way" ref="725228325" role="outer"/>
  <member type="way" ref="210525075" role="outer"/>
  <member type="way" ref="725228349" role="outer"/>
  <member type="way" ref="725228344" role="outer"/>
  <member type="way" ref="732937010" role="outer"/>
  <member type="way" ref="725228340" role="outer"/>
  <member type="way" ref="725233056" role="outer"/>
  <member type="way" ref="733445693" role="outer"/>
  <member type="way" ref="732937012" role="outer"/>
  <member type="way" ref="733445692" role="outer"/>
  <member type="way" ref="733749577" role="outer"/>
  <member type="way" ref="725233053" role="outer"/>
  <member type="way" ref="733747614" role="outer"/>
  <member type="way" ref="733758186" role="outer"/>
  <member type="way" ref="733747618" role="outer"/>
  <member type="way" ref="733747613" role="outer"/>
  <member type="way" ref="733747616" role="outer"/>
  <member type="way" ref="733747617" role="outer"/>
  <member type="way" ref="733747619" role="outer"/>
  <member type="way" ref="725233055" role="outer"/>
  <member type="way" ref="733750919" role="outer"/>
  <member type="way" ref="317140351" role="outer"/>
  <member type="way" ref="1353884414" role="outer"/>
  <member type="way" ref="1353884416" role="outer"/>
  <member type="way" ref="1353886240" role="outer"/>
  <member type="way" ref="992044784" role="outer"/>
  <member type="way" ref="402144879" role="outer"/>
  <member type="way" ref="402144896" role="outer"/>
  <member type="way" ref="402144883" role="outer"/>
  <member type="way" ref="402144868" role="outer"/>
  <member type="way" ref="456826902" role="outer"/>
  <member type="way" ref="484429438" role="outer"/>
  <member type="way" ref="222640136" role="outer"/>
  <member type="way" ref="724844753" role="outer"/>
  <member type="way" ref="1301026418" role="outer"/>
  <member type="way" ref="302976231" role="outer"/>
  <member type="way" ref="1301026419" role="outer"/>
  <member type="way" ref="724844755" role="outer"/>
  <member type="way" ref="1300396140" role="outer"/>
  <member type="way" ref="1300396139" role="outer"/>
  <member type="way" ref="1301026389" role="outer"/>
  <member type="way" ref="1300386415" role="outer"/>
  <member type="way" ref="1301026399" role="outer"/>
  <member type="way" ref="1300392499" role="outer"/>
  <member type="way" ref="1301026394" role="outer"/>
  <member type="way" ref="1301026397" role="outer"/>
  <member type="way" ref="1300392496" role="outer"/>
  <member type="way" ref="1300392500" role="outer"/>
  <member type="way" ref="1300392501" role="outer"/>
  <member type="way" ref="1300392512" role="outer"/>
  <member type="way" ref="1301026400" role="outer"/>
  <member type="way" ref="1300392514" role="outer"/>
  <member type="way" ref="1300392519" role="outer"/>
  <member type="way" ref="1300392520" role="outer"/>
  <member type="way" ref="1301026391" role="outer"/>
  <member type="way" ref="1301026388" role="outer"/>
  <member type="way" ref="1300386391" role="outer"/>
  <member type="way" ref="1335027588" role="outer"/>
  <member type="way" ref="1300960020" role="outer"/>
  <member type="way" ref="724844750" role="outer"/>
  <member type="way" ref="724844749" role="outer"/>
  <member type="way" ref="1300978923" role="outer"/>
  <member type="way" ref="1301026409" role="outer"/>
  <member type="way" ref="1300978930" role="outer"/>
  <member type="way" ref="1300978931" role="outer"/>
  <member type="way" ref="504727493" role="outer"/>
  <member type="way" ref="1300978933" role="outer"/>
  <member type="way" ref="1300978934" role="outer"/>
  <member type="way" ref="1300978935" role="outer"/>
  <member type="way" ref="1300978932" role="outer"/>
  <member type="way" ref="508954901" role="outer"/>
  <member type="way" ref="508954903" role="outer"/>
  <member type="way" ref="1335057176" role="outer"/>
  <member type="way" ref="1335057182" role="outer"/>
  <member type="way" ref="1301026405" role="outer"/>
  <member type="way" ref="1301026414" role="outer"/>
  <member type="way" ref="1335057195" role="outer"/>
  <member type="way" ref="1335057181" role="outer"/>
  <member type="way" ref="508894287" role="outer"/>
  <member type="way" ref="1335057177" role="outer"/>
  <member type="way" ref="1300978936" role="outer"/>
  <member type="way" ref="622268918" role="outer"/>
  <member type="way" ref="1301240769" role="outer"/>
  <member type="way" ref="1301026413" role="outer"/>
  <member type="way" ref="1301026417" role="outer"/>
  <member type="way" ref="508857295" role="outer"/>
  <member type="way" ref="223381867" role="outer"/>
  <member type="way" ref="508855222" role="outer"/>
  <member type="way" ref="1301026416" role="outer"/>
  <member type="way" ref="508855221" role="outer"/>
  <member type="way" ref="508855225" role="outer"/>
  <member type="way" ref="508855227" role="outer"/>
  <member type="way" ref="508852257" role="outer"/>
  <member type="way" ref="508852261" role="outer"/>
  <member type="way" ref="508852259" role="outer"/>
  <member type="way" ref="508846705" role="outer"/>
  <member type="way" ref="508846003" role="outer"/>
  <member type="way" ref="1341206060" role="outer"/>
  <member type="way" ref="508822933" role="outer"/>
  <member type="way" ref="508822931" role="outer"/>
  <member type="way" ref="191767749" role="outer"/>
  <member type="way" ref="260050706" role="outer"/>
  <member type="way" ref="992044782" role="outer"/>
  <member type="way" ref="375495415" role="outer"/>
  <member type="way" ref="375495416" role="outer"/>
  <member type="way" ref="375495414" role="outer"/>
  <member type="way" ref="992044781" role="outer"/>
  <member type="way" ref="210525022" role="outer"/>
  <member type="way" ref="210525069" role="outer"/>
  <member type="way" ref="264160349" role="outer"/>
  <member type="way" ref="264160346" role="outer"/>
  <member type="way" ref="264160348" role="outer"/>
  <member type="way" ref="264160347" role="outer"/>
  <member type="way" ref="506136580" role="outer"/>
  <member type="way" ref="1253938190" role="outer"/>
  <member type="way" ref="159433972" role="outer"/>
  <member type="way" ref="1217901251" role="outer"/>
  <member type="way" ref="992044785" role="outer"/>
  <member type="way" ref="725228350" role="outer"/>
  <member type="way" ref="725228326" role="outer"/>
  <member type="way" ref="725233781" role="outer"/>
  <member type="way" ref="828321133" role="outer"/>
  <member type="way" ref="289666666" role="outer"/>
  <member type="way" ref="1245114038" role="outer"/>
  <member type="way" ref="289666900" role="outer"/>
  <member type="way" ref="1245114037" role="outer"/>
  <member type="way" ref="254010045" role="outer"/>
  <member type="way" ref="289667016" role="outer"/>
  <member type="way" ref="442096761" role="outer"/>
  <member type="way" ref="254010052" role="outer"/>
  <member type="way" ref="289668185" role="outer"/>
  <member type="way" ref="289668184" role="outer"/>
  <member type="way" ref="289668647" role="outer"/>
  <member type="way" ref="289669945" role="outer"/>
  <member type="way" ref="289669941" role="outer"/>
  <member type="way" ref="289673413" role="outer"/>
  <member type="way" ref="46502877" role="outer"/>
  <member type="way" ref="289673418" role="outer"/>
  <member type="way" ref="260395167" role="outer"/>
  <member type="way" ref="260395171" role="outer"/>
  <member type="way" ref="260395179" role="outer"/>
  <member type="way" ref="289676123" role="outer"/>
  <member type="way" ref="438839376" role="outer"/>
  <member type="way" ref="438839377" role="outer"/>
  <member type="way" ref="254007118" role="outer"/>
  <member type="way" ref="140270998" role="outer"/>
  <member type="way" ref="198504098" role="outer"/>
  <member type="way" ref="289688701" role="outer"/>
  <member type="way" ref="438347577" role="outer"/>
  <member type="way" ref="438347573" role="outer"/>
  <member type="way" ref="992037873" role="outer"/>
  <member type="way" ref="289688688" role="outer"/>
  <member type="way" ref="289688728" role="outer"/>
  <member type="way" ref="289688681" role="outer"/>
  <member type="way" ref="364793530" role="outer"/>
  <member type="way" ref="289691192" role="outer"/>
  <member type="way" ref="289692270" role="outer"/>
  <member type="way" ref="1347695965" role="outer"/>
  <member type="way" ref="1347695559" role="outer"/>
  <member type="way" ref="1347695558" role="outer"/>
  <member type="way" ref="1347527883" role="outer"/>
  <member type="way" ref="289698061" role="outer"/>
  <member type="way" ref="1347527884" role="outer"/>
  <member type="way" ref="10418979" role="outer"/>
  <member type="way" ref="254007121" role="outer"/>
  <member type="way" ref="438300649" role="outer"/>
  <member type="way" ref="239812776" role="outer"/>
  <member type="way" ref="289698060" role="outer"/>
  <member type="way" ref="10418977" role="outer"/>
  <member type="way" ref="289801500" role="outer"/>
  <member type="way" ref="289801491" role="outer"/>
  <member type="way" ref="289801489" role="outer"/>
  <member type="way" ref="289833581" role="outer"/>
  <member type="way" ref="992037875" role="outer"/>
  <member type="way" ref="10418959" role="outer"/>
  <member type="way" ref="1521077458" role="outer"/>
  <member type="way" ref="1521077459" role="outer"/>
  <member type="way" ref="1521077456" role="outer"/>
  <member type="way" ref="1521077457" role="outer"/>
  <member type="way" ref="1521077454" role="outer"/>
  <member type="way" ref="282095927" role="outer"/>
  <member type="way" ref="282095923" role="outer"/>
  <member type="way" ref="282097872" role="outer"/>
  <member type="way" ref="282097871" role="outer"/>
  <member type="way" ref="282097876" role="outer"/>
  <member type="way" ref="282097875" role="outer"/>
  <member type="way" ref="281964678" role="outer"/>
  <member type="way" ref="281964679" role="outer"/>
  <member type="way" ref="281912485" role="outer"/>
  <member type="way" ref="281912490" role="outer"/>
  <member type="way" ref="10419004" role="outer"/>
  <member type="way" ref="289834586" role="outer"/>
  <member type="way" ref="289834587" role="outer"/>
  <member type="way" ref="10419006" role="outer"/>
  <member type="way" ref="10418949" role="outer"/>
  <member type="way" ref="10419016" role="outer"/>
  <member type="way" ref="259158272" role="outer"/>
  <member type="way" ref="438286227" role="outer"/>
  <member type="way" ref="438313843" role="outer"/>
  <member type="way" ref="438286228" role="outer"/>
  <member type="way" ref="438861626" role="outer"/>
  <member type="way" ref="254007119" role="outer"/>
  <member type="way" ref="866748176" role="outer"/>
  <member type="way" ref="866748177" role="outer"/>
  <member type="way" ref="866748180" role="outer"/>
  <member type="way" ref="866748175" role="outer"/>
  <member type="way" ref="10418971" role="outer"/>
  <member type="way" ref="1186351579" role="outer"/>
  <member type="way" ref="438868271" role="outer"/>
  <member type="way" ref="586488266" role="outer"/>
  <member type="way" ref="608499810" role="outer"/>
  <member type="way" ref="587050554" role="outer"/>
  <member type="way" ref="289622330" role="outer"/>
  <member type="way" ref="589711648" role="outer"/>
  <member type="way" ref="590707034" role="outer"/>
  <member type="way" ref="591064546" role="outer"/>
  <member type="way" ref="589711649" role="outer"/>
  <member type="way" ref="591064673" role="outer"/>
  <member type="way" ref="589677036" role="outer"/>
  <member type="way" ref="289622370" role="outer"/>
  <member type="way" ref="438866805" role="outer"/>
  <member type="way" ref="84844536" role="outer"/>
  <member type="way" ref="711073926" role="outer"/>
  <member type="way" ref="588015044" role="outer"/>
  <member type="way" ref="438866804" role="outer"/>
  <member type="way" ref="588015045" role="outer"/>
  <member type="way" ref="253929229" role="outer"/>
  <member type="way" ref="588014984" role="outer"/>
  <member type="way" ref="588014985" role="outer"/>
  <member type="way" ref="1330720496" role="outer"/>
  <member type="way" ref="711076931" role="outer"/>
  <member type="way" ref="210108415" role="outer"/>
  <member type="way" ref="711071952" role="outer"/>
  <member type="way" ref="254010055" role="outer"/>
  <member type="way" ref="254010056" role="outer"/>
  <member type="way" ref="254010054" role="outer"/>
  <member type="way" ref="289666665" role="outer"/>
  <member type="way" ref="828321300" role="outer"/>
  <member type="way" ref="828321134" role="outer"/>
  <member type="way" ref="678815562" role="outer"/>
  <member type="way" ref="678622928" role="outer"/>
  <member type="way" ref="657824409" role="outer"/>
  <member type="way" ref="10384608" role="outer"/>
  <member type="way" ref="112677396" role="outer"/>
  <member type="way" ref="112677415" role="outer"/>
  <member type="way" ref="112677375" role="outer"/>
  <member type="way" ref="112677402" role="outer"/>
  <member type="way" ref="112677373" role="outer"/>
  <member type="way" ref="112677368" role="outer"/>
  <member type="way" ref="112677371" role="outer"/>
  <member type="way" ref="112677408" role="outer"/>
  <member type="way" ref="116788679" role="outer"/>
  <member type="way" ref="112677393" role="outer"/>
  <member type="way" ref="112677404" role="outer"/>
  <member type="way" ref="1511005445" role="outer"/>
  <member type="way" ref="1511005444" role="outer"/>
  <member type="way" ref="115434061" role="outer"/>
  <member type="way" ref="115434073" role="outer"/>
  <member type="way" ref="115434100" role="outer"/>
  <member type="way" ref="115434096" role="outer"/>
  <member type="way" ref="115434072" role="outer"/>
  <member type="way" ref="115434083" role="outer"/>
  <member type="way" ref="115434067" role="outer"/>
  <member type="way" ref="10384635" role="outer"/>
  <member type="way" ref="112677411" role="outer"/>
  <member type="way" ref="112440705" role="outer"/>
  <member type="way" ref="380663832" role="outer"/>
  <member type="way" ref="657694722" role="outer"/>
  <member type="way" ref="970083760" role="outer"/>
  <member type="way" ref="992044778" role="outer"/>
  <member type="way" ref="657824517" role="outer"/>
  <member type="way" ref="970083759" role="outer"/>
  <member type="way" ref="970083757" role="outer"/>
  <member type="way" ref="657824518" role="outer"/>
  <member type="way" ref="657824519" role="outer"/>
  <member type="way" ref="970083742" role="outer"/>
  <member type="way" ref="657694694" role="outer"/>
  <member type="way" ref="970083741" role="outer"/>
  <member type="way" ref="970083756" role="outer"/>
  <member type="way" ref="657824520" role="outer"/>
  <member type="way" ref="657723694" role="outer"/>
  <member type="way" ref="112174176" role="outer"/>
  <member type="way" ref="657739501" role="outer"/>
  <member type="way" ref="657723695" role="outer"/>
  <member type="way" ref="112174174" role="outer"/>
  <member type="way" ref="112173890" role="outer"/>
  <member type="way" ref="112173889" role="outer"/>
  <member type="way" ref="112173405" role="outer"/>
  <member type="way" ref="112173407" role="outer"/>
  <member type="way" ref="10384624" role="outer"/>
  <member type="way" ref="380432649" role="outer"/>
  <member type="way" ref="386722912" role="outer"/>
  <member type="way" ref="380432650" role="outer"/>
  <member type="way" ref="112169328" role="outer"/>
  <member type="way" ref="1112593535" role="outer"/>
  <member type="way" ref="1112593534" role="outer"/>
  <member type="way" ref="1112595112" role="outer"/>
  <member type="way" ref="10384603" role="outer"/>
  <member type="way" ref="112168442" role="outer"/>
  <member type="way" ref="658354287" role="outer"/>
  <member type="way" ref="658354286" role="outer"/>
  <member type="way" ref="658354285" role="outer"/>
  <member type="way" ref="112168444" role="outer"/>
  <member type="way" ref="112168299" role="outer"/>
  <member type="way" ref="112168300" role="outer"/>
  <member type="way" ref="657769905" role="outer"/>
  <member type="way" ref="10384645" role="outer"/>
  <member type="way" ref="98699108" role="outer"/>
  <member type="way" ref="98699107" role="outer"/>
  <member type="way" ref="657974942" role="outer"/>
  <member type="way" ref="10384612" role="outer"/>
  <member type="way" ref="98695623" role="outer"/>
  <member type="way" ref="657974951" role="outer"/>
  <member type="way" ref="657974941" role="outer"/>
  <member type="way" ref="657974950" role="outer"/>
  <member type="way" ref="657974955" role="outer"/>
  <member type="way" ref="657974945" role="outer"/>
  <member type="way" ref="657974954" role="outer"/>
  <member type="way" ref="658130998" role="outer"/>
  <member type="way" ref="658130997" role="outer"/>
  <member type="way" ref="113515856" role="outer"/>
  <member type="way" ref="113515855" role="outer"/>
  <member type="way" ref="98695624" role="outer"/>
  <member type="way" ref="98695626" role="outer"/>
  <member type="way" ref="98695625" role="outer"/>
  <member type="way" ref="98695622" role="outer"/>
  <member type="way" ref="10384611" role="outer"/>
  <member type="way" ref="112682431" role="outer"/>
  <member type="way" ref="112682426" role="outer"/>
  <member type="way" ref="112682424" role="outer"/>
  <member type="way" ref="112682427" role="outer"/>
  <member type="way" ref="112682422" role="outer"/>
  <member type="way" ref="992044779" role="outer"/>
  <member type="way" ref="657824402" role="outer"/>
  <member type="way" ref="657824401" role="outer"/>
  <member type="way" ref="112682432" role="outer"/>
  <member type="way" ref="475559785" role="outer"/>
  <member type="way" ref="475559784" role="outer"/>
  <member type="way" ref="10384619" role="outer"/>
  <member type="way" ref="331165974" role="outer"/>
  <member type="way" ref="475575365" role="outer"/>
  <member type="way" ref="970101371" role="outer"/>
  <member type="way" ref="970101374" role="outer"/>
  <member type="way" ref="970101370" role="outer"/>
  <member type="way" ref="970101363" role="outer"/>
  <member type="way" ref="331165977" role="outer"/>
  <member type="way" ref="475574913" role="outer"/>
  <member type="way" ref="10384649" role="outer"/>
  <member type="way" ref="475574912" role="outer"/>
  <member type="way" ref="286372191" role="outer"/>
  <member type="way" ref="402144889" role="outer"/>
  <member type="way" ref="311684136" role="outer"/>
  <member type="way" ref="440599599" role="outer"/>
  <member type="way" ref="248518546" role="outer"/>
  <member type="way" ref="301841401" role="outer"/>
  <member type="way" ref="457133330" role="outer"/>
  <member type="way" ref="147232445" role="outer"/>
  <member type="way" ref="440597914" role="outer"/>
  <member type="way" ref="277725470" role="outer"/>
  <member type="way" ref="147232438" role="outer"/>
  <member type="way" ref="286372190" role="outer"/>
  <member type="way" ref="402144892" role="outer"/>
  <member type="way" ref="301841405" role="outer"/>
  <member type="way" ref="147232433" role="outer"/>
  <member type="way" ref="155072422" role="outer"/>
  <member type="way" ref="301841400" role="outer"/>
  <member type="way" ref="301841398" role="outer"/>
  <member type="way" ref="440597913" role="outer"/>
  <member type="way" ref="147232477" role="outer"/>
  <member type="way" ref="147232425" role="outer"/>
  <member type="way" ref="147232510" role="outer"/>
  <member type="way" ref="147232470" role="outer"/>
  <member type="way" ref="286372189" role="outer"/>
  <member type="way" ref="402144891" role="outer"/>
  <member type="way" ref="301841404" role="outer"/>
  <member type="way" ref="147232451" role="outer"/>
  <member type="way" ref="147232429" role="outer"/>
  <member type="way" ref="441851927" role="outer"/>
  <member type="way" ref="449016375" role="outer"/>
  <member type="way" ref="147232530" role="outer"/>
  <member type="way" ref="164010904" role="outer"/>
  <member type="way" ref="301841397" role="outer"/>
  <member type="way" ref="147232476" role="outer"/>
  <member type="way" ref="301841403" role="outer"/>
  <member type="way" ref="147232464" role="outer"/>
  <member type="way" ref="147232475" role="outer"/>
  <member type="way" ref="147237546" role="outer"/>
  <member type="way" ref="1301026407" role="outer"/>
  <member type="way" ref="1301026410" role="outer"/>
  <member type="way" ref="546986974" role="outer"/>
  <member type="way" ref="301841402" role="outer"/>
  <member type="way" ref="163986188" role="outer"/>
  <member type="way" ref="440597915" role="outer"/>
  <member type="way" ref="147232427" role="outer"/>
  <member type="way" ref="147232460" role="outer"/>
  <member type="way" ref="450267312" role="outer"/>
  <member type="way" ref="827891449" role="outer"/>
  <member type="way" ref="827891404" role="outer"/>
  <member type="way" ref="828190770" role="outer"/>
  <member type="way" ref="828190771" role="outer"/>
  <member type="way" ref="4060595" role="outer"/>
  <member type="way" ref="827891398" role="outer"/>
  <member type="way" ref="827891399" role="outer"/>
  <member type="way" ref="827891441" role="outer"/>
  <member type="way" ref="4060616" role="outer"/>
  <member type="way" ref="827891395" role="outer"/>
  <member type="way" ref="827891389" role="outer"/>
  <member type="way" ref="827891390" role="outer"/>
  <member type="way" ref="827891391" role="outer"/>
  <member type="way" ref="827891392" role="outer"/>
  <member type="way" ref="447871165" role="outer"/>
  <member type="way" ref="827891396" role="outer"/>
  <member type="way" ref="827891435" role="outer"/>
  <member type="way" ref="827891436" role="outer"/>
  <member type="way" ref="827891466" role="outer"/>
  <member type="way" ref="827891432" role="outer"/>
  <member type="way" ref="827891433" role="outer"/>
  <member type="way" ref="827891428" role="outer"/>
  <member type="way" ref="827891429" role="outer"/>
  <member type="way" ref="827891430" role="outer"/>
  <member type="way" ref="827891427" role="outer"/>
  <member type="way" ref="827891426" role="outer"/>
  <member type="way" ref="827891431" role="outer"/>
  <member type="way" ref="827891373" role="outer"/>
  <member type="way" ref="827891367" role="outer"/>
  <member type="way" ref="827891368" role="outer"/>
  <member type="way" ref="827891370" role="outer"/>
  <member type="way" ref="827891371" role="outer"/>
  <member type="way" ref="827891465" role="outer"/>
  <member type="way" ref="827891375" role="outer"/>
  <member type="way" ref="827891383" role="outer"/>
  <member type="way" ref="827891374" role="outer"/>
  <member type="way" ref="827891378" role="outer"/>
  <member type="way" ref="827891379" role="outer"/>
  <member type="way" ref="827891384" role="outer"/>
  <member type="way" ref="4060613" role="outer"/>
  <member type="way" ref="827891363" role="outer"/>
  <member type="way" ref="827891361" role="outer"/>
  <member type="way" ref="827891364" role="outer"/>
  <member type="way" ref="827891360" role="outer"/>
  <member type="way" ref="827891467" role="outer"/>
  <member type="way" ref="827891464" role="outer"/>
  <member type="way" ref="827891459" role="outer"/>
  <member type="way" ref="827891358" role="outer"/>
  <member type="way" ref="827891357" role="outer"/>
  <member type="way" ref="827891354" role="outer"/>
  <member type="way" ref="827891355" role="outer"/>
  <member type="way" ref="827891344" role="outer"/>
  <member type="way" ref="827891350" role="outer"/>
  <member type="way" ref="827891345" role="outer"/>
  <member type="way" ref="827891351" role="outer"/>
  <member type="way" ref="827891347" role="outer"/>
  <member type="way" ref="827891348" role="outer"/>
  <member type="way" ref="827891468" role="outer"/>
  <member type="way" ref="827891341" role="outer"/>
  <member type="way" ref="827891342" role="outer"/>
  <member type="way" ref="827891339" role="outer"/>
  <member type="way" ref="827891338" role="outer"/>
  <member type="way" ref="827891335" role="outer"/>
  <member type="way" ref="827891353" role="outer"/>
  <member type="way" ref="827891336" role="outer"/>
  <member type="way" ref="827891334" role="outer"/>
  <member type="way" ref="827891332" role="outer"/>
  <member type="way" ref="828321131" role="outer"/>
  <member type="way" ref="827751716" role="outer"/>
  <member type="way" ref="992139783" role="outer"/>
  <member type="way" ref="827891458" role="outer"/>
  <member type="way" ref="992139784" role="outer"/>
  <member type="way" ref="827891457" role="outer"/>
  <member type="way" ref="827751717" role="outer"/>
  <member type="way" ref="827751713" role="outer"/>
  <member type="way" ref="827751714" role="outer"/>
  <member type="way" ref="827891455" role="outer"/>
  <member type="way" ref="827891456" role="outer"/>
  <member type="way" ref="4060636" role="outer"/>
  <member type="way" ref="827891453" role="outer"/>
  <member type="way" ref="827891451" role="outer"/>
  <member type="way" ref="992139781" role="outer"/>
  <member type="way" ref="992139782" role="outer"/>
  <member type="way" ref="4060602" role="outer"/>
  <member type="way" ref="447871174" role="outer"/>
  <member type="way" ref="4060584" role="outer"/>
  <member type="way" ref="992139780" role="outer"/>
  <member type="way" ref="4060580" role="outer"/>
  <member type="way" ref="827891424" role="outer"/>
  <member type="way" ref="827891423" role="outer"/>
  <member type="way" ref="827891420" role="outer"/>
  <member type="way" ref="827891415" role="outer"/>
  <member type="way" ref="827891421" role="outer"/>
  <member type="way" ref="827891418" role="outer"/>
  <member type="way" ref="827891416" role="outer"/>
  <member type="way" ref="827891412" role="outer"/>
  <member type="way" ref="827891413" role="outer"/>
  <member type="way" ref="4060579" role="outer"/>
  <member type="way" ref="4060586" role="outer"/>
  <member type="way" ref="827891406" role="outer"/>
  <member type="way" ref="827891407" role="outer"/>
  <member type="way" ref="827891448" role="outer"/>
  <member type="way" ref="10415866" role="outer"/>
  <member type="way" ref="10415798" role="outer"/>
  <member type="way" ref="10415812" role="outer"/>
  <member type="way" ref="447871170" role="outer"/>
  <member type="way" ref="10415845" role="outer"/>
  <member type="way" ref="293142368" role="outer"/>
  <member type="way" ref="293142367" role="outer"/>
  <member type="way" ref="575752558" role="outer"/>
  <member type="way" ref="575752557" role="outer"/>
  <member type="way" ref="10415788" role="outer"/>
  <member type="way" ref="575767130" role="outer"/>
  <member type="way" ref="575767129" role="outer"/>
  <member type="way" ref="575757670" role="outer"/>
  <member type="way" ref="575757669" role="outer"/>
  <member type="way" ref="10415814" role="outer"/>
  <member type="way" ref="10415831" role="outer"/>
  <member type="way" ref="10415822" role="outer"/>
  <member type="way" ref="10415832" role="outer"/>
  <member type="way" ref="447871171" role="outer"/>
  <member type="way" ref="992139787" role="outer"/>
  <member type="way" ref="10415817" role="outer"/>
  <member type="way" ref="583630207" role="outer"/>
  <member type="way" ref="286900387" role="outer"/>
  <member type="way" ref="286900391" role="outer"/>
  <member type="way" ref="286900388" role="outer"/>
  <member type="way" ref="286900712" role="outer"/>
  <member type="way" ref="447041975" role="outer"/>
  <member type="way" ref="10415829" role="outer"/>
  <member type="way" ref="10415859" role="outer"/>
  <member type="way" ref="47653805" role="outer"/>
  <member type="way" ref="45399020" role="outer"/>
  <member type="way" ref="4060585" role="outer"/>
  <member type="way" ref="992037871" role="outer"/>
  <member type="way" ref="992037870" role="outer"/>
  <member type="way" ref="332810256" role="outer"/>
  <member type="way" ref="10415807" role="outer"/>
  <member type="way" ref="443107868" role="outer"/>
  <member type="way" ref="47653694" role="outer"/>
  <member type="way" ref="45399012" role="outer"/>
  <member type="way" ref="10415821" role="outer"/>
  <member type="way" ref="4060588" role="outer"/>
  <member type="way" ref="45399018" role="outer"/>
  <member type="way" ref="10415839" role="outer"/>
  <member type="way" ref="323854177" role="outer"/>
  <member type="way" ref="10415856" role="outer"/>
  <member type="way" ref="10415853" role="outer"/>
  <member type="way" ref="10415848" role="outer"/>
  <member type="way" ref="10415827" role="outer"/>
  <member type="way" ref="565422124" role="outer"/>
  <member type="way" ref="323854176" role="outer"/>
  <member type="way" ref="46503042" role="outer"/>
  <member type="way" ref="46503041" role="outer"/>
  <member type="way" ref="383907915" role="outer"/>
  <member type="way" ref="46503040" role="outer"/>
  <member type="way" ref="289669960" role="outer"/>
  <member type="way" ref="10418960" role="outer"/>
  <member type="way" ref="599121091" role="outer"/>
  <member type="node" ref="2189450439" role="highest_point"/>
  <tag k="alt_name:en" v="Windward Islands"/>
  <tag k="alt_name:ja" v="ウィンドワード諸島"/>
  <tag k="name" v="Southeastern Hawaiʻian Islands"/>
  <tag k="name:be" v="Паўднёва-ўсходнія Гавайскія астравы"/>
  <tag k="name:br" v="Gevred Inizi Hawaii"/>
  <tag k="name:en" v="Southeastern Hawaiian Islands"/>
  <tag k="name:haw" v="mokupuni kauweke o Hawaiʻi"/>
  <tag k="name:ja" v="南東ハワイ諸島"/>
  <tag k="name:ko" v="사우스웨스턴 하와이 제도"/>
  <tag k="name:ru" v="Наветренные Гавайские острова"/>
  <tag k="name:uk" v="Навітряні Гавайські острови"/>
  <tag k="place" v="archipelago"/>
  <tag k="type" v="multipolygon"/>
 </relation>
 <relation id="20726965" visible="true" version="5" changeset="188126766" timestamp="2026-08-28T03:41:05Z" user="wislander" uid="384146">
  <member type="way" ref="45658783" role=""/>
  <member type="way" ref="197780110" role=""/>
  <member type="way" ref="45715352" role=""/>
  <member type="way" ref="45642047" role=""/>
  <member type="way" ref="45622774" role=""/>
  <member type="way" ref="45715311" role=""/>
  <member type="way" ref="84757828" role=""/>
  <member type="way" ref="45653832" role=""/>
  <member type="way" ref="45691388" role=""/>
  <member type="way" ref="197827841" role=""/>
  <member type="way" ref="197827842" role=""/>
  <member type="way" ref="1364900928" role=""/>
  <member type="way" ref="1364904313" role=""/>
  <member type="way" ref="1515585251" role=""/>
  <member type="way" ref="1515585252" role=""/>
  <member type="way" ref="248576799" role=""/>
  <member type="way" ref="248576805" role=""/>
  <member type="way" ref="248576795" role=""/>
  <member type="way" ref="1518761492" role=""/>
  <member type="way" ref="1518761501" role=""/>
  <member type="way" ref="1112525742" role=""/>
  <member type="way" ref="1112525741" role=""/>
  <member type="way" ref="1112525740" role=""/>
  <member type="way" ref="783523295" role=""/>
  <member type="way" ref="783523281" role=""/>
  <member type="way" ref="1112418418" role=""/>
  <member type="way" ref="1518761507" role=""/>
  <member type="way" ref="1518761500" role=""/>
  <member type="way" ref="1112527187" role=""/>
  <member type="way" ref="1520242219" role=""/>
  <member type="way" ref="45622890" role=""/>
  <member type="way" ref="45724034" role=""/>
  <member type="way" ref="45693589" role=""/>
  <member type="way" ref="368376070" role=""/>
  <member type="way" ref="1080613197" role=""/>
  <member type="way" ref="1080613198" role=""/>
  <member type="way" ref="1080613199" role=""/>
  <member type="way" ref="1080613200" role=""/>
  <member type="way" ref="368376069" role=""/>
  <member type="way" ref="368376066" role=""/>
  <member type="way" ref="1520242217" role=""/>
  <member type="way" ref="368376067" role=""/>
  <member type="way" ref="368376064" role=""/>
  <member type="way" ref="368552201" role=""/>
  <member type="way" ref="368552202" role=""/>
  <member type="way" ref="701185944" role=""/>
  <member type="way" ref="368552208" role=""/>
  <member type="way" ref="368552210" role=""/>
  <member type="way" ref="368552211" role=""/>
  <member type="way" ref="369122851" role=""/>
  <member type="way" ref="1180568455" role=""/>
  <member type="way" ref="1203836739" role=""/>
  <member type="way" ref="187857739" role=""/>
  <member type="way" ref="156141295" role=""/>
  <member type="way" ref="1120591151" role=""/>
  <member type="way" ref="192575745" role=""/>
  <member type="way" ref="45658041" role=""/>
  <member type="way" ref="45722734" role=""/>
  <member type="way" ref="532572010" role=""/>
  <member type="way" ref="532572007" role=""/>
  <member type="way" ref="289688678" role=""/>
  <member type="way" ref="1450373690" role=""/>
  <member type="way" ref="482046972" role=""/>
  <member type="way" ref="482046975" role=""/>
  <member type="way" ref="482046976" role=""/>
  <member type="way" ref="81241311" role=""/>
  <member type="way" ref="198492807" role=""/>
  <member type="way" ref="1553099964" role=""/>
  <member type="way" ref="1138258364" role=""/>
  <member type="way" ref="688011146" role=""/>
  <member type="way" ref="1138242354" role=""/>
  <member type="way" ref="688011148" role=""/>
  <member type="way" ref="198492808" role=""/>
  <member type="way" ref="1138258363" role=""/>
  <member type="way" ref="687252040" role=""/>
  <member type="way" ref="687252039" role=""/>
  <member type="way" ref="687275871" role=""/>
  <member type="way" ref="687275870" role=""/>
  <member type="way" ref="438347579" role=""/>
  <member type="way" ref="1318006805" role=""/>
  <member type="way" ref="1318006806" role=""/>
  <member type="way" ref="45640842" role=""/>
  <member type="way" ref="210556628" role=""/>
  <member type="way" ref="439438995" role=""/>
  <member type="way" ref="45720670" role=""/>
  <member type="way" ref="439438996" role=""/>
  <member type="way" ref="439438997" role=""/>
  <member type="way" ref="1184783737" role=""/>
  <member type="way" ref="193201088" role=""/>
  <member type="way" ref="1184783740" role=""/>
  <member type="way" ref="1184783739" role=""/>
  <member type="way" ref="193238694" role=""/>
  <member type="way" ref="271006322" role=""/>
  <member type="way" ref="61691486" role=""/>
  <member type="way" ref="45660432" role=""/>
  <member type="way" ref="45620147" role=""/>
  <member type="way" ref="248576803" role=""/>
  <member type="way" ref="728283705" role=""/>
  <member type="way" ref="482935114" role=""/>
  <tag k="name" v="Ala Kahakai National Historic Trail"/>
  <tag k="network" v="nwn"/>
  <tag k="network:type" v="US:NTS"/>
  <tag k="operator" v="Nā Ala Hele"/>
  <tag k="operator:type" v="government"/>
  <tag k="operator:website" v="https://dlnr.hawaii.gov/recreation/nah/"/>
  <tag k="ref" v="ALKA"/>
  <tag k="route" v="hiking"/>
  <tag k="type" v="route"/>
  <tag k="website" v="https://www.nps.gov/alka/index.htm"/>
  <tag k="wikidata" v="Q14201806"/>
  <tag k="wikipedia" v="en:Ala Kahakai National Historic Trail"/>
 </relation>
</osm>
