<?xml version="1.0" encoding="UTF-8"?>
<osm version="0.6" generator="openstreetmap-cgimap 2.1.0 (2942784 spike-08.openstreetmap.org)" copyright="OpenStreetMap and contributors" attribution="http://www.openstreetmap.org/copyright" license="http://opendatacommons.org/licenses/odbl/1-0/">
 <bounds minlat="19.6500000" minlon="-156.0120000" maxlat="19.6620000" maxlon="-155.9850000"/>
 <node id="88997101" visible="true" version="3" changeset="96832133" timestamp="2021-01-03T01:48:24Z" user="user_8466505" uid="8466505" lat="19.6380662" lon="-155.9988465"/>
 <node id="88997105" visible="true" version="6" changeset="96832133" timestamp="2021-01-03T01:48:24Z" user="user_8466505" uid="8466505" lat="19.6380559" lon="-155.9978620"/>
 <node id="88998777" visible="true" version="7" changeset="158686317" timestamp="2024-11-03T06:35:36Z" user="BubbaJuice" uid="9941767" lat="19.6360455" lon="-155.9914220"/>
 <node id="88998782" visible="true" version="5" changeset="158834732" timestamp="2024-11-06T21:49:58Z" user="BubbaJuice" uid="9941767" lat="19.6388602" lon="-155.9940617"/>
 <node id="88998784" visible="true" version="5" changeset="158686317" timestamp="2024-11-03T06:35:36Z" user="BubbaJuice" uid="9941767" lat="19.6368444" lon="-155.9935862"/>
 <node id="88998786" visible="true" version="6" changeset="158834732" timestamp="2024-11-06T21:49:58Z" user="BubbaJuice" uid="9941767" lat="19.6400177" lon="-155.9964633"/>
 <node id="88998788" visible="true" version="7" changeset="158834732" timestamp="2024-11-06T21:49:58Z" user="BubbaJuice" uid="9941767" lat="19.6400134" lon="-155.9954408"/>
 <node id="88998791" visible="true" version="6" changeset="158834732" timestamp="2024-11-06T21:49:58Z" user="BubbaJuice" uid="9941767" lat="19.6392201" lon="-155.9970589"/>
 <node id="88998829" visible="true" version="6" changeset="158834732" timestamp="2024-11-06T21:49:58Z" user="BubbaJuice" uid="9941767" lat="19.6384442" lon="-155.9967694"/>
 <node id="88998832" visible="true" version="6" changeset="96832133" timestamp="2021-01-03T01:48:24Z" user="user_8466505" uid="8466505" lat="19.6390653" lon="-155.9973525"/>
 <node id="88998834" visible="true" version="5" changeset="158834732" timestamp="2024-11-06T21:49:58Z" user="BubbaJuice" uid="9941767" lat="19.6391900" lon="-155.9971072"/>
 <node id="581630660" visible="true" version="9" changeset="158834732" timestamp="2024-11-06T21:49:58Z" user="BubbaJuice" uid="9941767" lat="19.6495740" lon="-156.0039067">
  <tag k="highway" v="traffic_signals"/>
 </node>
 <node id="581653045" visible="true" version="7" changeset="88588425" timestamp="2020-07-27T23:23:24Z" user="Your Village Maps" uid="227972" lat="19.6512301" lon="-156.0024350">
  <tag k="crossing" v="traffic_signals"/>
  <tag k="highway" v="crossing"/>
 </node>
 <node id="581678506" visible="true" version="6" changeset="70677898" timestamp="2019-05-28T01:00:58Z" user="Tom_Holland" uid="574654" lat="19.6495216" lon="-155.9886718">
  <tag k="highway" v="traffic_signals"/>
 </node>
 <node id="581719866" visible="true" version="8" changeset="158834732" timestamp="2024-11-06T21:49:58Z" user="BubbaJuice" uid="9941767" lat="19.6495116" lon="-156.0038363">
  <tag k="highway" v="traffic_signals"/>
 </node>
 <node id="581729001" visible="true" version="3" changeset="70848690" timestamp="2019-06-02T05:47:28Z" user="Tom_Holland" uid="574654" lat="19.6531514" lon="-156.0208905"/>
 <node id="581735850" visible="true" version="3" changeset="41729099" timestamp="2016-08-27T07:01:46Z" user="Tom_Holland" uid="574654" lat="19.6517283" lon="-155.9971323"/>
 <node id="581748872" visible="true" version="2" changeset="14446576" timestamp="2012-12-29T02:51:14Z" user="Tom_Holland" uid="574654" lat="19.6519185" lon="-155.9973114"/>
 <node id="581748881" visible="true" version="3" changeset="41729099" timestamp="2016-08-27T07:01:46Z" user="Tom_Holland" uid="574654" lat="19.6523798" lon="-155.9978406"/>
 <node id="581757946" visible="true" version="4" changeset="70677898" timestamp="2019-05-28T01:00:58Z" user="Tom_Holland" uid="574654" lat="19.6696098" lon="-155.9800404"/>
 <node id="581780336" visible="true" version="3" changeset="88595740" timestamp="2020-07-28T05:20:33Z" user="Your Village Maps" uid="227972" lat="19.6635978" lon="-156.0094099"/>
 <node id="581822635" visible="true" version="2" changeset="14055631" timestamp="2012-11-27T08:05:35Z" user="Tom_Holland" uid="574654" lat="19.6616932" lon="-156.0155277"/>
 <node id="581837924" visible="true" version="2" changeset="70846483" timestamp="2019-06-02T01:20:17Z" user="Tom_Holland" uid="574654" lat="19.6512822" lon="-156.0089949"/>
 <node id="581838555" visible="true" version="2" changeset="14056642" timestamp="2012-11-27T09:51:41Z" user="Tom_Holland" uid="574654" lat="19.6475300" lon="-155.9958951"/>
 <node id="581838574" visible="true" version="2" changeset="14429704" timestamp="2012-12-27T19:10:05Z" user="Tom_Holland" uid="574654" lat="19.6533113" lon="-156.0002481"/>
 <node id="581838575" visible="true" version="1" changeset="3293995" timestamp="2009-12-05T10:40:16Z" user="docoga" uid="161269" lat="19.6534100" lon="-156.0001500"/>
 <node id="581838580" visible="true" version="3" changeset="41729099" timestamp="2016-08-27T07:01:46Z" user="Tom_Holland" uid="574654" lat="19.6521112" lon="-155.9989352"/>
 <node id="581840155" visible="true" version="4" changeset="70677898" timestamp="2019-05-28T01:00:58Z" user="Tom_Holland" uid="574654" lat="19.6660182" lon="-155.9811777"/>
 <node id="581840559" visible="true" version="2" changeset="14056642" timestamp="2012-11-27T09:51:41Z" user="Tom_Holland" uid="574654" lat="19.6491589" lon="-155.9991144"/>
 <node id="582096403" visible="true" version="2" changeset="88595740" timestamp="2020-07-28T04:58:18Z" user="Your Village Maps" uid="227972" lat="19.6614173" lon="-156.0088619"/>
 <node id="582098631" visible="true" version="1" changeset="3297996" timestamp="2009-12-05T20:32:52Z" user="docoga" uid="161269" lat="19.6559800" lon="-156.0054870"/>
 <node id="582100012" visible="true" version="5" changeset="183293081" timestamp="2026-05-28T09:00:10Z" user="tkotnala_lyft" uid="21672285" lat="19.6710188" lon="-155.9796276"/>
 <node id="582116381" visible="true" version="5" changeset="70677898" timestamp="2019-05-28T01:00:59Z" user="Tom_Holland" uid="574654" lat="19.6623558" lon="-155.9814996"/>
 <node id="582152635" visible="true" version="1" changeset="3298501" timestamp="2009-12-05T21:40:01Z" user="docoga" uid="161269" lat="19.6604970" lon="-156.0077490"/>
 <node id="582168505" visible="true" version="6" changeset="88588425" timestamp="2020-07-27T23:33:07Z" user="Your Village Maps" uid="227972" lat="19.6524937" lon="-156.0010485"/>
 <node id="582168550" visible="true" version="5" changeset="88588425" timestamp="2020-07-27T23:33:07Z" user="Your Village Maps" uid="227972" lat="19.6515968" lon="-156.0020704"/>
 <node id="582170052" visible="true" version="3" changeset="88595740" timestamp="2020-07-28T05:20:33Z" user="Your Village Maps" uid="227972" lat="19.6630428" lon="-156.0092165"/>
 <node id="582170054" visible="true" version="3" changeset="88595740" timestamp="2020-07-28T05:20:33Z" user="Your Village Maps" uid="227972" lat="19.6628387" lon="-156.0091102"/>
 <node id="582170055" visible="true" version="1" changeset="3298501" timestamp="2009-12-05T21:57:29Z" user="docoga" uid="161269" lat="19.6609810" lon="-156.0079970"/>
 <node id="582170058" visible="true" version="2" changeset="14055631" timestamp="2012-11-27T08:05:35Z" user="Tom_Holland" uid="574654" lat="19.6604668" lon="-156.0142831"/>
 <node id="582170060" visible="true" version="2" changeset="14055631" timestamp="2012-11-27T08:05:35Z" user="Tom_Holland" uid="574654" lat="19.6603024" lon="-156.0151119"/>
 <node id="582239448" visible="true" version="2" changeset="14446576" timestamp="2012-12-29T02:51:14Z" user="Tom_Holland" uid="574654" lat="19.6511326" lon="-155.9977189"/>
 <node id="582239449" visible="true" version="2" changeset="14446576" timestamp="2012-12-29T02:51:14Z" user="Tom_Holland" uid="574654" lat="19.6510820" lon="-155.9977671"/>
 <node id="582239451" visible="true" version="3" changeset="41729099" timestamp="2016-08-27T07:01:46Z" user="Tom_Holland" uid="574654" lat="19.6512051" lon="-155.9979055"/>
 <node id="582239493" visible="true" version="3" changeset="41729099" timestamp="2016-08-27T07:01:46Z" user="Tom_Holland" uid="574654" lat="19.6512562" lon="-155.9975952"/>
 <node id="582239500" visible="true" version="3" changeset="41729099" timestamp="2016-08-27T07:01:46Z" user="Tom_Holland" uid="574654" lat="19.6512006" lon="-155.9976509"/>
 <node id="582239907" visible="true" version="4" changeset="70678384" timestamp="2019-05-28T01:36:34Z" user="Tom_Holland" uid="574654" lat="19.6694254" lon="-156.0011816"/>
 <node id="582318916" visible="true" version="3" changeset="88595740" timestamp="2020-07-28T04:58:18Z" user="Your Village Maps" uid="227972" lat="19.6622170" lon="-156.0102966"/>
 <node id="582318937" visible="true" version="3" changeset="88595740" timestamp="2020-07-28T05:02:14Z" user="Your Village Maps" uid="227972" lat="19.6612346" lon="-156.0119664"/>
 <node id="582321537" visible="true" version="2" changeset="14446576" timestamp="2012-12-29T02:51:14Z" user="Tom_Holland" uid="574654" lat="19.6509296" lon="-155.9965643"/>
 <node id="582321539" visible="true" version="2" changeset="14446576" timestamp="2012-12-29T02:51:14Z" user="Tom_Holland" uid="574654" lat="19.6511096" lon="-155.9965943"/>
 <node id="582321541" visible="true" version="2" changeset="14446576" timestamp="2012-12-29T02:51:14Z" user="Tom_Holland" uid="574654" lat="19.6514101" lon="-155.9968629"/>
 <node id="582321557" visible="true" version="2" changeset="14446576" timestamp="2012-12-29T02:51:14Z" user="Tom_Holland" uid="574654" lat="19.6510096" lon="-155.9965443"/>
 <node id="582321559" visible="true" version="2" changeset="14446576" timestamp="2012-12-29T02:51:14Z" user="Tom_Holland" uid="574654" lat="19.6510696" lon="-155.9965643"/>
 <node id="582321562" visible="true" version="2" changeset="14446576" timestamp="2012-12-29T02:51:14Z" user="Tom_Holland" uid="574654" lat="19.6504429" lon="-155.9968700"/>
 <node id="582388847" visible="true" version="3" changeset="88595740" timestamp="2020-07-28T04:58:18Z" user="Your Village Maps" uid="227972" lat="19.6591989" lon="-156.0078010"/>
 <node id="582404443" visible="true" version="2" changeset="88595740" timestamp="2020-07-28T05:20:33Z" user="Your Village Maps" uid="227972" lat="19.6643609" lon="-156.0098943"/>
 <node id="582404455" visible="true" version="1" changeset="3300515" timestamp="2009-12-06T05:17:27Z" user="docoga" uid="161269" lat="19.6568830" lon="-156.0059390"/>
 <node id="582404461" visible="true" version="2" changeset="88595740" timestamp="2020-07-28T05:20:33Z" user="Your Village Maps" uid="227972" lat="19.6648404" lon="-156.0101997"/>
 <node id="582404464" visible="true" version="1" changeset="3300515" timestamp="2009-12-06T05:17:28Z" user="docoga" uid="161269" lat="19.6595930" lon="-156.0072960"/>
 <node id="582404827" visible="true" version="1" changeset="3300515" timestamp="2009-12-06T05:17:45Z" user="docoga" uid="161269" lat="19.6698830" lon="-156.0136580"/>
 <node id="582434514" visible="true" version="7" changeset="181869021" timestamp="2026-04-27T01:06:37Z" user="BholeKiBhasam" uid="2063042" lat="19.6731429" lon="-155.9797800"/>
 <node id="1034593694" visible="true" version="5" changeset="158834732" timestamp="2024-11-06T21:49:58Z" user="BubbaJuice" uid="9941767" lat="19.6389605" lon="-155.9965161"/>
 <node id="1034593696" visible="true" version="5" changeset="96832133" timestamp="2021-01-03T01:48:24Z" user="user_8466505" uid="8466505" lat="19.6398723" lon="-155.9969137"/>
 <node id="1034593703" visible="true" version="3" changeset="96832133" timestamp="2021-01-03T01:48:24Z" user="user_8466505" uid="8466505" lat="19.6361419" lon="-155.9924591"/>
 <node id="1034593711" visible="true" version="8" changeset="158686317" timestamp="2024-11-03T06:35:36Z" user="BubbaJuice" uid="9941767" lat="19.6421892" lon="-155.9939687"/>
 <node id="1034593722" visible="true" version="6" changeset="158834732" timestamp="2024-11-06T21:49:58Z" user="BubbaJuice" uid="9941767" lat="19.6385581" lon="-155.9969454"/>
 <node id="1034593827" visible="true" version="6" changeset="158834732" timestamp="2024-11-06T21:49:58Z" user="BubbaJuice" uid="9941767" lat="19.6389481" lon="-155.9972699"/>
 <node id="1447825858" visible="true" version="5" changeset="158686317" timestamp="2024-11-03T06:35:38Z" user="BubbaJuice" uid="9941767" lat="19.6371482" lon="-155.9937768"/>
 <node id="1447825859" visible="true" version="4" changeset="158686317" timestamp="2024-11-03T06:35:38Z" user="BubbaJuice" uid="9941767" lat="19.6372045" lon="-155.9936712"/>
 <node id="1447825860" visible="true" version="4" changeset="158834732" timestamp="2024-11-06T21:49:58Z" user="BubbaJuice" uid="9941767" lat="19.6382110" lon="-155.9940898"/>
 <node id="1447825861" visible="true" version="4" changeset="158834732" timestamp="2024-11-06T21:49:58Z" user="BubbaJuice" uid="9941767" lat="19.6383625" lon="-155.9940040"/>
 <node id="1447825864" visible="true" version="4" changeset="158834732" timestamp="2024-11-06T21:49:58Z" user="BubbaJuice" uid="9941767" lat="19.6384661" lon="-155.9940510"/>
 <node id="1447825866" visible="true" version="6" changeset="158834732" timestamp="2024-11-06T21:49:58Z" user="BubbaJuice" uid="9941767" lat="19.6388198" lon="-155.9974574"/>
 <node id="1447825867" visible="true" version="5" changeset="158834732" timestamp="2024-11-06T21:49:58Z" user="BubbaJuice" uid="9941767" lat="19.6389966" lon="-155.9967846"/>
 <node id="1447825869" visible="true" version="5" changeset="96832133" timestamp="2021-01-03T01:48:24Z" user="user_8466505" uid="8466505" lat="19.6389378" lon="-155.9975289"/>
 <node id="1447825870" visible="true" version="4" changeset="158834732" timestamp="2024-11-06T21:49:58Z" user="BubbaJuice" uid="9941767" lat="19.6393452" lon="-155.9946880"/>
 <node id="1447825871" visible="true" version="4" changeset="96832133" timestamp="2021-01-03T01:48:24Z" user="user_8466505" uid="8466505" lat="19.6396404" lon="-155.9950131"/>
 <node id="1447825872" visible="true" version="5" changeset="96832133" timestamp="2021-01-03T01:48:24Z" user="user_8466505" uid="8466505" lat="19.6397739" lon="-155.9948841"/>
 <node id="1447825875" visible="true" version="4" changeset="96832133" timestamp="2021-01-03T01:48:24Z" user="user_8466505" uid="8466505" lat="19.6399392" lon="-155.9968050"/>
 <node id="1447825876" visible="true" version="5" changeset="158834732" timestamp="2024-11-06T21:49:58Z" user="BubbaJuice" uid="9941767" lat="19.6400173" lon="-155.9961442"/>
 <node id="1447825877" visible="true" version="4" changeset="158834732" timestamp="2024-11-06T21:49:58Z" user="BubbaJuice" uid="9941767" lat="19.6400073" lon="-155.9962642"/>
 <node id="2035965900" visible="true" version="1" changeset="14055631" timestamp="2012-11-27T08:05:33Z" user="Tom_Holland" uid="574654" lat="19.6603027" lon="-156.0151804"/>
 <node id="2035965901" visible="true" version="1" changeset="14055631" timestamp="2012-11-27T08:05:33Z" user="Tom_Holland" uid="574654" lat="19.6603428" lon="-156.0152144"/>
 <node id="2035965905" visible="true" version="1" changeset="14055631" timestamp="2012-11-27T08:05:33Z" user="Tom_Holland" uid="574654" lat="19.6606808" lon="-156.0133422"/>
 <node id="2035965908" visible="true" version="2" changeset="88595740" timestamp="2020-07-28T05:02:14Z" user="Your Village Maps" uid="227972" lat="19.6608663" lon="-156.0127267"/>
 <node id="2035965930" visible="true" version="3" changeset="88595740" timestamp="2020-07-28T05:20:33Z" user="Your Village Maps" uid="227972" lat="19.6628892" lon="-156.0091511">
  <tag k="crossing" v="unmarked"/>
  <tag k="highway" v="crossing"/>
 </node>
 <node id="2035965935" visible="true" version="2" changeset="88595740" timestamp="2020-07-28T05:20:33Z" user="Your Village Maps" uid="227972" lat="19.6633517" lon="-156.0092561"/>
 <node id="2035965936" visible="true" version="2" changeset="88595740" timestamp="2020-07-28T05:20:33Z" user="Your Village Maps" uid="227972" lat="19.6634721" lon="-156.0093096"/>
 <node id="2036050684" visible="true" version="5" changeset="158686317" timestamp="2024-11-03T06:35:38Z" user="BubbaJuice" uid="9941767" lat="19.6360375" lon="-155.9915063"/>
 <node id="2036050685" visible="true" version="3" changeset="96832133" timestamp="2021-01-03T01:48:24Z" user="user_8466505" uid="8466505" lat="19.6360750" lon="-155.9916164"/>
 <node id="2036050686" visible="true" version="2" changeset="96832133" timestamp="2021-01-03T01:48:24Z" user="user_8466505" uid="8466505" lat="19.6360753" lon="-155.9922891"/>
 <node id="2036050687" visible="true" version="3" changeset="96832133" timestamp="2021-01-03T01:48:24Z" user="user_8466505" uid="8466505" lat="19.6360864" lon="-155.9917706"/>
 <node id="2036050688" visible="true" version="2" changeset="96832133" timestamp="2021-01-03T01:48:24Z" user="user_8466505" uid="8466505" lat="19.6361467" lon="-155.9918942"/>
 <node id="2036050689" visible="true" version="2" changeset="96832133" timestamp="2021-01-03T01:48:24Z" user="user_8466505" uid="8466505" lat="19.6361791" lon="-155.9920113"/>
 <node id="2036050690" visible="true" version="2" changeset="96832133" timestamp="2021-01-03T01:48:24Z" user="user_8466505" uid="8466505" lat="19.6364148" lon="-155.9928838"/>
 <node id="2036050691" visible="true" version="2" changeset="96832133" timestamp="2021-01-03T01:48:24Z" user="user_8466505" uid="8466505" lat="19.6366635" lon="-155.9931570"/>
 <node id="2036050692" visible="true" version="3" changeset="158686317" timestamp="2024-11-03T06:35:38Z" user="BubbaJuice" uid="9941767" lat="19.6369547" lon="-155.9933692"/>
 <node id="2036050696" visible="true" version="2" changeset="96832133" timestamp="2021-01-03T01:48:24Z" user="user_8466505" uid="8466505" lat="19.6380478" lon="-155.9991958"/>
 <node id="2036050697" visible="true" version="2" changeset="96832133" timestamp="2021-01-03T01:48:24Z" user="user_8466505" uid="8466505" lat="19.6380539" lon="-155.9986438"/>
 <node id="2036050699" visible="true" version="2" changeset="96832133" timestamp="2021-01-03T01:48:24Z" user="user_8466505" uid="8466505" lat="19.6381121" lon="-155.9985009"/>
 <node id="2036050700" visible="true" version="4" changeset="96832133" timestamp="2021-01-03T01:48:24Z" user="user_8466505" uid="8466505" lat="19.6381861" lon="-155.9978183"/>
 <node id="2036050702" visible="true" version="2" changeset="96832133" timestamp="2021-01-03T01:48:24Z" user="user_8466505" uid="8466505" lat="19.6381656" lon="-155.9984181"/>
 <node id="2036050704" visible="true" version="2" changeset="96832133" timestamp="2021-01-03T01:48:24Z" user="user_8466505" uid="8466505" lat="19.6382023" lon="-155.9980723"/>
 <node id="2036050705" visible="true" version="2" changeset="96832133" timestamp="2021-01-03T01:48:24Z" user="user_8466505" uid="8466505" lat="19.6382191" lon="-155.9983694"/>
 <node id="2036050707" visible="true" version="3" changeset="158834732" timestamp="2024-11-06T21:49:58Z" user="BubbaJuice" uid="9941767" lat="19.6382432" lon="-155.9981591"/>
 <node id="2036050708" visible="true" version="2" changeset="96832133" timestamp="2021-01-03T01:48:24Z" user="user_8466505" uid="8466505" lat="19.6382558" lon="-155.9982947"/>
 <node id="2036050711" visible="true" version="5" changeset="158834732" timestamp="2024-11-06T21:49:58Z" user="BubbaJuice" uid="9941767" lat="19.6384232" lon="-155.9978127"/>
 <node id="2036050713" visible="true" version="4" changeset="158834732" timestamp="2024-11-06T21:49:58Z" user="BubbaJuice" uid="9941767" lat="19.6384599" lon="-155.9967177"/>
 <node id="2036050714" visible="true" version="4" changeset="158834732" timestamp="2024-11-06T21:49:58Z" user="BubbaJuice" uid="9941767" lat="19.6385129" lon="-155.9969358"/>
 <node id="2036050735" visible="true" version="4" changeset="96832133" timestamp="2021-01-03T01:48:24Z" user="user_8466505" uid="8466505" lat="19.6390157" lon="-155.9976045"/>
 <node id="2036050736" visible="true" version="4" changeset="96832133" timestamp="2021-01-03T01:48:24Z" user="user_8466505" uid="8466505" lat="19.6390744" lon="-155.9976299"/>
 <node id="2036050739" visible="true" version="5" changeset="158834732" timestamp="2024-11-06T21:49:58Z" user="BubbaJuice" uid="9941767" lat="19.6395630" lon="-155.9967342"/>
 <node id="2036050901" visible="true" version="4" changeset="158834732" timestamp="2024-11-06T21:49:58Z" user="BubbaJuice" uid="9941767" lat="19.6479113" lon="-156.0058339"/>
 <node id="2036050928" visible="true" version="3" changeset="158834732" timestamp="2024-11-06T21:49:58Z" user="BubbaJuice" uid="9941767" lat="19.6515993" lon="-156.0074673"/>
 <node id="2036050932" visible="true" version="4" changeset="88595740" timestamp="2020-07-28T04:58:18Z" user="Your Village Maps" uid="227972" lat="19.6529803" lon="-156.0047258"/>
 <node id="2036077009" visible="true" version="2" changeset="96832133" timestamp="2021-01-03T01:48:24Z" user="user_8466505" uid="8466505" lat="19.6366885" lon="-155.9918672"/>
 <node id="2036077012" visible="true" version="4" changeset="158834732" timestamp="2024-11-06T21:49:58Z" user="BubbaJuice" uid="9941767" lat="19.6390711" lon="-155.9944667"/>
 <node id="2036077013" visible="true" version="4" changeset="158834732" timestamp="2024-11-06T21:49:58Z" user="BubbaJuice" uid="9941767" lat="19.6400488" lon="-155.9957387"/>
 <node id="2036077014" visible="true" version="5" changeset="158834732" timestamp="2024-11-06T21:49:58Z" user="BubbaJuice" uid="9941767" lat="19.6400361" lon="-155.9966777"/>
 <node id="2036077015" visible="true" version="4" changeset="158834732" timestamp="2024-11-06T21:49:58Z" user="BubbaJuice" uid="9941767" lat="19.6400446" lon="-155.9960290"/>
 <node id="2084144583" visible="true" version="5" changeset="96285517" timestamp="2020-12-23T00:18:52Z" user="user_8466505" uid="8466505" lat="19.6488439" lon="-156.0052000"/>
 <node id="2084144585" visible="true" version="5" changeset="96285517" timestamp="2020-12-23T00:18:52Z" user="user_8466505" uid="8466505" lat="19.6489001" lon="-156.0053629"/>
 <node id="2084144593" visible="true" version="5" changeset="96285517" timestamp="2020-12-23T00:18:52Z" user="user_8466505" uid="8466505" lat="19.6490092" lon="-156.0051457"/>
 <node id="2084144594" visible="true" version="5" changeset="96285517" timestamp="2020-12-23T00:18:52Z" user="user_8466505" uid="8466505" lat="19.6490177" lon="-156.0051693"/>
 <node id="2084144601" visible="true" version="5" changeset="96285517" timestamp="2020-12-23T00:18:52Z" user="user_8466505" uid="8466505" lat="19.6491489" lon="-156.0051186"/>
 <node id="2084144602" visible="true" version="5" changeset="96285517" timestamp="2020-12-23T00:18:52Z" user="user_8466505" uid="8466505" lat="19.6491660" lon="-156.0051313"/>
 <node id="2084144607" visible="true" version="5" changeset="96285517" timestamp="2020-12-23T00:18:52Z" user="user_8466505" uid="8466505" lat="19.6493227" lon="-156.0050471"/>
 <node id="2084144608" visible="true" version="5" changeset="96285517" timestamp="2020-12-23T00:18:52Z" user="user_8466505" uid="8466505" lat="19.6493278" lon="-156.0050688"/>
 <node id="2084144609" visible="true" version="5" changeset="96285517" timestamp="2020-12-23T00:18:52Z" user="user_8466505" uid="8466505" lat="19.6493687" lon="-156.0050336"/>
 <node id="2084144610" visible="true" version="8" changeset="112673623" timestamp="2021-10-18T23:44:52Z" user="user_8466505" uid="8466505" lat="19.6494226" lon="-156.0050052">
  <tag k="access" v="yes"/>
  <tag k="door" v="double"/>
  <tag k="entrance" v="yes"/>
  <tag k="wheelchair" v="limited"/>
 </node>
 <node id="2084144611" visible="true" version="5" changeset="96285517" timestamp="2020-12-23T00:18:52Z" user="user_8466505" uid="8466505" lat="19.6494301" lon="-156.0051801"/>
 <node id="2084144612" visible="true" version="5" changeset="96285517" timestamp="2020-12-23T00:18:52Z" user="user_8466505" uid="8466505" lat="19.6494761" lon="-156.0049494"/>
 <node id="2084144613" visible="true" version="5" changeset="96285517" timestamp="2020-12-23T00:18:52Z" user="user_8466505" uid="8466505" lat="19.6495110" lon="-156.0049024"/>
 <node id="2084144614" visible="true" version="5" changeset="96285517" timestamp="2020-12-23T00:18:52Z" user="user_8466505" uid="8466505" lat="19.6495229" lon="-156.0049142"/>
 <node id="2084144615" visible="true" version="5" changeset="96285517" timestamp="2020-12-23T00:18:52Z" user="user_8466505" uid="8466505" lat="19.6495987" lon="-156.0050173"/>
 <node id="2084144616" visible="true" version="5" changeset="96285517" timestamp="2020-12-23T00:18:52Z" user="user_8466505" uid="8466505" lat="19.6496107" lon="-156.0050263"/>
 <node id="2084144617" visible="true" version="5" changeset="96285517" timestamp="2020-12-23T00:18:52Z" user="user_8466505" uid="8466505" lat="19.6497444" lon="-156.0046672"/>
 <node id="2084144618" visible="true" version="5" changeset="96285517" timestamp="2020-12-23T00:18:52Z" user="user_8466505" uid="8466505" lat="19.6497589" lon="-156.0046817"/>
 <node id="2084144619" visible="true" version="5" changeset="96285517" timestamp="2020-12-23T00:18:52Z" user="user_8466505" uid="8466505" lat="19.6498168" lon="-156.0048291"/>
 <node id="2084144620" visible="true" version="5" changeset="96285517" timestamp="2020-12-23T00:18:52Z" user="user_8466505" uid="8466505" lat="19.6498271" lon="-156.0048400"/>
 <node id="2084144621" visible="true" version="5" changeset="96285517" timestamp="2020-12-23T00:18:52Z" user="user_8466505" uid="8466505" lat="19.6498390" lon="-156.0044709"/>
 <node id="2084144622" visible="true" version="5" changeset="96285517" timestamp="2020-12-23T00:18:52Z" user="user_8466505" uid="8466505" lat="19.6498765" lon="-156.0045324"/>
 <node id="2084144623" visible="true" version="5" changeset="96285517" timestamp="2020-12-23T00:18:52Z" user="user_8466505" uid="8466505" lat="19.6499089" lon="-156.0047622"/>
 <node id="2084144624" visible="true" version="5" changeset="96285517" timestamp="2020-12-23T00:18:52Z" user="user_8466505" uid="8466505" lat="19.6499310" lon="-156.0047875"/>
 <node id="2084144625" visible="true" version="5" changeset="96285517" timestamp="2020-12-23T00:18:52Z" user="user_8466505" uid="8466505" lat="19.6499498" lon="-156.0043008"/>
 <node id="2084144626" visible="true" version="5" changeset="96285517" timestamp="2020-12-23T00:18:52Z" user="user_8466505" uid="8466505" lat="19.6499549" lon="-156.0043587"/>
 <node id="2084144627" visible="true" version="5" changeset="96285517" timestamp="2020-12-23T00:18:52Z" user="user_8466505" uid="8466505" lat="19.6500264" lon="-156.0046916"/>
 <node id="2084144628" visible="true" version="5" changeset="96285517" timestamp="2020-12-23T00:18:52Z" user="user_8466505" uid="8466505" lat="19.6500605" lon="-156.0047260"/>
 <node id="2084144629" visible="true" version="5" changeset="96285517" timestamp="2020-12-23T00:18:52Z" user="user_8466505" uid="8466505" lat="19.6500707" lon="-156.0041814"/>
 <node id="2084144630" visible="true" version="5" changeset="96285517" timestamp="2020-12-23T00:18:52Z" user="user_8466505" uid="8466505" lat="19.6501253" lon="-156.0041850"/>
 <node id="2084144631" visible="true" version="5" changeset="96285517" timestamp="2020-12-23T00:18:52Z" user="user_8466505" uid="8466505" lat="19.6502411" lon="-156.0040692"/>
 <node id="2084144632" visible="true" version="5" changeset="96285517" timestamp="2020-12-23T00:18:52Z" user="user_8466505" uid="8466505" lat="19.6503553" lon="-156.0044401"/>
 <node id="2084144633" visible="true" version="5" changeset="96285517" timestamp="2020-12-23T00:18:52Z" user="user_8466505" uid="8466505" lat="19.6503877" lon="-156.0044709"/>
 <node id="2084144634" visible="true" version="5" changeset="96285517" timestamp="2020-12-23T00:18:52Z" user="user_8466505" uid="8466505" lat="19.6504081" lon="-156.0039245"/>
 <node id="2084144635" visible="true" version="5" changeset="96285517" timestamp="2020-12-23T00:18:52Z" user="user_8466505" uid="8466505" lat="19.6504490" lon="-156.0039860"/>
 <node id="2084144636" visible="true" version="5" changeset="96285517" timestamp="2020-12-23T00:18:52Z" user="user_8466505" uid="8466505" lat="19.6506315" lon="-156.0042351"/>
 <node id="2084144637" visible="true" version="5" changeset="96285517" timestamp="2020-12-23T00:18:52Z" user="user_8466505" uid="8466505" lat="19.6506744" lon="-156.0042842"/>
 <node id="2084144638" visible="true" version="5" changeset="96285517" timestamp="2020-12-23T00:18:52Z" user="user_8466505" uid="8466505" lat="19.6509982" lon="-156.0039794"/>
 <node id="2084144640" visible="true" version="5" changeset="96285517" timestamp="2020-12-23T00:18:52Z" user="user_8466505" uid="8466505" lat="19.6512069" lon="-156.0037476"/>
 <node id="2084144641" visible="true" version="6" changeset="96285517" timestamp="2020-12-23T00:18:52Z" user="user_8466505" uid="8466505" lat="19.6512558" lon="-156.0038020"/>
 <node id="2084144642" visible="true" version="6" changeset="96285517" timestamp="2020-12-23T00:18:52Z" user="user_8466505" uid="8466505" lat="19.6513081" lon="-156.0037572"/>
 <node id="2084148716" visible="true" version="6" changeset="148586685" timestamp="2024-03-13T10:36:06Z" user="CjMalone" uid="6816132" lat="19.6501519" lon="-156.0044522">
  <tag k="brand" v="OfficeMax"/>
  <tag k="brand:wikidata" v="Q7079111"/>
  <tag k="check_date" v="2023-05-01"/>
  <tag k="name" v="OfficeMax"/>
  <tag k="safety:mask:covid19" v="yes"/>
  <tag k="shop" v="stationery"/>
  <tag k="website" v="https://www.officedepot.com/storelocator/hi/kailua-kona/officemax-6780"/>
 </node>
 <node id="2084967052" visible="true" version="3" changeset="158834732" timestamp="2024-11-06T21:49:58Z" user="BubbaJuice" uid="9941767" lat="19.6498954" lon="-156.0042930"/>
 <node id="2084967053" visible="true" version="5" changeset="124321424" timestamp="2022-08-01T00:07:27Z" user="wmss" uid="16696805" lat="19.6508469" lon="-156.0026340">
  <tag k="highway" v="traffic_signals"/>
  <tag k="traffic_signals:direction" v="forward"/>
 </node>
 <node id="2084967055" visible="true" version="3" changeset="88588425" timestamp="2020-07-27T23:23:24Z" user="Your Village Maps" uid="227972" lat="19.6511453" lon="-156.0023314">
  <tag k="crossing" v="traffic_signals"/>
  <tag k="highway" v="crossing"/>
 </node>
 <node id="2084967056" visible="true" version="3" changeset="88588425" timestamp="2020-07-27T23:23:24Z" user="Your Village Maps" uid="227972" lat="19.6513247" lon="-156.0021439"/>
 <node id="2084967057" visible="true" version="4" changeset="88588425" timestamp="2020-07-27T23:33:07Z" user="Your Village Maps" uid="227972" lat="19.6515435" lon="-156.0019343"/>
 <node id="2084967061" visible="true" version="4" changeset="88588425" timestamp="2020-07-27T23:33:07Z" user="Your Village Maps" uid="227972" lat="19.6523604" lon="-156.0011370"/>
 <node id="2084967062" visible="true" version="5" changeset="88588425" timestamp="2020-07-27T23:33:07Z" user="Your Village Maps" uid="227972" lat="19.6521122" lon="-156.0015066"/>
 <node id="2084989445" visible="true" version="3" changeset="88588425" timestamp="2020-07-27T23:23:24Z" user="Your Village Maps" uid="227972" lat="19.6497498" lon="-156.0002418"/>
 <node id="2084989447" visible="true" version="2" changeset="88588425" timestamp="2020-07-27T23:23:24Z" user="Your Village Maps" uid="227972" lat="19.6499190" lon="-156.0005713"/>
 <node id="2084989448" visible="true" version="1" changeset="14430071" timestamp="2012-12-27T19:41:38Z" user="Tom_Holland" uid="574654" lat="19.6500062" lon="-156.0011444"/>
 <node id="2084989449" visible="true" version="2" changeset="88588425" timestamp="2020-07-27T23:23:24Z" user="Your Village Maps" uid="227972" lat="19.6500380" lon="-156.0007864"/>
 <node id="2084989451" visible="true" version="2" changeset="88588425" timestamp="2020-07-27T23:23:24Z" user="Your Village Maps" uid="227972" lat="19.6501596" lon="-156.0010014"/>
 <node id="2084989453" visible="true" version="1" changeset="14430071" timestamp="2012-12-27T19:41:38Z" user="Tom_Holland" uid="574654" lat="19.6502257" lon="-156.0015202"/>
 <node id="2084989456" visible="true" version="2" changeset="20407296" timestamp="2014-02-06T08:01:25Z" user="bdiscoe" uid="402624" lat="19.6503376" lon="-156.0016997"/>
 <node id="2084989459" visible="true" version="3" changeset="88588425" timestamp="2020-07-27T23:33:07Z" user="Your Village Maps" uid="227972" lat="19.6503080" lon="-156.0012585"/>
 <node id="2084989461" visible="true" version="2" changeset="88588425" timestamp="2020-07-27T23:23:24Z" user="Your Village Maps" uid="227972" lat="19.6504976" lon="-156.0015616"/>
 <node id="2084989463" visible="true" version="2" changeset="88588425" timestamp="2020-07-27T23:23:24Z" user="Your Village Maps" uid="227972" lat="19.6505950" lon="-156.0020807"/>
 <node id="2084989464" visible="true" version="5" changeset="88588425" timestamp="2020-07-27T23:33:07Z" user="Your Village Maps" uid="227972" lat="19.6501553" lon="-156.0032658"/>
 <node id="2084989466" visible="true" version="2" changeset="20407296" timestamp="2014-02-06T08:01:25Z" user="bdiscoe" uid="402624" lat="19.6507211" lon="-156.0027551"/>
 <node id="2084989469" visible="true" version="3" changeset="34656831" timestamp="2015-10-15T15:11:47Z" user="steverumizen" uid="2655992" lat="19.6507186" lon="-156.0029013"/>
 <node id="2084989470" visible="true" version="3" changeset="88588425" timestamp="2020-07-27T23:23:24Z" user="Your Village Maps" uid="227972" lat="19.6507642" lon="-156.0024470"/>
 <node id="2084989471" visible="true" version="3" changeset="88588425" timestamp="2020-07-27T23:23:24Z" user="Your Village Maps" uid="227972" lat="19.6507618" lon="-156.0026500"/>
 <node id="2084989472" visible="true" version="3" changeset="88588425" timestamp="2020-07-27T23:23:24Z" user="Your Village Maps" uid="227972" lat="19.6507636" lon="-156.0019584"/>
 <node id="2084989473" visible="true" version="3" changeset="88588425" timestamp="2020-07-27T23:23:24Z" user="Your Village Maps" uid="227972" lat="19.6507737" lon="-156.0025152">
  <tag k="crossing" v="uncontrolled"/>
  <tag k="highway" v="crossing"/>
 </node>
 <node id="2084989474" visible="true" version="2" changeset="20407296" timestamp="2014-02-06T08:01:25Z" user="bdiscoe" uid="402624" lat="19.6507708" lon="-156.0026044"/>
 <node id="2084989475" visible="true" version="3" changeset="88588425" timestamp="2020-07-27T23:23:24Z" user="Your Village Maps" uid="227972" lat="19.6507765" lon="-156.0025624"/>
 <node id="2084989479" visible="true" version="5" changeset="96832133" timestamp="2021-01-03T01:48:24Z" user="user_8466505" uid="8466505" lat="19.6508253" lon="-156.0028078"/>
 <node id="2084989481" visible="true" version="4" changeset="88588425" timestamp="2020-07-27T23:23:24Z" user="Your Village Maps" uid="227972" lat="19.6509235" lon="-156.0025482"/>
 <node id="2084989482" visible="true" version="4" changeset="96287203" timestamp="2020-12-23T01:53:46Z" user="user_8466505" uid="8466505" lat="19.6509062" lon="-156.0027972"/>
 <node id="2084989486" visible="true" version="5" changeset="144608132" timestamp="2023-11-30T00:40:00Z" user="JTeerow" uid="18560218" lat="19.6509632" lon="-156.0028074">
  <tag k="crossing" v="uncontrolled"/>
  <tag k="highway" v="crossing"/>
 </node>
 <node id="2084989489" visible="true" version="4" changeset="88588425" timestamp="2020-07-27T23:23:24Z" user="Your Village Maps" uid="227972" lat="19.6510051" lon="-156.0026520"/>
 <node id="2084989491" visible="true" version="4" changeset="96287203" timestamp="2020-12-23T01:53:46Z" user="user_8466505" uid="8466505" lat="19.6510181" lon="-156.0028285"/>
 <node id="2084989492" visible="true" version="3" changeset="88588425" timestamp="2020-07-27T23:23:24Z" user="Your Village Maps" uid="227972" lat="19.6510182" lon="-156.0021720"/>
 <node id="2084989493" visible="true" version="4" changeset="124321424" timestamp="2022-08-01T00:07:27Z" user="wmss" uid="16696805" lat="19.6509919" lon="-156.0022710">
  <tag k="highway" v="traffic_signals"/>
  <tag k="traffic_signals:direction" v="forward"/>
 </node>
 <node id="2084989494" visible="true" version="4" changeset="96287203" timestamp="2020-12-23T01:53:46Z" user="user_8466505" uid="8466505" lat="19.6510592" lon="-156.0028496"/>
 <node id="2084989495" visible="true" version="3" changeset="144608132" timestamp="2023-11-30T00:40:00Z" user="JTeerow" uid="18560218" lat="19.6510648" lon="-156.0021862">
  <tag k="crossing" v="uncontrolled"/>
  <tag k="highway" v="crossing"/>
 </node>
 <node id="2084989496" visible="true" version="4" changeset="88588425" timestamp="2020-07-27T23:23:24Z" user="Your Village Maps" uid="227972" lat="19.6510817" lon="-156.0023940"/>
 <node id="2084989502" visible="true" version="4" changeset="88588425" timestamp="2020-07-27T23:23:24Z" user="Your Village Maps" uid="227972" lat="19.6511266" lon="-156.0021995"/>
 <node id="2084989504" visible="true" version="3" changeset="88588425" timestamp="2020-07-27T23:23:24Z" user="Your Village Maps" uid="227972" lat="19.6511450" lon="-156.0028384"/>
 <node id="2084989505" visible="true" version="4" changeset="88588425" timestamp="2020-07-27T23:23:24Z" user="Your Village Maps" uid="227972" lat="19.6511652" lon="-156.0024997"/>
 <node id="2084989507" visible="true" version="3" changeset="88588425" timestamp="2020-07-27T23:23:24Z" user="Your Village Maps" uid="227972" lat="19.6511835" lon="-156.0021990">
  <tag k="direction" v="forward"/>
  <tag k="highway" v="give_way"/>
 </node>
 <node id="2084989509" visible="true" version="2" changeset="20407296" timestamp="2014-02-06T08:01:26Z" user="bdiscoe" uid="402624" lat="19.6512393" lon="-156.0021870"/>
 <node id="2084989513" visible="true" version="3" changeset="88588425" timestamp="2020-07-27T23:23:24Z" user="Your Village Maps" uid="227972" lat="19.6513015" lon="-156.0030380"/>
 <node id="2084989516" visible="true" version="3" changeset="88588425" timestamp="2020-07-27T23:23:24Z" user="Your Village Maps" uid="227972" lat="19.6513180" lon="-156.0024940">
  <tag k="crossing" v="uncontrolled"/>
  <tag k="highway" v="crossing"/>
 </node>
 <node id="2084989517" visible="true" version="2" changeset="20407296" timestamp="2014-02-06T08:01:26Z" user="bdiscoe" uid="402624" lat="19.6513200" lon="-156.0024444"/>
 <node id="2084989518" visible="true" version="3" changeset="88588425" timestamp="2020-07-27T23:23:24Z" user="Your Village Maps" uid="227972" lat="19.6513214" lon="-156.0025510"/>
 <node id="2084989519" visible="true" version="2" changeset="20407296" timestamp="2014-02-06T08:01:26Z" user="bdiscoe" uid="402624" lat="19.6513292" lon="-156.0023958"/>
 <node id="2084989520" visible="true" version="3" changeset="88588425" timestamp="2020-07-27T23:23:24Z" user="Your Village Maps" uid="227972" lat="19.6513302" lon="-156.0026095"/>
 <node id="2084989529" visible="true" version="3" changeset="88588425" timestamp="2020-07-27T23:23:24Z" user="Your Village Maps" uid="227972" lat="19.6513872" lon="-156.0022829"/>
 <node id="2084989530" visible="true" version="2" changeset="88588425" timestamp="2020-07-27T23:23:24Z" user="Your Village Maps" uid="227972" lat="19.6514607" lon="-156.0028679"/>
 <node id="2084989533" visible="true" version="1" changeset="14430071" timestamp="2012-12-27T19:41:40Z" user="Tom_Holland" uid="574654" lat="19.6517100" lon="-156.0031528"/>
 <node id="2084989535" visible="true" version="2" changeset="88588425" timestamp="2020-07-27T23:23:24Z" user="Your Village Maps" uid="227972" lat="19.6518364" lon="-156.0036467"/>
 <node id="2084989539" visible="true" version="1" changeset="14430071" timestamp="2012-12-27T19:41:40Z" user="Tom_Holland" uid="574654" lat="19.6520087" lon="-156.0034728"/>
 <node id="2084989544" visible="true" version="1" changeset="14430071" timestamp="2012-12-27T19:41:40Z" user="Tom_Holland" uid="574654" lat="19.6523176" lon="-156.0037817"/>
 <node id="2084989547" visible="true" version="1" changeset="14430071" timestamp="2012-12-27T19:41:40Z" user="Tom_Holland" uid="574654" lat="19.6526363" lon="-156.0040791"/>
 <node id="2084989549" visible="true" version="1" changeset="14430071" timestamp="2012-12-27T19:41:40Z" user="Tom_Holland" uid="574654" lat="19.6528185" lon="-156.0045835"/>
 <node id="2084989550" visible="true" version="2" changeset="88595740" timestamp="2020-07-28T04:58:18Z" user="Your Village Maps" uid="227972" lat="19.6529629" lon="-156.0043676"/>
 <node id="2084989553" visible="true" version="2" changeset="88595740" timestamp="2020-07-28T04:58:18Z" user="Your Village Maps" uid="227972" lat="19.6532737" lon="-156.0046232"/>
 <node id="2084989556" visible="true" version="2" changeset="88595740" timestamp="2020-07-28T04:58:18Z" user="Your Village Maps" uid="227972" lat="19.6536233" lon="-156.0048933"/>
 <node id="2084989558" visible="true" version="2" changeset="88595740" timestamp="2020-07-28T04:58:18Z" user="Your Village Maps" uid="227972" lat="19.6539705" lon="-156.0051399"/>
 <node id="2084989560" visible="true" version="3" changeset="88595740" timestamp="2020-07-28T04:58:18Z" user="Your Village Maps" uid="227972" lat="19.6543009" lon="-156.0053650"/>
 <node id="2084989562" visible="true" version="2" changeset="88595740" timestamp="2020-07-28T04:58:18Z" user="Your Village Maps" uid="227972" lat="19.6546942" lon="-156.0056101"/>
 <node id="2084989564" visible="true" version="2" changeset="88595740" timestamp="2020-07-28T04:58:18Z" user="Your Village Maps" uid="227972" lat="19.6550138" lon="-156.0057880"/>
 <node id="2084989566" visible="true" version="2" changeset="88595740" timestamp="2020-07-28T04:58:18Z" user="Your Village Maps" uid="227972" lat="19.6555786" lon="-156.0060751"/>
 <node id="2084989570" visible="true" version="4" changeset="88595740" timestamp="2020-07-28T04:58:18Z" user="Your Village Maps" uid="227972" lat="19.6624879" lon="-156.0098659">
  <tag k="highway" v="traffic_signals"/>
 </node>
 <node id="2086666458" visible="true" version="4" changeset="90275623" timestamp="2020-09-02T04:59:42Z" user="user_8466505" uid="8466505" lat="19.6531562" lon="-155.9994378"/>
 <node id="2086666459" visible="true" version="3" changeset="89450756" timestamp="2020-08-15T16:27:23Z" user="user_8466505" uid="8466505" lat="19.6511532" lon="-155.9973674"/>
 <node id="2086666601" visible="true" version="6" changeset="124321633" timestamp="2022-08-01T00:29:43Z" user="wmss" uid="16696805" lat="19.6494083" lon="-156.0027215"/>
 <node id="2086666612" visible="true" version="6" changeset="124321633" timestamp="2022-08-01T00:29:43Z" user="wmss" uid="16696805" lat="19.6496829" lon="-156.0031089"/>
 <node id="2086666617" visible="true" version="6" changeset="124321633" timestamp="2022-08-01T00:29:43Z" user="wmss" uid="16696805" lat="19.6499810" lon="-156.0022637"/>
 <node id="2086666618" visible="true" version="6" changeset="124321633" timestamp="2022-08-01T00:29:43Z" user="wmss" uid="16696805" lat="19.6502556" lon="-156.0026511"/>
 <node id="2086666619" visible="true" version="4" changeset="89450756" timestamp="2020-08-15T16:27:23Z" user="user_8466505" uid="8466505" lat="19.6504658" lon="-155.9971760"/>
 <node id="2086666620" visible="true" version="4" changeset="89450756" timestamp="2020-08-15T16:27:23Z" user="user_8466505" uid="8466505" lat="19.6506164" lon="-155.9970131"/>
 <node id="2086666621" visible="true" version="4" changeset="89450756" timestamp="2020-08-15T16:27:23Z" user="user_8466505" uid="8466505" lat="19.6506262" lon="-155.9969708"/>
 <node id="2086666622" visible="true" version="4" changeset="89450756" timestamp="2020-08-15T16:27:23Z" user="user_8466505" uid="8466505" lat="19.6506496" lon="-155.9969350"/>
 <node id="2086666623" visible="true" version="4" changeset="89450756" timestamp="2020-08-15T16:27:23Z" user="user_8466505" uid="8466505" lat="19.6506835" lon="-155.9969104"/>
 <node id="2086666625" visible="true" version="4" changeset="89450756" timestamp="2020-08-15T16:27:23Z" user="user_8466505" uid="8466505" lat="19.6506998" lon="-155.9974245"/>
 <node id="2086666626" visible="true" version="4" changeset="89450756" timestamp="2020-08-15T16:27:23Z" user="user_8466505" uid="8466505" lat="19.6507020" lon="-155.9974728"/>
 <node id="2086666628" visible="true" version="4" changeset="89450756" timestamp="2020-08-15T16:27:23Z" user="user_8466505" uid="8466505" lat="19.6507254" lon="-155.9969003"/>
 <node id="2086666629" visible="true" version="4" changeset="89450756" timestamp="2020-08-15T16:27:23Z" user="user_8466505" uid="8466505" lat="19.6507256" lon="-155.9975161"/>
 <node id="2086666631" visible="true" version="4" changeset="89450756" timestamp="2020-08-15T16:27:23Z" user="user_8466505" uid="8466505" lat="19.6507623" lon="-155.9975416"/>
 <node id="2086666633" visible="true" version="4" changeset="89450756" timestamp="2020-08-15T16:27:23Z" user="user_8466505" uid="8466505" lat="19.6508075" lon="-155.9975473"/>
 <node id="2086666634" visible="true" version="4" changeset="89450756" timestamp="2020-08-15T16:27:23Z" user="user_8466505" uid="8466505" lat="19.6508936" lon="-155.9976356"/>
 <node id="2086666635" visible="true" version="4" changeset="89450756" timestamp="2020-08-15T16:27:23Z" user="user_8466505" uid="8466505" lat="19.6509285" lon="-155.9966903"/>
 <node id="2086666636" visible="true" version="4" changeset="89450756" timestamp="2020-08-15T16:27:23Z" user="user_8466505" uid="8466505" lat="19.6510375" lon="-155.9974888"/>
 <node id="2086666638" visible="true" version="4" changeset="89450756" timestamp="2020-08-15T16:27:23Z" user="user_8466505" uid="8466505" lat="19.6510858" lon="-155.9974893"/>
 <node id="2086666640" visible="true" version="4" changeset="89450756" timestamp="2020-08-15T16:27:23Z" user="user_8466505" uid="8466505" lat="19.6511279" lon="-155.9974643"/>
 <node id="2086666642" visible="true" version="4" changeset="89450756" timestamp="2020-08-15T16:27:23Z" user="user_8466505" uid="8466505" lat="19.6511527" lon="-155.9974203"/>
 <node id="2086666645" visible="true" version="4" changeset="89450756" timestamp="2020-08-15T16:27:23Z" user="user_8466505" uid="8466505" lat="19.6513563" lon="-155.9971499"/>
 <node id="2086666646" visible="true" version="6" changeset="89450756" timestamp="2020-08-15T16:27:23Z" user="user_8466505" uid="8466505" lat="19.6516815" lon="-155.9982612"/>
 <node id="2086666647" visible="true" version="6" changeset="89450756" timestamp="2020-08-15T16:27:23Z" user="user_8466505" uid="8466505" lat="19.6518911" lon="-155.9980549"/>
 <node id="2086666648" visible="true" version="6" changeset="89450756" timestamp="2020-08-15T16:27:23Z" user="user_8466505" uid="8466505" lat="19.6518292" lon="-155.9984303"/>
 <node id="2086666649" visible="true" version="6" changeset="89450756" timestamp="2020-08-15T16:27:23Z" user="user_8466505" uid="8466505" lat="19.6518615" lon="-155.9983985"/>
 <node id="2086666650" visible="true" version="6" changeset="89450756" timestamp="2020-08-15T16:27:23Z" user="user_8466505" uid="8466505" lat="19.6519241" lon="-155.9985355"/>
 <node id="2086666651" visible="true" version="6" changeset="89450756" timestamp="2020-08-15T16:27:23Z" user="user_8466505" uid="8466505" lat="19.6519547" lon="-155.9985054"/>
 <node id="2086666652" visible="true" version="6" changeset="89450756" timestamp="2020-08-15T16:27:23Z" user="user_8466505" uid="8466505" lat="19.6520007" lon="-155.9981805"/>
 <node id="2086666653" visible="true" version="6" changeset="89450756" timestamp="2020-08-15T16:27:23Z" user="user_8466505" uid="8466505" lat="19.6520353" lon="-155.9981465"/>
 <node id="2086666654" visible="true" version="6" changeset="89450756" timestamp="2020-08-15T16:27:23Z" user="user_8466505" uid="8466505" lat="19.6520775" lon="-155.9987113"/>
 <node id="2086666655" visible="true" version="6" changeset="90275623" timestamp="2020-09-02T04:59:42Z" user="user_8466505" uid="8466505" lat="19.6522251" lon="-155.9988730"/>
 <node id="2086666656" visible="true" version="6" changeset="89450756" timestamp="2020-08-15T16:27:23Z" user="user_8466505" uid="8466505" lat="19.6521840" lon="-155.9983878"/>
 <node id="2086666657" visible="true" version="6" changeset="89450756" timestamp="2020-08-15T16:27:23Z" user="user_8466505" uid="8466505" lat="19.6522173" lon="-155.9983550"/>
 <node id="2086666658" visible="true" version="6" changeset="89450756" timestamp="2020-08-15T16:27:23Z" user="user_8466505" uid="8466505" lat="19.6522867" lon="-155.9985054"/>
 <node id="2086666659" visible="true" version="6" changeset="90275623" timestamp="2020-09-02T04:59:42Z" user="user_8466505" uid="8466505" lat="19.6528608" lon="-155.9982588"/>
 <node id="2086666660" visible="true" version="6" changeset="90275623" timestamp="2020-09-02T04:59:42Z" user="user_8466505" uid="8466505" lat="19.6529119" lon="-155.9996739"/>
 <node id="2086666662" visible="true" version="6" changeset="90275623" timestamp="2020-09-02T04:59:42Z" user="user_8466505" uid="8466505" lat="19.6532292" lon="-155.9995230"/>
 <node id="2086666663" visible="true" version="6" changeset="90275623" timestamp="2020-09-02T04:59:42Z" user="user_8466505" uid="8466505" lat="19.6536203" lon="-155.9991450"/>
 <node id="2086669504" visible="true" version="2" changeset="88589369" timestamp="2020-07-28T00:33:32Z" user="Your Village Maps" uid="227972" lat="19.6482682" lon="-155.9926236"/>
 <node id="2086669508" visible="true" version="1" changeset="14446576" timestamp="2012-12-29T02:51:11Z" user="Tom_Holland" uid="574654" lat="19.6486067" lon="-155.9929265"/>
 <node id="2086669510" visible="true" version="1" changeset="14446576" timestamp="2012-12-29T02:51:11Z" user="Tom_Holland" uid="574654" lat="19.6487125" lon="-155.9930618"/>
 <node id="2086669512" visible="true" version="1" changeset="14446576" timestamp="2012-12-29T02:51:11Z" user="Tom_Holland" uid="574654" lat="19.6488321" lon="-155.9932413"/>
 <node id="2086669514" visible="true" version="1" changeset="14446576" timestamp="2012-12-29T02:51:11Z" user="Tom_Holland" uid="574654" lat="19.6489170" lon="-155.9933923"/>
 <node id="2086669519" visible="true" version="2" changeset="158834732" timestamp="2024-11-06T21:49:58Z" user="BubbaJuice" uid="9941767" lat="19.6490631" lon="-155.9937063"/>
 <node id="2086669521" visible="true" version="2" changeset="158834732" timestamp="2024-11-06T21:49:58Z" user="BubbaJuice" uid="9941767" lat="19.6491200" lon="-155.9938753"/>
 <node id="2086669524" visible="true" version="2" changeset="158834732" timestamp="2024-11-06T21:49:58Z" user="BubbaJuice" uid="9941767" lat="19.6492044" lon="-155.9942478"/>
 <node id="2086669526" visible="true" version="1" changeset="14446576" timestamp="2012-12-29T02:51:11Z" user="Tom_Holland" uid="574654" lat="19.6493531" lon="-155.9958934"/>
 <node id="2086669528" visible="true" version="1" changeset="14446576" timestamp="2012-12-29T02:51:11Z" user="Tom_Holland" uid="574654" lat="19.6494122" lon="-155.9962770"/>
 <node id="2086669531" visible="true" version="1" changeset="14446576" timestamp="2012-12-29T02:51:11Z" user="Tom_Holland" uid="574654" lat="19.6495206" lon="-155.9967490"/>
 <node id="2086669533" visible="true" version="1" changeset="14446576" timestamp="2012-12-29T02:51:11Z" user="Tom_Holland" uid="574654" lat="19.6496037" lon="-155.9970269"/>
 <node id="2086669537" visible="true" version="1" changeset="14446576" timestamp="2012-12-29T02:51:12Z" user="Tom_Holland" uid="574654" lat="19.6497237" lon="-155.9973573"/>
 <node id="2086669539" visible="true" version="1" changeset="14446576" timestamp="2012-12-29T02:51:12Z" user="Tom_Holland" uid="574654" lat="19.6498097" lon="-155.9975672"/>
 <node id="2086669543" visible="true" version="1" changeset="14446576" timestamp="2012-12-29T02:51:12Z" user="Tom_Holland" uid="574654" lat="19.6500205" lon="-155.9979984"/>
 <node id="2086669547" visible="true" version="1" changeset="14446576" timestamp="2012-12-29T02:51:12Z" user="Tom_Holland" uid="574654" lat="19.6502652" lon="-155.9984090"/>
 <node id="2086669551" visible="true" version="2" changeset="41729099" timestamp="2016-08-27T07:01:46Z" user="Tom_Holland" uid="574654" lat="19.6504328" lon="-155.9986501"/>
 <node id="2086669553" visible="true" version="1" changeset="14446576" timestamp="2012-12-29T02:51:12Z" user="Tom_Holland" uid="574654" lat="19.6506011" lon="-155.9988700"/>
 <node id="2086669557" visible="true" version="1" changeset="14446576" timestamp="2012-12-29T02:51:12Z" user="Tom_Holland" uid="574654" lat="19.6508490" lon="-155.9991560"/>
 <node id="2086669559" visible="true" version="2" changeset="41729099" timestamp="2016-08-27T07:01:46Z" user="Tom_Holland" uid="574654" lat="19.6513226" lon="-155.9997057"/>
 <node id="2086685664" visible="true" version="1" changeset="14446644" timestamp="2012-12-29T03:15:59Z" user="Tom_Holland" uid="574654" lat="19.6527954" lon="-155.9907385"/>
 <node id="2086685665" visible="true" version="1" changeset="14446644" timestamp="2012-12-29T03:15:59Z" user="Tom_Holland" uid="574654" lat="19.6538409" lon="-155.9912820"/>
 <node id="2086685666" visible="true" version="1" changeset="14446644" timestamp="2012-12-29T03:15:59Z" user="Tom_Holland" uid="574654" lat="19.6550174" lon="-155.9918508"/>
 <node id="2086685669" visible="true" version="2" changeset="88589369" timestamp="2020-07-28T00:33:32Z" user="Your Village Maps" uid="227972" lat="19.6601058" lon="-155.9947772"/>
 <node id="2086685670" visible="true" version="2" changeset="88589369" timestamp="2020-07-28T00:33:32Z" user="Your Village Maps" uid="227972" lat="19.6604115" lon="-155.9949404"/>
 <node id="2086685671" visible="true" version="2" changeset="88589369" timestamp="2020-07-28T00:33:32Z" user="Your Village Maps" uid="227972" lat="19.6607050" lon="-155.9951021"/>
 <node id="2086685672" visible="true" version="2" changeset="88589369" timestamp="2020-07-28T00:33:32Z" user="Your Village Maps" uid="227972" lat="19.6609665" lon="-155.9952325"/>
 <node id="2086685673" visible="true" version="2" changeset="88589369" timestamp="2020-07-28T00:33:32Z" user="Your Village Maps" uid="227972" lat="19.6611940" lon="-155.9953336"/>
 <node id="2086685674" visible="true" version="2" changeset="88589369" timestamp="2020-07-28T00:33:32Z" user="Your Village Maps" uid="227972" lat="19.6614486" lon="-155.9954445"/>
 <node id="2086685675" visible="true" version="3" changeset="88589369" timestamp="2020-07-28T00:33:32Z" user="Your Village Maps" uid="227972" lat="19.6616381" lon="-155.9955211"/>
 <node id="2086685676" visible="true" version="2" changeset="70678384" timestamp="2019-05-28T01:36:34Z" user="Tom_Holland" uid="574654" lat="19.6618077" lon="-155.9955865"/>
 <node id="2087575594" visible="true" version="3" changeset="96832133" timestamp="2021-01-03T01:48:24Z" user="user_8466505" uid="8466505" lat="19.6380630" lon="-155.9979117"/>
 <node id="2087575595" visible="true" version="3" changeset="158686317" timestamp="2024-11-03T06:35:38Z" user="BubbaJuice" uid="9941767" lat="19.6382287" lon="-155.9978364"/>
 <node id="2087575596" visible="true" version="4" changeset="158834732" timestamp="2024-11-06T21:49:58Z" user="BubbaJuice" uid="9941767" lat="19.6386088" lon="-155.9977658"/>
 <node id="2087575601" visible="true" version="4" changeset="158834732" timestamp="2024-11-06T21:49:58Z" user="BubbaJuice" uid="9941767" lat="19.6387440" lon="-155.9976076"/>
 <node id="2087575602" visible="true" version="4" changeset="158834732" timestamp="2024-11-06T21:49:58Z" user="BubbaJuice" uid="9941767" lat="19.6388951" lon="-155.9973234"/>
 <node id="2087575603" visible="true" version="4" changeset="158834732" timestamp="2024-11-06T21:49:58Z" user="BubbaJuice" uid="9941767" lat="19.6389040" lon="-155.9973076"/>
 <node id="2087575604" visible="true" version="3" changeset="96832133" timestamp="2021-01-03T01:48:24Z" user="user_8466505" uid="8466505" lat="19.6392766" lon="-155.9976976"/>
 <node id="2087575606" visible="true" version="3" changeset="96832133" timestamp="2021-01-03T01:48:24Z" user="user_8466505" uid="8466505" lat="19.6393389" lon="-155.9976908"/>
 <node id="2087575608" visible="true" version="3" changeset="96832133" timestamp="2021-01-03T01:48:24Z" user="user_8466505" uid="8466505" lat="19.6393963" lon="-155.9976799"/>
 <node id="2087575609" visible="true" version="3" changeset="96832133" timestamp="2021-01-03T01:48:24Z" user="user_8466505" uid="8466505" lat="19.6394341" lon="-155.9976554"/>
 <node id="2087575611" visible="true" version="3" changeset="96832133" timestamp="2021-01-03T01:48:24Z" user="user_8466505" uid="8466505" lat="19.6394741" lon="-155.9976151"/>
 <node id="2087575613" visible="true" version="3" changeset="96832133" timestamp="2021-01-03T01:48:24Z" user="user_8466505" uid="8466505" lat="19.6395060" lon="-155.9975726"/>
 <node id="2087575614" visible="true" version="3" changeset="96832133" timestamp="2021-01-03T01:48:24Z" user="user_8466505" uid="8466505" lat="19.6395386" lon="-155.9975213"/>
 <node id="2087575615" visible="true" version="3" changeset="96832133" timestamp="2021-01-03T01:48:24Z" user="user_8466505" uid="8466505" lat="19.6395069" lon="-155.9973151"/>
 <node id="2087575617" visible="true" version="3" changeset="96832133" timestamp="2021-01-03T01:48:24Z" user="user_8466505" uid="8466505" lat="19.6395741" lon="-155.9974624"/>
 <node id="2087575618" visible="true" version="3" changeset="96832133" timestamp="2021-01-03T01:48:24Z" user="user_8466505" uid="8466505" lat="19.6395770" lon="-155.9973603"/>
 <node id="2087575625" visible="true" version="3" changeset="96832133" timestamp="2021-01-03T01:48:24Z" user="user_8466505" uid="8466505" lat="19.6398940" lon="-155.9969012"/>
 <node id="2087575627" visible="true" version="3" changeset="96832133" timestamp="2021-01-03T01:48:24Z" user="user_8466505" uid="8466505" lat="19.6399158" lon="-155.9968559"/>
 <node id="2087575630" visible="true" version="3" changeset="96832133" timestamp="2021-01-03T01:48:24Z" user="user_8466505" uid="8466505" lat="19.6399771" lon="-155.9967578"/>
 <node id="2087579089" visible="true" version="3" changeset="96832133" timestamp="2021-01-03T01:48:24Z" user="user_8466505" uid="8466505" lat="19.6391467" lon="-155.9976964"/>
 <node id="2087579091" visible="true" version="3" changeset="96832133" timestamp="2021-01-03T01:48:24Z" user="user_8466505" uid="8466505" lat="19.6392130" lon="-155.9977101"/>
 <node id="2087676381" visible="true" version="4" changeset="88826942" timestamp="2020-08-01T23:23:50Z" user="Tom_Holland" uid="574654" lat="19.6655236" lon="-155.9895603"/>
 <node id="2162367496" visible="true" version="2" changeset="96832133" timestamp="2021-01-03T01:48:24Z" user="user_8466505" uid="8466505" lat="19.6357061" lon="-155.9889136"/>
 <node id="2162367497" visible="true" version="2" changeset="96832133" timestamp="2021-01-03T01:48:24Z" user="user_8466505" uid="8466505" lat="19.6359895" lon="-155.9880074"/>
 <node id="2162367498" visible="true" version="2" changeset="96832133" timestamp="2021-01-03T01:48:24Z" user="user_8466505" uid="8466505" lat="19.6361755" lon="-155.9913040"/>
 <node id="2162367500" visible="true" version="3" changeset="96832133" timestamp="2021-01-03T01:48:24Z" user="user_8466505" uid="8466505" lat="19.6367928" lon="-155.9918162"/>
 <node id="2162367501" visible="true" version="2" changeset="96832133" timestamp="2021-01-03T01:48:24Z" user="user_8466505" uid="8466505" lat="19.6367566" lon="-155.9881468"/>
 <node id="2162367502" visible="true" version="3" changeset="96832133" timestamp="2021-01-03T01:48:24Z" user="user_8466505" uid="8466505" lat="19.6369305" lon="-155.9897442"/>
 <node id="2162367503" visible="true" version="3" changeset="96832133" timestamp="2021-01-03T01:48:24Z" user="user_8466505" uid="8466505" lat="19.6369558" lon="-155.9896612"/>
 <node id="2162367504" visible="true" version="3" changeset="96832133" timestamp="2021-01-03T01:48:24Z" user="user_8466505" uid="8466505" lat="19.6370269" lon="-155.9881174"/>
 <node id="2162367505" visible="true" version="2" changeset="96832133" timestamp="2021-01-03T01:48:24Z" user="user_8466505" uid="8466505" lat="19.6375868" lon="-155.9871095"/>
 <node id="2162367506" visible="true" version="3" changeset="96832133" timestamp="2021-01-03T01:48:24Z" user="user_8466505" uid="8466505" lat="19.6381496" lon="-155.9880381"/>
 <node id="2162367512" visible="true" version="3" changeset="158686317" timestamp="2024-11-03T06:35:38Z" user="BubbaJuice" uid="9941767" lat="19.6382678" lon="-155.9978594"/>
 <node id="2162367517" visible="true" version="2" changeset="96832133" timestamp="2021-01-03T01:48:24Z" user="user_8466505" uid="8466505" lat="19.6383336" lon="-155.9873025"/>
 <node id="2162367528" visible="true" version="5" changeset="158834732" timestamp="2024-11-06T21:49:58Z" user="BubbaJuice" uid="9941767" lat="19.6383679" lon="-155.9978400"/>
 <node id="2162367558" visible="true" version="4" changeset="158686317" timestamp="2024-11-03T06:35:38Z" user="BubbaJuice" uid="9941767" lat="19.6387169" lon="-155.9888831"/>
 <node id="2162367564" visible="true" version="3" changeset="96832133" timestamp="2021-01-03T01:48:24Z" user="user_8466505" uid="8466505" lat="19.6388184" lon="-155.9881888"/>
 <node id="2162367565" visible="true" version="4" changeset="158686317" timestamp="2024-11-03T06:35:38Z" user="BubbaJuice" uid="9941767" lat="19.6385217" lon="-155.9895353"/>
 <node id="2162367566" visible="true" version="2" changeset="96832133" timestamp="2021-01-03T01:48:24Z" user="user_8466505" uid="8466505" lat="19.6392365" lon="-156.0007934"/>
 <node id="2162367567" visible="true" version="2" changeset="96832133" timestamp="2021-01-03T01:48:24Z" user="user_8466505" uid="8466505" lat="19.6400520" lon="-156.0009952"/>
 <node id="2162367568" visible="true" version="2" changeset="96832133" timestamp="2021-01-03T01:48:24Z" user="user_8466505" uid="8466505" lat="19.6402455" lon="-156.0009769"/>
 <node id="2162367569" visible="true" version="2" changeset="96832133" timestamp="2021-01-03T01:48:24Z" user="user_8466505" uid="8466505" lat="19.6404356" lon="-156.0008851"/>
 <node id="2162367570" visible="true" version="3" changeset="96832133" timestamp="2021-01-03T01:48:24Z" user="user_8466505" uid="8466505" lat="19.6400696" lon="-155.9903930"/>
 <node id="2162367571" visible="true" version="5" changeset="96832133" timestamp="2021-01-03T01:48:24Z" user="user_8466505" uid="8466505" lat="19.6404752" lon="-155.9924924"/>
 <node id="2162367572" visible="true" version="4" changeset="96832133" timestamp="2021-01-03T01:48:24Z" user="user_8466505" uid="8466505" lat="19.6405327" lon="-155.9926705"/>
 <node id="2162367573" visible="true" version="4" changeset="96832133" timestamp="2021-01-03T01:48:24Z" user="user_8466505" uid="8466505" lat="19.6405548" lon="-155.9927787"/>
 <node id="2162367574" visible="true" version="4" changeset="96832133" timestamp="2021-01-03T01:48:24Z" user="user_8466505" uid="8466505" lat="19.6405849" lon="-155.9929152"/>
 <node id="2162367576" visible="true" version="2" changeset="96832133" timestamp="2021-01-03T01:48:24Z" user="user_8466505" uid="8466505" lat="19.6406982" lon="-155.9998102"/>
 <node id="2162367579" visible="true" version="4" changeset="96832133" timestamp="2021-01-03T01:48:24Z" user="user_8466505" uid="8466505" lat="19.6406285" lon="-155.9931962"/>
 <node id="2162367580" visible="true" version="4" changeset="96832133" timestamp="2021-01-03T01:48:24Z" user="user_8466505" uid="8466505" lat="19.6408698" lon="-155.9946576"/>
 <node id="2162367582" visible="true" version="3" changeset="96832133" timestamp="2021-01-03T01:48:24Z" user="user_8466505" uid="8466505" lat="19.6408954" lon="-155.9923811"/>
 <node id="2162367583" visible="true" version="3" changeset="96832133" timestamp="2021-01-03T01:48:24Z" user="user_8466505" uid="8466505" lat="19.6409995" lon="-155.9950621"/>
 <node id="2162367584" visible="true" version="2" changeset="96832133" timestamp="2021-01-03T01:48:24Z" user="user_8466505" uid="8466505" lat="19.6410886" lon="-155.9989700"/>
 <node id="2162367585" visible="true" version="3" changeset="96832133" timestamp="2021-01-03T01:48:24Z" user="user_8466505" uid="8466505" lat="19.6410784" lon="-155.9952198"/>
 <node id="2162367586" visible="true" version="3" changeset="96832133" timestamp="2021-01-03T01:48:24Z" user="user_8466505" uid="8466505" lat="19.6410588" lon="-155.9923026"/>
 <node id="2162367587" visible="true" version="4" changeset="98992170" timestamp="2021-02-09T17:31:49Z" user="user_8466505" uid="8466505" lat="19.6411805" lon="-155.9954109"/>
 <node id="2162367588" visible="true" version="3" changeset="96832133" timestamp="2021-01-03T01:48:24Z" user="user_8466505" uid="8466505" lat="19.6412050" lon="-155.9921922"/>
 <node id="2162367589" visible="true" version="3" changeset="96832133" timestamp="2021-01-03T01:48:24Z" user="user_8466505" uid="8466505" lat="19.6413284" lon="-155.9920543"/>
 <node id="2162367592" visible="true" version="4" changeset="98992170" timestamp="2021-02-09T17:31:49Z" user="user_8466505" uid="8466505" lat="19.6418094" lon="-155.9936991"/>
 <node id="2162367593" visible="true" version="3" changeset="96832133" timestamp="2021-01-03T01:48:24Z" user="user_8466505" uid="8466505" lat="19.6418152" lon="-155.9912281"/>
 <node id="2162367594" visible="true" version="2" changeset="96832133" timestamp="2021-01-03T01:48:24Z" user="user_8466505" uid="8466505" lat="19.6419884" lon="-156.0014276"/>
 <node id="2162367595" visible="true" version="2" changeset="96832133" timestamp="2021-01-03T01:48:24Z" user="user_8466505" uid="8466505" lat="19.6419953" lon="-156.0006719"/>
 <node id="2162367596" visible="true" version="3" changeset="96832133" timestamp="2021-01-03T01:48:24Z" user="user_8466505" uid="8466505" lat="19.6420091" lon="-156.0017690"/>
 <node id="2162367597" visible="true" version="4" changeset="96832133" timestamp="2021-01-03T01:48:24Z" user="user_8466505" uid="8466505" lat="19.6420103" lon="-155.9908981"/>
 <node id="2162367598" visible="true" version="2" changeset="96832133" timestamp="2021-01-03T01:48:24Z" user="user_8466505" uid="8466505" lat="19.6421819" lon="-156.0007342"/>
 <node id="2162367599" visible="true" version="2" changeset="96832133" timestamp="2021-01-03T01:48:24Z" user="user_8466505" uid="8466505" lat="19.6422289" lon="-155.9993773"/>
 <node id="2162367600" visible="true" version="3" changeset="96832133" timestamp="2021-01-03T01:48:24Z" user="user_8466505" uid="8466505" lat="19.6422518" lon="-155.9997625"/>
 <node id="2162367601" visible="true" version="3" changeset="96832133" timestamp="2021-01-03T01:48:24Z" user="user_8466505" uid="8466505" lat="19.6423186" lon="-155.9990659"/>
 <node id="2162367602" visible="true" version="4" changeset="98992170" timestamp="2021-02-09T17:31:49Z" user="user_8466505" uid="8466505" lat="19.6424436" lon="-155.9928945"/>
 <node id="2162367605" visible="true" version="3" changeset="96832133" timestamp="2021-01-03T01:48:24Z" user="user_8466505" uid="8466505" lat="19.6430381" lon="-155.9952703"/>
 <node id="2162367606" visible="true" version="2" changeset="96832133" timestamp="2021-01-03T01:48:24Z" user="user_8466505" uid="8466505" lat="19.6432012" lon="-155.9955723"/>
 <node id="2162367608" visible="true" version="3" changeset="96832133" timestamp="2021-01-03T01:48:24Z" user="user_8466505" uid="8466505" lat="19.6434439" lon="-156.0001029"/>
 <node id="2162367609" visible="true" version="4" changeset="158834732" timestamp="2024-11-06T21:49:58Z" user="BubbaJuice" uid="9941767" lat="19.6434908" lon="-156.0021698"/>
 <node id="2162367610" visible="true" version="4" changeset="96832133" timestamp="2021-01-03T01:48:24Z" user="user_8466505" uid="8466505" lat="19.6435031" lon="-156.0030965"/>
 <node id="2162367611" visible="true" version="3" changeset="96832133" timestamp="2021-01-03T01:48:24Z" user="user_8466505" uid="8466505" lat="19.6434266" lon="-155.9925499"/>
 <node id="2162367612" visible="true" version="3" changeset="96832133" timestamp="2021-01-03T01:48:24Z" user="user_8466505" uid="8466505" lat="19.6436294" lon="-155.9994414"/>
 <node id="2162367613" visible="true" version="2" changeset="96832133" timestamp="2021-01-03T01:48:24Z" user="user_8466505" uid="8466505" lat="19.6438784" lon="-155.9969554"/>
 <node id="2162367615" visible="true" version="3" changeset="96832133" timestamp="2021-01-03T01:48:24Z" user="user_8466505" uid="8466505" lat="19.6445247" lon="-156.0022204"/>
 <node id="2162367616" visible="true" version="3" changeset="96832133" timestamp="2021-01-03T01:48:24Z" user="user_8466505" uid="8466505" lat="19.6445401" lon="-156.0030794"/>
 <node id="2162367618" visible="true" version="2" changeset="96832133" timestamp="2021-01-03T01:48:24Z" user="user_8466505" uid="8466505" lat="19.6447768" lon="-155.9964564"/>
 <node id="2162367620" visible="true" version="2" changeset="96832133" timestamp="2021-01-03T01:48:24Z" user="user_8466505" uid="8466505" lat="19.6448839" lon="-155.9966912"/>
 <node id="2162367621" visible="true" version="2" changeset="96832133" timestamp="2021-01-03T01:48:24Z" user="user_8466505" uid="8466505" lat="19.6450049" lon="-155.9967793"/>
 <node id="2162367622" visible="true" version="3" changeset="96832133" timestamp="2021-01-03T01:48:24Z" user="user_8466505" uid="8466505" lat="19.6452158" lon="-156.0021744"/>
 <node id="2162367623" visible="true" version="2" changeset="96832133" timestamp="2021-01-03T01:48:24Z" user="user_8466505" uid="8466505" lat="19.6452294" lon="-155.9972012"/>
 <node id="2162367624" visible="true" version="3" changeset="96832133" timestamp="2021-01-03T01:48:24Z" user="user_8466505" uid="8466505" lat="19.6452209" lon="-155.9917134"/>
 <node id="2162367625" visible="true" version="3" changeset="96832133" timestamp="2021-01-03T01:48:24Z" user="user_8466505" uid="8466505" lat="19.6455024" lon="-156.0020863"/>
 <node id="2162367627" visible="true" version="3" changeset="96832133" timestamp="2021-01-03T01:48:24Z" user="user_8466505" uid="8466505" lat="19.6457755" lon="-156.0028770"/>
 <node id="2162367628" visible="true" version="5" changeset="96865677" timestamp="2021-01-03T21:45:42Z" user="user_8466505" uid="8466505" lat="19.6453884" lon="-155.9939557"/>
 <node id="2162367629" visible="true" version="4" changeset="96835001" timestamp="2021-01-03T07:01:44Z" user="user_8466505" uid="8466505" lat="19.6459177" lon="-155.9931751"/>
 <node id="2162367630" visible="true" version="4" changeset="96865677" timestamp="2021-01-03T21:45:42Z" user="user_8466505" uid="8466505" lat="19.6457149" lon="-155.9937616"/>
 <node id="2162367631" visible="true" version="3" changeset="96832133" timestamp="2021-01-03T01:48:24Z" user="user_8466505" uid="8466505" lat="19.6459233" lon="-155.9935131"/>
 <node id="2162367637" visible="true" version="3" changeset="96832133" timestamp="2021-01-03T01:48:24Z" user="user_8466505" uid="8466505" lat="19.6465909" lon="-156.0025798"/>
 <node id="2162367643" visible="true" version="2" changeset="96832133" timestamp="2021-01-03T01:48:24Z" user="user_8466505" uid="8466505" lat="19.6473198" lon="-155.9961189"/>
 <node id="2162367644" visible="true" version="2" changeset="96832133" timestamp="2021-01-03T01:48:24Z" user="user_8466505" uid="8466505" lat="19.6473682" lon="-156.0042966"/>
 <node id="2162367645" visible="true" version="2" changeset="96832133" timestamp="2021-01-03T01:48:24Z" user="user_8466505" uid="8466505" lat="19.6474304" lon="-156.0045608"/>
 <node id="2162367646" visible="true" version="2" changeset="96832133" timestamp="2021-01-03T01:48:24Z" user="user_8466505" uid="8466505" lat="19.6478416" lon="-156.0058448"/>
 <node id="2162367650" visible="true" version="2" changeset="96832133" timestamp="2021-01-03T01:48:24Z" user="user_8466505" uid="8466505" lat="19.6488340" lon="-155.9994249"/>
 <node id="2162367651" visible="true" version="2" changeset="96832133" timestamp="2021-01-03T01:48:24Z" user="user_8466505" uid="8466505" lat="19.6495795" lon="-156.0052358"/>
 <node id="2162367652" visible="true" version="1" changeset="15086683" timestamp="2013-02-19T09:12:08Z" user="Tom_Holland" uid="574654" lat="19.6496576" lon="-155.9973450"/>
 <node id="2162367653" visible="true" version="1" changeset="15086683" timestamp="2013-02-19T09:12:08Z" user="Tom_Holland" uid="574654" lat="19.6498971" lon="-155.9978690"/>
 <node id="2162367654" visible="true" version="1" changeset="15086683" timestamp="2013-02-19T09:12:08Z" user="Tom_Holland" uid="574654" lat="19.6500876" lon="-155.9982270"/>
 <node id="2162367655" visible="true" version="1" changeset="15086683" timestamp="2013-02-19T09:12:08Z" user="Tom_Holland" uid="574654" lat="19.6503808" lon="-155.9986628"/>
 <node id="2162367656" visible="true" version="1" changeset="15086683" timestamp="2013-02-19T09:12:08Z" user="Tom_Holland" uid="574654" lat="19.6505811" lon="-155.9989430"/>
 <node id="2162367657" visible="true" version="5" changeset="98836186" timestamp="2021-02-07T01:39:44Z" user="user_8466505" uid="8466505" lat="19.6506909" lon="-156.0026271"/>
 <node id="2162367658" visible="true" version="1" changeset="15086683" timestamp="2013-02-19T09:12:08Z" user="Tom_Holland" uid="574654" lat="19.6510502" lon="-155.9964525"/>
 <node id="2162367659" visible="true" version="2" changeset="96832133" timestamp="2021-01-03T01:48:24Z" user="user_8466505" uid="8466505" lat="19.6515731" lon="-156.0037463"/>
 <node id="2162367660" visible="true" version="1" changeset="15086683" timestamp="2013-02-19T09:12:09Z" user="Tom_Holland" uid="574654" lat="19.6517734" lon="-155.9970700"/>
 <node id="2162367661" visible="true" version="1" changeset="15086683" timestamp="2013-02-19T09:12:09Z" user="Tom_Holland" uid="574654" lat="19.6523988" lon="-155.9976718"/>
 <node id="2162367662" visible="true" version="1" changeset="15086683" timestamp="2013-02-19T09:12:09Z" user="Tom_Holland" uid="574654" lat="19.6525405" lon="-156.0011999"/>
 <node id="2162367663" visible="true" version="1" changeset="15086683" timestamp="2013-02-19T09:12:09Z" user="Tom_Holland" uid="574654" lat="19.6535031" lon="-156.0002401"/>
 <node id="2162367664" visible="true" version="1" changeset="15086683" timestamp="2013-02-19T09:12:09Z" user="Tom_Holland" uid="574654" lat="19.6538011" lon="-155.9991298"/>
 <node id="2415488528" visible="true" version="3" changeset="70677898" timestamp="2019-05-28T01:00:59Z" user="Tom_Holland" uid="574654" lat="19.6590015" lon="-155.9819877"/>
 <node id="2415488533" visible="true" version="3" changeset="70677898" timestamp="2019-05-28T01:00:59Z" user="Tom_Holland" uid="574654" lat="19.6601362" lon="-155.9812749"/>
 <node id="2415488540" visible="true" version="3" changeset="70677898" timestamp="2019-05-28T01:00:59Z" user="Tom_Holland" uid="574654" lat="19.6679193" lon="-155.9811905"/>
 <node id="2415488555" visible="true" version="4" changeset="183293081" timestamp="2026-05-28T09:00:10Z" user="tkotnala_lyft" uid="21672285" lat="19.6704047" lon="-155.9796603"/>
 <node id="2611693320" visible="true" version="3" changeset="96832133" timestamp="2021-01-03T01:48:24Z" user="user_8466505" uid="8466505" lat="19.6396784" lon="-155.9948455"/>
 <node id="2611693325" visible="true" version="3" changeset="96832133" timestamp="2021-01-03T01:48:24Z" user="user_8466505" uid="8466505" lat="19.6394728" lon="-155.9948505"/>
 <node id="2657244172" visible="true" version="8" changeset="124322193" timestamp="2022-08-01T01:17:07Z" user="wmss" uid="16696805" lat="19.6439398" lon="-155.9947548"/>
 <node id="2657244272" visible="true" version="2" changeset="26539133" timestamp="2014-11-03T23:57:11Z" user="kr4z33" uid="604586" lat="19.6505499" lon="-156.0030503"/>
 <node id="3017353913" visible="true" version="3" changeset="38715438" timestamp="2016-04-20T01:42:09Z" user="Arbiter787" uid="2304330" lat="19.6488885" lon="-156.0051136"/>
 <node id="3873858825" visible="true" version="3" changeset="158686317" timestamp="2024-11-03T06:35:38Z" user="BubbaJuice" uid="9941767" lat="19.6505037" lon="-156.0025434"/>
 <node id="3873858826" visible="true" version="3" changeset="158686317" timestamp="2024-11-03T06:35:38Z" user="BubbaJuice" uid="9941767" lat="19.6504149" lon="-156.0026255"/>
 <node id="3873858827" visible="true" version="3" changeset="158686317" timestamp="2024-11-03T06:35:38Z" user="BubbaJuice" uid="9941767" lat="19.6503506" lon="-156.0025471"/>
 <node id="3873858828" visible="true" version="3" changeset="158686317" timestamp="2024-11-03T06:35:38Z" user="BubbaJuice" uid="9941767" lat="19.6504393" lon="-156.0024650"/>
 <node id="3943044379" visible="true" version="2" changeset="96832133" timestamp="2021-01-03T01:48:24Z" user="user_8466505" uid="8466505" lat="19.6379596" lon="-155.9996837"/>
 <node id="3943044381" visible="true" version="2" changeset="96832133" timestamp="2021-01-03T01:48:24Z" user="user_8466505" uid="8466505" lat="19.6379775" lon="-155.9994559"/>
 <node id="3943044389" visible="true" version="2" changeset="96832133" timestamp="2021-01-03T01:48:24Z" user="user_8466505" uid="8466505" lat="19.6389462" lon="-155.9974640"/>
 <node id="3943044390" visible="true" version="2" changeset="96832133" timestamp="2021-01-03T01:48:24Z" user="user_8466505" uid="8466505" lat="19.6390031" lon="-155.9972761"/>
 <node id="3943044392" visible="true" version="3" changeset="158834732" timestamp="2024-11-06T21:49:58Z" user="BubbaJuice" uid="9941767" lat="19.6391095" lon="-155.9968338"/>
 <node id="3943044393" visible="true" version="3" changeset="158834732" timestamp="2024-11-06T21:49:58Z" user="BubbaJuice" uid="9941767" lat="19.6391340" lon="-155.9970122"/>
 <node id="3943044394" visible="true" version="2" changeset="96832133" timestamp="2021-01-03T01:48:24Z" user="user_8466505" uid="8466505" lat="19.6392347" lon="-155.9977082"/>
 <node id="3943044397" visible="true" version="3" changeset="158834732" timestamp="2024-11-06T21:49:58Z" user="BubbaJuice" uid="9941767" lat="19.6394298" lon="-155.9947993"/>
 <node id="3943044398" visible="true" version="2" changeset="96832133" timestamp="2021-01-03T01:48:24Z" user="user_8466505" uid="8466505" lat="19.6395443" lon="-155.9974239"/>
 <node id="3943044399" visible="true" version="2" changeset="96832133" timestamp="2021-01-03T01:48:24Z" user="user_8466505" uid="8466505" lat="19.6395839" lon="-155.9949227"/>
 <node id="3943044401" visible="true" version="2" changeset="96832133" timestamp="2021-01-03T01:48:24Z" user="user_8466505" uid="8466505" lat="19.6396173" lon="-155.9948715"/>
 <node id="3943044402" visible="true" version="2" changeset="96832133" timestamp="2021-01-03T01:48:24Z" user="user_8466505" uid="8466505" lat="19.6396532" lon="-155.9949911"/>
 <node id="4131842093" visible="true" version="5" changeset="146302805" timestamp="2024-01-16T00:34:56Z" user="ZeLonewolf" uid="219297" lat="19.6504472" lon="-156.0042069">
  <tag k="brand" v="Petco"/>
  <tag k="brand:wikidata" v="Q7171798"/>
  <tag k="check_date" v="2023-05-01"/>
  <tag k="name" v="Petco"/>
  <tag k="safety:mask:covid19" v="yes"/>
  <tag k="shop" v="pet"/>
 </node>
 <node id="4134670218" visible="true" version="1" changeset="38715438" timestamp="2016-04-20T01:42:05Z" user="Arbiter787" uid="2304330" lat="19.6491596" lon="-156.0049782"/>
 <node id="4134670219" visible="true" version="2" changeset="158834732" timestamp="2024-11-06T21:49:58Z" user="BubbaJuice" uid="9941767" lat="19.6493094" lon="-156.0048703"/>
 <node id="4134670220" visible="true" version="1" changeset="38715438" timestamp="2016-04-20T01:42:05Z" user="Arbiter787" uid="2304330" lat="19.6510245" lon="-156.0032582"/>
 <node id="4134670221" visible="true" version="2" changeset="158834732" timestamp="2024-11-06T21:49:58Z" user="BubbaJuice" uid="9941767" lat="19.6490699" lon="-156.0050289"/>
 <node id="4134670226" visible="true" version="2" changeset="158834732" timestamp="2024-11-06T21:49:58Z" user="BubbaJuice" uid="9941767" lat="19.6497643" lon="-156.0044307"/>
 <node id="4134670231" visible="true" version="1" changeset="38715438" timestamp="2016-04-20T01:42:05Z" user="Arbiter787" uid="2304330" lat="19.6500104" lon="-156.0041734"/>
 <node id="4134670232" visible="true" version="1" changeset="38715438" timestamp="2016-04-20T01:42:05Z" user="Arbiter787" uid="2304330" lat="19.6498329" lon="-156.0039577"/>
 <node id="4134670234" visible="true" version="2" changeset="112673623" timestamp="2021-10-18T23:44:52Z" user="user_8466505" uid="8466505" lat="19.6507778" lon="-156.0031620"/>
 <node id="4134670235" visible="true" version="2" changeset="112673623" timestamp="2021-10-18T23:44:52Z" user="user_8466505" uid="8466505" lat="19.6509652" lon="-156.0031833"/>
 <node id="4134670236" visible="true" version="1" changeset="38715438" timestamp="2016-04-20T01:42:05Z" user="Arbiter787" uid="2304330" lat="19.6501434" lon="-156.0040534"/>
 <node id="4134670237" visible="true" version="1" changeset="38715438" timestamp="2016-04-20T01:42:05Z" user="Arbiter787" uid="2304330" lat="19.6499623" lon="-156.0038384"/>
 <node id="4134670238" visible="true" version="1" changeset="38715438" timestamp="2016-04-20T01:42:05Z" user="Arbiter787" uid="2304330" lat="19.6502674" lon="-156.0039415"/>
 <node id="4134670239" visible="true" version="1" changeset="38715438" timestamp="2016-04-20T01:42:05Z" user="Arbiter787" uid="2304330" lat="19.6500831" lon="-156.0037246"/>
 <node id="4134670240" visible="true" version="1" changeset="38715438" timestamp="2016-04-20T01:42:05Z" user="Arbiter787" uid="2304330" lat="19.6503854" lon="-156.0038349"/>
 <node id="4134670241" visible="true" version="2" changeset="112673623" timestamp="2021-10-18T23:44:52Z" user="user_8466505" uid="8466505" lat="19.6502120" lon="-156.0036259"/>
 <node id="4134670242" visible="true" version="1" changeset="38715438" timestamp="2016-04-20T01:42:05Z" user="Arbiter787" uid="2304330" lat="19.6505183" lon="-156.0037150"/>
 <node id="4134670243" visible="true" version="2" changeset="112673623" timestamp="2021-10-18T23:44:52Z" user="user_8466505" uid="8466505" lat="19.6503494" lon="-156.0035136"/>
 <node id="4134670244" visible="true" version="1" changeset="38715438" timestamp="2016-04-20T01:42:05Z" user="Arbiter787" uid="2304330" lat="19.6506382" lon="-156.0036068"/>
 <node id="4134670245" visible="true" version="2" changeset="112673623" timestamp="2021-10-18T23:44:52Z" user="user_8466505" uid="8466505" lat="19.6504827" lon="-156.0034201"/>
 <node id="4134670246" visible="true" version="1" changeset="38715438" timestamp="2016-04-20T01:42:06Z" user="Arbiter787" uid="2304330" lat="19.6507695" lon="-156.0034883"/>
 <node id="4134670247" visible="true" version="2" changeset="112673623" timestamp="2021-10-18T23:44:52Z" user="user_8466505" uid="8466505" lat="19.6506212" lon="-156.0033069"/>
 <node id="4134670248" visible="true" version="1" changeset="38715438" timestamp="2016-04-20T01:42:06Z" user="Arbiter787" uid="2304330" lat="19.6508863" lon="-156.0033828"/>
 <node id="4134670249" visible="true" version="1" changeset="38715438" timestamp="2016-04-20T01:42:06Z" user="Arbiter787" uid="2304330" lat="19.6507349" lon="-156.0032015"/>
 <node id="4134670250" visible="true" version="1" changeset="38715438" timestamp="2016-04-20T01:42:06Z" user="Arbiter787" uid="2304330" lat="19.6514179" lon="-156.0037423"/>
 <node id="4134670251" visible="true" version="1" changeset="38715438" timestamp="2016-04-20T01:42:06Z" user="Arbiter787" uid="2304330" lat="19.6514062" lon="-156.0037936"/>
 <node id="4134670252" visible="true" version="1" changeset="38715438" timestamp="2016-04-20T01:42:06Z" user="Arbiter787" uid="2304330" lat="19.6513446" lon="-156.0038573"/>
 <node id="4134670253" visible="true" version="1" changeset="38715438" timestamp="2016-04-20T01:42:06Z" user="Arbiter787" uid="2304330" lat="19.6495597" lon="-156.0051650"/>
 <node id="4134670287" visible="true" version="1" changeset="38715438" timestamp="2016-04-20T01:42:06Z" user="Arbiter787" uid="2304330" lat="19.6497318" lon="-156.0039223"/>
 <node id="4134670288" visible="true" version="1" changeset="38715438" timestamp="2016-04-20T01:42:06Z" user="Arbiter787" uid="2304330" lat="19.6499885" lon="-156.0042302"/>
 <node id="4134670289" visible="true" version="5" changeset="126067579" timestamp="2022-09-11T23:54:37Z" user="Tom_Holland" uid="574654" lat="19.6510269" lon="-156.0034191"/>
 <node id="4134670290" visible="true" version="1" changeset="38715438" timestamp="2016-04-20T01:42:06Z" user="Arbiter787" uid="2304330" lat="19.6513717" lon="-156.0038073"/>
 <node id="4134670291" visible="true" version="1" changeset="38715438" timestamp="2016-04-20T01:42:06Z" user="Arbiter787" uid="2304330" lat="19.6514917" lon="-156.0037029"/>
 <node id="4134670292" visible="true" version="1" changeset="38715438" timestamp="2016-04-20T01:42:06Z" user="Arbiter787" uid="2304330" lat="19.6509317" lon="-156.0030287"/>
 <node id="4134670293" visible="true" version="1" changeset="38715438" timestamp="2016-04-20T01:42:06Z" user="Arbiter787" uid="2304330" lat="19.6507551" lon="-156.0030163"/>
 <node id="4134670294" visible="true" version="1" changeset="38715438" timestamp="2016-04-20T01:42:06Z" user="Arbiter787" uid="2304330" lat="19.6504370" lon="-156.0039160"/>
 <node id="4134670295" visible="true" version="1" changeset="38715438" timestamp="2016-04-20T01:42:06Z" user="Arbiter787" uid="2304330" lat="19.6503973" lon="-156.0038602"/>
 <node id="4365796634" visible="true" version="3" changeset="96865677" timestamp="2021-01-03T21:45:42Z" user="user_8466505" uid="8466505" lat="19.6457710" lon="-155.9937299"/>
 <node id="4365796635" visible="true" version="2" changeset="96832133" timestamp="2021-01-03T01:48:24Z" user="user_8466505" uid="8466505" lat="19.6458122" lon="-155.9936983"/>
 <node id="4365796638" visible="true" version="2" changeset="96832133" timestamp="2021-01-03T01:48:24Z" user="user_8466505" uid="8466505" lat="19.6458476" lon="-155.9936576"/>
 <node id="4365796640" visible="true" version="2" changeset="96832133" timestamp="2021-01-03T01:48:24Z" user="user_8466505" uid="8466505" lat="19.6458782" lon="-155.9936128"/>
 <node id="4365796642" visible="true" version="2" changeset="96832133" timestamp="2021-01-03T01:48:24Z" user="user_8466505" uid="8466505" lat="19.6459036" lon="-155.9935644"/>
 <node id="4365796644" visible="true" version="4" changeset="96865677" timestamp="2021-01-03T21:45:42Z" user="user_8466505" uid="8466505" lat="19.6459452" lon="-155.9932446"/>
 <node id="4365796645" visible="true" version="3" changeset="96835001" timestamp="2021-01-03T07:01:44Z" user="user_8466505" uid="8466505" lat="19.6459355" lon="-155.9934562"/>
 <node id="4365796646" visible="true" version="3" changeset="96835001" timestamp="2021-01-03T07:01:44Z" user="user_8466505" uid="8466505" lat="19.6459496" lon="-155.9933291"/>
 <node id="4365796647" visible="true" version="3" changeset="96835001" timestamp="2021-01-03T07:01:44Z" user="user_8466505" uid="8466505" lat="19.6459430" lon="-155.9934105"/>
 <node id="4365796648" visible="true" version="3" changeset="96835001" timestamp="2021-01-03T07:01:44Z" user="user_8466505" uid="8466505" lat="19.6459467" lon="-155.9933737"/>
 <node id="4365796686" visible="true" version="2" changeset="88589369" timestamp="2020-07-28T00:33:32Z" user="Your Village Maps" uid="227972" lat="19.6471171" lon="-155.9950818"/>
 <node id="4365859323" visible="true" version="3" changeset="90275623" timestamp="2020-09-02T04:59:42Z" user="user_8466505" uid="8466505" lat="19.6522710" lon="-155.9990060"/>
 <node id="4365859324" visible="true" version="3" changeset="90275623" timestamp="2020-09-02T04:59:42Z" user="user_8466505" uid="8466505" lat="19.6523083" lon="-155.9989700"/>
 <node id="4365859325" visible="true" version="3" changeset="90275623" timestamp="2020-09-02T04:59:42Z" user="user_8466505" uid="8466505" lat="19.6524085" lon="-155.9991665"/>
 <node id="4365859326" visible="true" version="3" changeset="90275623" timestamp="2020-09-02T04:59:42Z" user="user_8466505" uid="8466505" lat="19.6524460" lon="-155.9991303"/>
 <node id="4367052140" visible="true" version="2" changeset="96832133" timestamp="2021-01-03T01:48:24Z" user="user_8466505" uid="8466505" lat="19.6388122" lon="-155.9896934"/>
 <node id="4367052141" visible="true" version="2" changeset="96832133" timestamp="2021-01-03T01:48:24Z" user="user_8466505" uid="8466505" lat="19.6410535" lon="-155.9913739"/>
 <node id="4367052142" visible="true" version="3" changeset="158686317" timestamp="2024-11-03T06:35:38Z" user="BubbaJuice" uid="9941767" lat="19.6419985" lon="-155.9896087"/>
 <node id="4367052143" visible="true" version="2" changeset="96832133" timestamp="2021-01-03T01:48:24Z" user="user_8466505" uid="8466505" lat="19.6421675" lon="-155.9905920"/>
 <node id="4367052144" visible="true" version="2" changeset="96832133" timestamp="2021-01-03T01:48:24Z" user="user_8466505" uid="8466505" lat="19.6425123" lon="-155.9897914"/>
 <node id="4367206275" visible="true" version="2" changeset="96832133" timestamp="2021-01-03T01:48:24Z" user="user_8466505" uid="8466505" lat="19.6403927" lon="-155.9906876"/>
 <node id="4367207302" visible="true" version="2" changeset="96832133" timestamp="2021-01-03T01:48:24Z" user="user_8466505" uid="8466505" lat="19.6408474" lon="-155.9911382"/>
 <node id="4367207364" visible="true" version="3" changeset="158686317" timestamp="2024-11-03T06:35:38Z" user="BubbaJuice" uid="9941767" lat="19.6414740" lon="-155.9905813"/>
 <node id="4367207397" visible="true" version="2" changeset="98992170" timestamp="2021-02-09T17:31:49Z" user="user_8466505" uid="8466505" lat="19.6423804" lon="-155.9928463"/>
 <node id="4367344763" visible="true" version="3" changeset="96832133" timestamp="2021-01-03T01:48:24Z" user="user_8466505" uid="8466505" lat="19.6371908" lon="-155.9912653"/>
 <node id="4367344765" visible="true" version="3" changeset="96832133" timestamp="2021-01-03T01:48:24Z" user="user_8466505" uid="8466505" lat="19.6374445" lon="-155.9906069"/>
 <node id="4368992912" visible="true" version="1" changeset="41729099" timestamp="2016-08-27T07:01:42Z" user="Tom_Holland" uid="574654" lat="19.6498430" lon="-155.9973741"/>
 <node id="4368992913" visible="true" version="1" changeset="41729099" timestamp="2016-08-27T07:01:42Z" user="Tom_Holland" uid="574654" lat="19.6498835" lon="-155.9974734"/>
 <node id="4368992914" visible="true" version="1" changeset="41729099" timestamp="2016-08-27T07:01:42Z" user="Tom_Holland" uid="574654" lat="19.6499529" lon="-155.9974322"/>
 <node id="4368992915" visible="true" version="1" changeset="41729099" timestamp="2016-08-27T07:01:42Z" user="Tom_Holland" uid="574654" lat="19.6499592" lon="-155.9976343"/>
 <node id="4368992916" visible="true" version="1" changeset="41729099" timestamp="2016-08-27T07:01:42Z" user="Tom_Holland" uid="574654" lat="19.6500321" lon="-155.9975838"/>
 <node id="4368992917" visible="true" version="1" changeset="41729099" timestamp="2016-08-27T07:01:42Z" user="Tom_Holland" uid="574654" lat="19.6500375" lon="-155.9977926"/>
 <node id="4368992918" visible="true" version="1" changeset="41729099" timestamp="2016-08-27T07:01:42Z" user="Tom_Holland" uid="574654" lat="19.6501112" lon="-155.9977394"/>
 <node id="4368992919" visible="true" version="1" changeset="41729099" timestamp="2016-08-27T07:01:42Z" user="Tom_Holland" uid="574654" lat="19.6501158" lon="-155.9979508"/>
 <node id="4368992920" visible="true" version="1" changeset="41729099" timestamp="2016-08-27T07:01:42Z" user="Tom_Holland" uid="574654" lat="19.6501803" lon="-155.9972243"/>
 <node id="4368992921" visible="true" version="1" changeset="41729099" timestamp="2016-08-27T07:01:42Z" user="Tom_Holland" uid="574654" lat="19.6501920" lon="-155.9979038"/>
 <node id="4368992922" visible="true" version="1" changeset="41729099" timestamp="2016-08-27T07:01:42Z" user="Tom_Holland" uid="574654" lat="19.6502068" lon="-155.9981225"/>
 <node id="4368992923" visible="true" version="1" changeset="41729099" timestamp="2016-08-27T07:01:42Z" user="Tom_Holland" uid="574654" lat="19.6502292" lon="-155.9970153"/>
 <node id="4368992924" visible="true" version="1" changeset="41729099" timestamp="2016-08-27T07:01:42Z" user="Tom_Holland" uid="574654" lat="19.6502539" lon="-155.9970454"/>
 <node id="4368992925" visible="true" version="1" changeset="41729099" timestamp="2016-08-27T07:01:42Z" user="Tom_Holland" uid="574654" lat="19.6502758" lon="-155.9980610"/>
 <node id="4368992926" visible="true" version="1" changeset="41729099" timestamp="2016-08-27T07:01:42Z" user="Tom_Holland" uid="574654" lat="19.6502826" lon="-155.9970281"/>
 <node id="4368992927" visible="true" version="1" changeset="41729099" timestamp="2016-08-27T07:01:42Z" user="Tom_Holland" uid="574654" lat="19.6502836" lon="-155.9973499"/>
 <node id="4368992928" visible="true" version="1" changeset="41729099" timestamp="2016-08-27T07:01:42Z" user="Tom_Holland" uid="574654" lat="19.6503179" lon="-155.9983102"/>
 <node id="4368992929" visible="true" version="1" changeset="41729099" timestamp="2016-08-27T07:01:42Z" user="Tom_Holland" uid="574654" lat="19.6503620" lon="-155.9982157"/>
 <node id="4368992930" visible="true" version="1" changeset="41729099" timestamp="2016-08-27T07:01:42Z" user="Tom_Holland" uid="574654" lat="19.6504099" lon="-155.9972353"/>
 <node id="4368992931" visible="true" version="1" changeset="41729099" timestamp="2016-08-27T07:01:42Z" user="Tom_Holland" uid="574654" lat="19.6504872" lon="-155.9981547"/>
 <node id="4368992932" visible="true" version="1" changeset="41729099" timestamp="2016-08-27T07:01:42Z" user="Tom_Holland" uid="574654" lat="19.6504907" lon="-155.9980931"/>
 <node id="4368992933" visible="true" version="1" changeset="41729099" timestamp="2016-08-27T07:01:42Z" user="Tom_Holland" uid="574654" lat="19.6505181" lon="-155.9973629"/>
 <node id="4368992934" visible="true" version="1" changeset="41729099" timestamp="2016-08-27T07:01:42Z" user="Tom_Holland" uid="574654" lat="19.6505980" lon="-155.9982236"/>
 <node id="4368992935" visible="true" version="1" changeset="41729099" timestamp="2016-08-27T07:01:42Z" user="Tom_Holland" uid="574654" lat="19.6506283" lon="-155.9974934"/>
 <node id="4368992936" visible="true" version="1" changeset="41729099" timestamp="2016-08-27T07:01:42Z" user="Tom_Holland" uid="574654" lat="19.6507245" lon="-155.9983758"/>
 <node id="4368992937" visible="true" version="1" changeset="41729099" timestamp="2016-08-27T07:01:42Z" user="Tom_Holland" uid="574654" lat="19.6507405" lon="-155.9976136"/>
 <node id="4368992938" visible="true" version="1" changeset="41729099" timestamp="2016-08-27T07:01:42Z" user="Tom_Holland" uid="574654" lat="19.6508367" lon="-155.9984950"/>
 <node id="4368992939" visible="true" version="1" changeset="41729099" timestamp="2016-08-27T07:01:42Z" user="Tom_Holland" uid="574654" lat="19.6508459" lon="-155.9976611"/>
 <node id="4368992940" visible="true" version="1" changeset="41729099" timestamp="2016-08-27T07:01:42Z" user="Tom_Holland" uid="574654" lat="19.6508565" lon="-155.9977444"/>
 <node id="4368992941" visible="true" version="1" changeset="41729099" timestamp="2016-08-27T07:01:42Z" user="Tom_Holland" uid="574654" lat="19.6509191" lon="-155.9989888"/>
 <node id="4368992942" visible="true" version="1" changeset="41729099" timestamp="2016-08-27T07:01:42Z" user="Tom_Holland" uid="574654" lat="19.6509477" lon="-155.9986211"/>
 <node id="4368992943" visible="true" version="1" changeset="41729099" timestamp="2016-08-27T07:01:42Z" user="Tom_Holland" uid="574654" lat="19.6510054" lon="-155.9990428"/>
 <node id="4368992944" visible="true" version="1" changeset="41729099" timestamp="2016-08-27T07:01:42Z" user="Tom_Holland" uid="574654" lat="19.6510660" lon="-155.9987556"/>
 <node id="4368992945" visible="true" version="1" changeset="41729099" timestamp="2016-08-27T07:01:42Z" user="Tom_Holland" uid="574654" lat="19.6510783" lon="-155.9988359"/>
 <node id="4368992946" visible="true" version="1" changeset="41729099" timestamp="2016-08-27T07:01:42Z" user="Tom_Holland" uid="574654" lat="19.6511091" lon="-155.9991607"/>
 <node id="4368992947" visible="true" version="1" changeset="41729099" timestamp="2016-08-27T07:01:42Z" user="Tom_Holland" uid="574654" lat="19.6511514" lon="-155.9974741"/>
 <node id="4368992948" visible="true" version="1" changeset="41729099" timestamp="2016-08-27T07:01:42Z" user="Tom_Holland" uid="574654" lat="19.6511742" lon="-155.9973607"/>
 <node id="4368992949" visible="true" version="1" changeset="41729099" timestamp="2016-08-27T07:01:42Z" user="Tom_Holland" uid="574654" lat="19.6511773" lon="-155.9988821"/>
 <node id="4368992950" visible="true" version="1" changeset="41729099" timestamp="2016-08-27T07:01:42Z" user="Tom_Holland" uid="574654" lat="19.6511919" lon="-155.9978221"/>
 <node id="4368992951" visible="true" version="1" changeset="41729099" timestamp="2016-08-27T07:01:42Z" user="Tom_Holland" uid="574654" lat="19.6512213" lon="-155.9992882"/>
 <node id="4368992952" visible="true" version="1" changeset="41729099" timestamp="2016-08-27T07:01:42Z" user="Tom_Holland" uid="574654" lat="19.6513235" lon="-155.9980401"/>
 <node id="4368992953" visible="true" version="1" changeset="41729099" timestamp="2016-08-27T07:01:42Z" user="Tom_Holland" uid="574654" lat="19.6513385" lon="-155.9994213"/>
 <node id="4368992954" visible="true" version="1" changeset="41729099" timestamp="2016-08-27T07:01:42Z" user="Tom_Holland" uid="574654" lat="19.6514066" lon="-155.9976155"/>
 <node id="4368992955" visible="true" version="1" changeset="41729099" timestamp="2016-08-27T07:01:42Z" user="Tom_Holland" uid="574654" lat="19.6514345" lon="-155.9981663"/>
 <node id="4368992956" visible="true" version="1" changeset="41729099" timestamp="2016-08-27T07:01:42Z" user="Tom_Holland" uid="574654" lat="19.6515026" lon="-155.9996460"/>
 <node id="4368992957" visible="true" version="1" changeset="41729099" timestamp="2016-08-27T07:01:42Z" user="Tom_Holland" uid="574654" lat="19.6515265" lon="-155.9992456"/>
 <node id="4368992958" visible="true" version="1" changeset="41729099" timestamp="2016-08-27T07:01:42Z" user="Tom_Holland" uid="574654" lat="19.6515529" lon="-155.9983008"/>
 <node id="4368992959" visible="true" version="1" changeset="41729099" timestamp="2016-08-27T07:01:42Z" user="Tom_Holland" uid="574654" lat="19.6515875" lon="-155.9996857"/>
 <node id="4368992960" visible="true" version="1" changeset="41729099" timestamp="2016-08-27T07:01:42Z" user="Tom_Holland" uid="574654" lat="19.6516494" lon="-155.9993865"/>
 <node id="4368992961" visible="true" version="1" changeset="41729099" timestamp="2016-08-27T07:01:42Z" user="Tom_Holland" uid="574654" lat="19.6516640" lon="-155.9984270"/>
 <node id="4368992962" visible="true" version="1" changeset="41729099" timestamp="2016-08-27T07:01:42Z" user="Tom_Holland" uid="574654" lat="19.6517043" lon="-155.9998218"/>
 <node id="4368992963" visible="true" version="1" changeset="41729099" timestamp="2016-08-27T07:01:42Z" user="Tom_Holland" uid="574654" lat="19.6517649" lon="-155.9995191"/>
 <node id="4368992964" visible="true" version="1" changeset="41729099" timestamp="2016-08-27T07:01:42Z" user="Tom_Holland" uid="574654" lat="19.6517677" lon="-155.9985449"/>
 <node id="4368992965" visible="true" version="1" changeset="41729099" timestamp="2016-08-27T07:01:42Z" user="Tom_Holland" uid="574654" lat="19.6518050" lon="-155.9999374"/>
 <node id="4368992966" visible="true" version="1" changeset="41729099" timestamp="2016-08-27T07:01:42Z" user="Tom_Holland" uid="574654" lat="19.6518799" lon="-155.9986724"/>
 <node id="4368992967" visible="true" version="1" changeset="41729099" timestamp="2016-08-27T07:01:42Z" user="Tom_Holland" uid="574654" lat="19.6519219" lon="-156.0000762"/>
 <node id="4368992968" visible="true" version="1" changeset="41729099" timestamp="2016-08-27T07:01:42Z" user="Tom_Holland" uid="574654" lat="19.6519971" lon="-155.9988055"/>
 <node id="4368992969" visible="true" version="1" changeset="41729099" timestamp="2016-08-27T07:01:42Z" user="Tom_Holland" uid="574654" lat="19.6520238" lon="-156.0001933"/>
 <node id="4368992970" visible="true" version="1" changeset="41729099" timestamp="2016-08-27T07:01:42Z" user="Tom_Holland" uid="574654" lat="19.6521459" lon="-156.0003347"/>
 <node id="4368992971" visible="true" version="1" changeset="41729099" timestamp="2016-08-27T07:01:42Z" user="Tom_Holland" uid="574654" lat="19.6522300" lon="-155.9990651"/>
 <node id="4368992972" visible="true" version="1" changeset="41729099" timestamp="2016-08-27T07:01:42Z" user="Tom_Holland" uid="574654" lat="19.6522628" lon="-156.0004625"/>
 <node id="4368992973" visible="true" version="1" changeset="41729099" timestamp="2016-08-27T07:01:42Z" user="Tom_Holland" uid="574654" lat="19.6523519" lon="-155.9991985"/>
 <node id="4368992974" visible="true" version="1" changeset="41729099" timestamp="2016-08-27T07:01:42Z" user="Tom_Holland" uid="574654" lat="19.6523614" lon="-155.9991578"/>
 <node id="4368992975" visible="true" version="1" changeset="41729099" timestamp="2016-08-27T07:01:42Z" user="Tom_Holland" uid="574654" lat="19.6523768" lon="-156.0005721"/>
 <node id="4368992976" visible="true" version="1" changeset="41729099" timestamp="2016-08-27T07:01:42Z" user="Tom_Holland" uid="574654" lat="19.6524246" lon="-155.9992168"/>
 <node id="4368992977" visible="true" version="1" changeset="41729099" timestamp="2016-08-27T07:01:42Z" user="Tom_Holland" uid="574654" lat="19.6524576" lon="-155.9993142"/>
 <node id="4368992978" visible="true" version="1" changeset="41729099" timestamp="2016-08-27T07:01:42Z" user="Tom_Holland" uid="574654" lat="19.6525004" lon="-155.9992678"/>
 <node id="4368992979" visible="true" version="1" changeset="41729099" timestamp="2016-08-27T07:01:42Z" user="Tom_Holland" uid="574654" lat="19.6525029" lon="-156.0007671"/>
 <node id="4368992980" visible="true" version="1" changeset="41729099" timestamp="2016-08-27T07:01:42Z" user="Tom_Holland" uid="574654" lat="19.6525220" lon="-156.0006754"/>
 <node id="4368992981" visible="true" version="1" changeset="41729099" timestamp="2016-08-27T07:01:42Z" user="Tom_Holland" uid="574654" lat="19.6525484" lon="-155.9993161"/>
 <node id="4368992982" visible="true" version="1" changeset="41729099" timestamp="2016-08-27T07:01:42Z" user="Tom_Holland" uid="574654" lat="19.6525796" lon="-155.9994476"/>
 <node id="4368992983" visible="true" version="1" changeset="41729099" timestamp="2016-08-27T07:01:42Z" user="Tom_Holland" uid="574654" lat="19.6526088" lon="-156.0001246"/>
 <node id="4368992984" visible="true" version="1" changeset="41729099" timestamp="2016-08-27T07:01:42Z" user="Tom_Holland" uid="574654" lat="19.6526620" lon="-156.0001422"/>
 <node id="4368992985" visible="true" version="1" changeset="41729099" timestamp="2016-08-27T07:01:42Z" user="Tom_Holland" uid="574654" lat="19.6526891" lon="-155.9995674"/>
 <node id="4368992986" visible="true" version="1" changeset="41729099" timestamp="2016-08-27T07:01:43Z" user="Tom_Holland" uid="574654" lat="19.6527091" lon="-156.0002477"/>
 <node id="4368992987" visible="true" version="1" changeset="41729099" timestamp="2016-08-27T07:01:43Z" user="Tom_Holland" uid="574654" lat="19.6528036" lon="-155.9996926"/>
 <node id="4368992988" visible="true" version="1" changeset="41729099" timestamp="2016-08-27T07:01:43Z" user="Tom_Holland" uid="574654" lat="19.6528202" lon="-156.0003766"/>
 <node id="4368992989" visible="true" version="1" changeset="41729099" timestamp="2016-08-27T07:01:43Z" user="Tom_Holland" uid="574654" lat="19.6528235" lon="-155.9981907"/>
 <node id="4368992990" visible="true" version="1" changeset="41729099" timestamp="2016-08-27T07:01:43Z" user="Tom_Holland" uid="574654" lat="19.6528919" lon="-156.0004077"/>
 <node id="4368992991" visible="true" version="1" changeset="41729099" timestamp="2016-08-27T07:01:43Z" user="Tom_Holland" uid="574654" lat="19.6529205" lon="-155.9998205"/>
 <node id="4368992992" visible="true" version="1" changeset="41729099" timestamp="2016-08-27T07:01:43Z" user="Tom_Holland" uid="574654" lat="19.6529424" lon="-155.9997506"/>
 <node id="4368992993" visible="true" version="1" changeset="41729099" timestamp="2016-08-27T07:01:43Z" user="Tom_Holland" uid="574654" lat="19.6530435" lon="-155.9997854"/>
 <node id="4368992994" visible="true" version="2" changeset="90275623" timestamp="2020-09-02T04:59:42Z" user="user_8466505" uid="8466505" lat="19.6530639" lon="-155.9996846"/>
 <node id="4368992995" visible="true" version="1" changeset="41729099" timestamp="2016-08-27T07:01:43Z" user="Tom_Holland" uid="574654" lat="19.6530686" lon="-155.9999690"/>
 <node id="4368992996" visible="true" version="1" changeset="41729099" timestamp="2016-08-27T07:01:43Z" user="Tom_Holland" uid="574654" lat="19.6531645" lon="-156.0000817"/>
 <node id="4368992997" visible="true" version="1" changeset="41729099" timestamp="2016-08-27T07:01:43Z" user="Tom_Holland" uid="574654" lat="19.6531848" lon="-155.9998268"/>
 <node id="4368992998" visible="true" version="1" changeset="41729099" timestamp="2016-08-27T07:01:43Z" user="Tom_Holland" uid="574654" lat="19.6531950" lon="-155.9999544"/>
 <node id="4368992999" visible="true" version="1" changeset="41729099" timestamp="2016-08-27T07:01:43Z" user="Tom_Holland" uid="574654" lat="19.6534642" lon="-155.9995676"/>
 <node id="4368993000" visible="true" version="1" changeset="41729099" timestamp="2016-08-27T07:01:43Z" user="Tom_Holland" uid="574654" lat="19.6534880" lon="-155.9996621"/>
 <node id="4368993001" visible="true" version="1" changeset="41729099" timestamp="2016-08-27T07:01:43Z" user="Tom_Holland" uid="574654" lat="19.6535082" lon="-155.9996889"/>
 <node id="4368993002" visible="true" version="2" changeset="90275623" timestamp="2020-09-02T04:59:42Z" user="user_8466505" uid="8466505" lat="19.6536616" lon="-155.9991199"/>
 <node id="4368993003" visible="true" version="1" changeset="41729099" timestamp="2016-08-27T07:01:43Z" user="Tom_Holland" uid="574654" lat="19.6536547" lon="-155.9990586"/>
 <node id="4368993004" visible="true" version="1" changeset="41729099" timestamp="2016-08-27T07:01:43Z" user="Tom_Holland" uid="574654" lat="19.6536773" lon="-155.9991429"/>
 <node id="4368993005" visible="true" version="1" changeset="41729099" timestamp="2016-08-27T07:01:43Z" user="Tom_Holland" uid="574654" lat="19.6537558" lon="-155.9991658"/>
 <node id="5231093131" visible="true" version="1" changeset="53816346" timestamp="2017-11-15T19:51:04Z" user="mbyte" uid="505942" lat="19.6619030" lon="-156.0075266"/>
 <node id="5231093132" visible="true" version="1" changeset="53816346" timestamp="2017-11-15T19:51:04Z" user="mbyte" uid="505942" lat="19.6616558" lon="-156.0080332"/>
 <node id="5231093133" visible="true" version="1" changeset="53816346" timestamp="2017-11-15T19:51:04Z" user="mbyte" uid="505942" lat="19.6617991" lon="-156.0081121"/>
 <node id="5231093134" visible="true" version="1" changeset="53816346" timestamp="2017-11-15T19:51:04Z" user="mbyte" uid="505942" lat="19.6620464" lon="-156.0076055"/>
 <node id="5606044230" visible="true" version="2" changeset="70677898" timestamp="2019-05-28T01:00:59Z" user="Tom_Holland" uid="574654" lat="19.6593703" lon="-155.9816250"/>
 <node id="6449804133" visible="true" version="3" changeset="96832133" timestamp="2021-01-03T01:48:24Z" user="user_8466505" uid="8466505" lat="19.6371499" lon="-155.9913714"/>
 <node id="6449804134" visible="true" version="3" changeset="96832133" timestamp="2021-01-03T01:48:24Z" user="user_8466505" uid="8466505" lat="19.6374668" lon="-155.9905490"/>
 <node id="6449863072" visible="true" version="2" changeset="96832133" timestamp="2021-01-03T01:48:24Z" user="user_8466505" uid="8466505" lat="19.6371485" lon="-155.9913784"/>
 <node id="6449863073" visible="true" version="2" changeset="96832133" timestamp="2021-01-03T01:48:24Z" user="user_8466505" uid="8466505" lat="19.6371449" lon="-155.9913882"/>
 <node id="6449863074" visible="true" version="2" changeset="96832133" timestamp="2021-01-03T01:48:24Z" user="user_8466505" uid="8466505" lat="19.6371394" lon="-155.9913955"/>
 <node id="6449863075" visible="true" version="2" changeset="96832133" timestamp="2021-01-03T01:48:24Z" user="user_8466505" uid="8466505" lat="19.6371333" lon="-155.9914023"/>
 <node id="6449863076" visible="true" version="2" changeset="96832133" timestamp="2021-01-03T01:48:24Z" user="user_8466505" uid="8466505" lat="19.6371268" lon="-155.9914085"/>
 <node id="6449863077" visible="true" version="2" changeset="96832133" timestamp="2021-01-03T01:48:24Z" user="user_8466505" uid="8466505" lat="19.6371198" lon="-155.9914142"/>
 <node id="6449863078" visible="true" version="2" changeset="96832133" timestamp="2021-01-03T01:48:24Z" user="user_8466505" uid="8466505" lat="19.6371124" lon="-155.9914192"/>
 <node id="6449863079" visible="true" version="2" changeset="96832133" timestamp="2021-01-03T01:48:24Z" user="user_8466505" uid="8466505" lat="19.6370113" lon="-155.9914916"/>
 <node id="6449863080" visible="true" version="2" changeset="96832133" timestamp="2021-01-03T01:48:24Z" user="user_8466505" uid="8466505" lat="19.6369801" lon="-155.9915201"/>
 <node id="6449863081" visible="true" version="2" changeset="96832133" timestamp="2021-01-03T01:48:24Z" user="user_8466505" uid="8466505" lat="19.6369511" lon="-155.9915510"/>
 <node id="6449863082" visible="true" version="2" changeset="96832133" timestamp="2021-01-03T01:48:24Z" user="user_8466505" uid="8466505" lat="19.6369244" lon="-155.9915841"/>
 <node id="6449863083" visible="true" version="2" changeset="96832133" timestamp="2021-01-03T01:48:24Z" user="user_8466505" uid="8466505" lat="19.6369002" lon="-155.9916194"/>
 <node id="6449863084" visible="true" version="2" changeset="96832133" timestamp="2021-01-03T01:48:24Z" user="user_8466505" uid="8466505" lat="19.6368787" lon="-155.9916566"/>
 <node id="6449864486" visible="true" version="2" changeset="96832133" timestamp="2021-01-03T01:48:24Z" user="user_8466505" uid="8466505" lat="19.6367831" lon="-155.9902141"/>
 <node id="6449864487" visible="true" version="2" changeset="96832133" timestamp="2021-01-03T01:48:24Z" user="user_8466505" uid="8466505" lat="19.6374736" lon="-155.9905247"/>
 <node id="6473024587" visible="true" version="2" changeset="88595740" timestamp="2020-07-28T04:58:18Z" user="Your Village Maps" uid="227972" lat="19.6532580" lon="-156.0049635"/>
 <node id="6473024588" visible="true" version="2" changeset="88595740" timestamp="2020-07-28T04:58:18Z" user="Your Village Maps" uid="227972" lat="19.6534949" lon="-156.0051477"/>
 <node id="6473024589" visible="true" version="2" changeset="88595740" timestamp="2020-07-28T04:58:18Z" user="Your Village Maps" uid="227972" lat="19.6538673" lon="-156.0054167"/>
 <node id="6473024590" visible="true" version="2" changeset="88595740" timestamp="2020-07-28T04:58:18Z" user="Your Village Maps" uid="227972" lat="19.6542333" lon="-156.0056623"/>
 <node id="6473024591" visible="true" version="2" changeset="88595740" timestamp="2020-07-28T04:58:18Z" user="Your Village Maps" uid="227972" lat="19.6545905" lon="-156.0058816"/>
 <node id="6473024592" visible="true" version="2" changeset="88595740" timestamp="2020-07-28T04:58:18Z" user="Your Village Maps" uid="227972" lat="19.6550002" lon="-156.0061187"/>
 <node id="6473024593" visible="true" version="2" changeset="88595740" timestamp="2020-07-28T04:58:18Z" user="Your Village Maps" uid="227972" lat="19.6554069" lon="-156.0063331"/>
 <node id="6473024594" visible="true" version="2" changeset="88595740" timestamp="2020-07-28T04:58:18Z" user="Your Village Maps" uid="227972" lat="19.6588646" lon="-156.0079880"/>
 <node id="6473024595" visible="true" version="2" changeset="88595740" timestamp="2020-07-28T04:58:18Z" user="Your Village Maps" uid="227972" lat="19.6613476" lon="-156.0091749"/>
 <node id="6473055720" visible="true" version="1" changeset="70239801" timestamp="2019-05-14T15:04:09Z" user="Tom_Holland" uid="574654" lat="19.6713095" lon="-156.0145524"/>
 <node id="6502227046" visible="true" version="2" changeset="88826942" timestamp="2020-08-01T23:23:50Z" user="Tom_Holland" uid="574654" lat="19.6612033" lon="-155.9925724"/>
 <node id="6502227047" visible="true" version="2" changeset="88826942" timestamp="2020-08-01T23:23:50Z" user="Tom_Holland" uid="574654" lat="19.6613575" lon="-155.9920676"/>
 <node id="6502227048" visible="true" version="2" changeset="88826942" timestamp="2020-08-01T23:23:50Z" user="Tom_Holland" uid="574654" lat="19.6617546" lon="-155.9924806"/>
 <node id="6502227049" visible="true" version="2" changeset="88826942" timestamp="2020-08-01T23:23:50Z" user="Tom_Holland" uid="574654" lat="19.6623392" lon="-155.9929384"/>
 <node id="6502227050" visible="true" version="2" changeset="88826942" timestamp="2020-08-01T23:23:50Z" user="Tom_Holland" uid="574654" lat="19.6619794" lon="-155.9925275"/>
 <node id="6502227051" visible="true" version="2" changeset="88826942" timestamp="2020-08-01T23:23:50Z" user="Tom_Holland" uid="574654" lat="19.6620400" lon="-155.9927568"/>
 <node id="6502227052" visible="true" version="2" changeset="88826942" timestamp="2020-08-01T23:23:50Z" user="Tom_Holland" uid="574654" lat="19.6614267" lon="-155.9921995"/>
 <node id="6502227053" visible="true" version="2" changeset="88826942" timestamp="2020-08-01T23:23:50Z" user="Tom_Holland" uid="574654" lat="19.6615984" lon="-155.9923234"/>
 <node id="6502227054" visible="true" version="2" changeset="88826942" timestamp="2020-08-01T23:23:50Z" user="Tom_Holland" uid="574654" lat="19.6622288" lon="-155.9929498"/>
 <node id="6502227055" visible="true" version="2" changeset="88826942" timestamp="2020-08-01T23:23:50Z" user="Tom_Holland" uid="574654" lat="19.6612078" lon="-155.9926376"/>
 <node id="6502227056" visible="true" version="2" changeset="88826942" timestamp="2020-08-01T23:23:50Z" user="Tom_Holland" uid="574654" lat="19.6612286" lon="-155.9923381"/>
 <node id="6502227057" visible="true" version="2" changeset="88826942" timestamp="2020-08-01T23:23:50Z" user="Tom_Holland" uid="574654" lat="19.6622409" lon="-155.9929389"/>
 <node id="6502227058" visible="true" version="2" changeset="88826942" timestamp="2020-08-01T23:23:50Z" user="Tom_Holland" uid="574654" lat="19.6613417" lon="-155.9927320"/>
 <node id="6502227059" visible="true" version="2" changeset="88826942" timestamp="2020-08-01T23:23:50Z" user="Tom_Holland" uid="574654" lat="19.6620125" lon="-155.9926783"/>
 <node id="6502227060" visible="true" version="2" changeset="88826942" timestamp="2020-08-01T23:23:50Z" user="Tom_Holland" uid="574654" lat="19.6614325" lon="-155.9928298"/>
 <node id="6502227061" visible="true" version="2" changeset="88826942" timestamp="2020-08-01T23:23:50Z" user="Tom_Holland" uid="574654" lat="19.6614097" lon="-155.9922352"/>
 <node id="6502227062" visible="true" version="2" changeset="88826942" timestamp="2020-08-01T23:23:50Z" user="Tom_Holland" uid="574654" lat="19.6622067" lon="-155.9931176"/>
 <node id="6502227063" visible="true" version="2" changeset="88826942" timestamp="2020-08-01T23:23:50Z" user="Tom_Holland" uid="574654" lat="19.6611794" lon="-155.9926222"/>
 <node id="6502227064" visible="true" version="2" changeset="88826942" timestamp="2020-08-01T23:23:50Z" user="Tom_Holland" uid="574654" lat="19.6616791" lon="-155.9923852"/>
 <node id="6502227065" visible="true" version="2" changeset="88826942" timestamp="2020-08-01T23:23:50Z" user="Tom_Holland" uid="574654" lat="19.6617988" lon="-155.9925235"/>
 <node id="6502227066" visible="true" version="2" changeset="88826942" timestamp="2020-08-01T23:23:50Z" user="Tom_Holland" uid="574654" lat="19.6615155" lon="-155.9922465"/>
 <node id="6502227067" visible="true" version="2" changeset="88826942" timestamp="2020-08-01T23:23:50Z" user="Tom_Holland" uid="574654" lat="19.6616611" lon="-155.9924081"/>
 <node id="6502227068" visible="true" version="2" changeset="88826942" timestamp="2020-08-01T23:23:50Z" user="Tom_Holland" uid="574654" lat="19.6610954" lon="-155.9925986"/>
 <node id="6502227069" visible="true" version="2" changeset="88826942" timestamp="2020-08-01T23:23:50Z" user="Tom_Holland" uid="574654" lat="19.6615512" lon="-155.9921717"/>
 <node id="6502227070" visible="true" version="2" changeset="88826942" timestamp="2020-08-01T23:23:50Z" user="Tom_Holland" uid="574654" lat="19.6616121" lon="-155.9929729"/>
 <node id="6502227071" visible="true" version="2" changeset="88826942" timestamp="2020-08-01T23:23:50Z" user="Tom_Holland" uid="574654" lat="19.6618872" lon="-155.9926013"/>
 <node id="6502227072" visible="true" version="2" changeset="88826942" timestamp="2020-08-01T23:23:50Z" user="Tom_Holland" uid="574654" lat="19.6618872" lon="-155.9931699"/>
 <node id="6502227073" visible="true" version="2" changeset="88826942" timestamp="2020-08-01T23:23:50Z" user="Tom_Holland" uid="574654" lat="19.6620598" lon="-155.9927377"/>
 <node id="6502227074" visible="true" version="2" changeset="88826942" timestamp="2020-08-01T23:23:50Z" user="Tom_Holland" uid="574654" lat="19.6622825" lon="-155.9929902"/>
 <node id="6502227075" visible="true" version="2" changeset="88826942" timestamp="2020-08-01T23:23:50Z" user="Tom_Holland" uid="574654" lat="19.6619204" lon="-155.9925941"/>
 <node id="6502227076" visible="true" version="2" changeset="88826942" timestamp="2020-08-01T23:23:50Z" user="Tom_Holland" uid="574654" lat="19.6623078" lon="-155.9928789"/>
 <node id="6502227077" visible="true" version="2" changeset="88826942" timestamp="2020-08-01T23:23:50Z" user="Tom_Holland" uid="574654" lat="19.6622981" lon="-155.9928876"/>
 <node id="6502227078" visible="true" version="2" changeset="88826942" timestamp="2020-08-01T23:23:50Z" user="Tom_Holland" uid="574654" lat="19.6612898" lon="-155.9928400"/>
 <node id="6502227079" visible="true" version="2" changeset="88826942" timestamp="2020-08-01T23:23:50Z" user="Tom_Holland" uid="574654" lat="19.6617636" lon="-155.9924696"/>
 <node id="6502227080" visible="true" version="2" changeset="88826942" timestamp="2020-08-01T23:23:50Z" user="Tom_Holland" uid="574654" lat="19.6618329" lon="-155.9925503"/>
 <node id="6502227081" visible="true" version="2" changeset="88826942" timestamp="2020-08-01T23:23:50Z" user="Tom_Holland" uid="574654" lat="19.6616201" lon="-155.9923450"/>
 <node id="6502227082" visible="true" version="2" changeset="88826942" timestamp="2020-08-01T23:23:50Z" user="Tom_Holland" uid="574654" lat="19.6620663" lon="-155.9931551"/>
 <node id="6502227083" visible="true" version="2" changeset="88826942" timestamp="2020-08-01T23:23:50Z" user="Tom_Holland" uid="574654" lat="19.6618449" lon="-155.9925353"/>
 <node id="6502227084" visible="true" version="2" changeset="88826942" timestamp="2020-08-01T23:23:50Z" user="Tom_Holland" uid="574654" lat="19.6611460" lon="-155.9924932"/>
 <node id="6502227185" visible="true" version="2" changeset="88826942" timestamp="2020-08-01T23:23:50Z" user="Tom_Holland" uid="574654" lat="19.6613552" lon="-155.9923574"/>
 <node id="6502227186" visible="true" version="2" changeset="88826942" timestamp="2020-08-01T23:23:50Z" user="Tom_Holland" uid="574654" lat="19.6621158" lon="-155.9933000"/>
 <node id="6502227187" visible="true" version="2" changeset="88826942" timestamp="2020-08-01T23:23:50Z" user="Tom_Holland" uid="574654" lat="19.6613322" lon="-155.9923451"/>
 <node id="6502227188" visible="true" version="2" changeset="88826942" timestamp="2020-08-01T23:23:50Z" user="Tom_Holland" uid="574654" lat="19.6610435" lon="-155.9927065"/>
 <node id="6502227189" visible="true" version="2" changeset="88826942" timestamp="2020-08-01T23:23:50Z" user="Tom_Holland" uid="574654" lat="19.6613765" lon="-155.9922566"/>
 <node id="6502227190" visible="true" version="2" changeset="88826942" timestamp="2020-08-01T23:23:50Z" user="Tom_Holland" uid="574654" lat="19.6621615" lon="-155.9932093"/>
 <node id="6502227191" visible="true" version="2" changeset="88826942" timestamp="2020-08-01T23:23:50Z" user="Tom_Holland" uid="574654" lat="19.6619055" lon="-155.9925792"/>
 <node id="6502227192" visible="true" version="2" changeset="88826942" timestamp="2020-08-01T23:23:50Z" user="Tom_Holland" uid="574654" lat="19.6619330" lon="-155.9930792"/>
 <node id="6502227193" visible="true" version="2" changeset="88826942" timestamp="2020-08-01T23:23:50Z" user="Tom_Holland" uid="574654" lat="19.6620792" lon="-155.9925919"/>
 <node id="6502227194" visible="true" version="2" changeset="88826942" timestamp="2020-08-01T23:23:50Z" user="Tom_Holland" uid="574654" lat="19.6613137" lon="-155.9923839"/>
 <node id="6502227195" visible="true" version="2" changeset="88826942" timestamp="2020-08-01T23:23:50Z" user="Tom_Holland" uid="574654" lat="19.6621109" lon="-155.9930644"/>
 <node id="6502227196" visible="true" version="2" changeset="88826942" timestamp="2020-08-01T23:23:50Z" user="Tom_Holland" uid="574654" lat="19.6616533" lon="-155.9929952"/>
 <node id="6502227197" visible="true" version="2" changeset="88826942" timestamp="2020-08-01T23:23:50Z" user="Tom_Holland" uid="574654" lat="19.6618146" lon="-155.9925049"/>
 <node id="6502227198" visible="true" version="2" changeset="88826942" timestamp="2020-08-01T23:23:50Z" user="Tom_Holland" uid="574654" lat="19.6616813" lon="-155.9922298"/>
 <node id="6502227199" visible="true" version="2" changeset="88826942" timestamp="2020-08-01T23:23:50Z" user="Tom_Holland" uid="574654" lat="19.6611710" lon="-155.9926396"/>
 <node id="6502227200" visible="true" version="2" changeset="88826942" timestamp="2020-08-01T23:23:50Z" user="Tom_Holland" uid="574654" lat="19.6616094" lon="-155.9923599"/>
 <node id="6502227201" visible="true" version="2" changeset="88826942" timestamp="2020-08-01T23:23:50Z" user="Tom_Holland" uid="574654" lat="19.6613978" lon="-155.9922680"/>
 <node id="6502227202" visible="true" version="2" changeset="88826942" timestamp="2020-08-01T23:23:50Z" user="Tom_Holland" uid="574654" lat="19.6612217" lon="-155.9925342"/>
 <node id="6502227203" visible="true" version="2" changeset="88826942" timestamp="2020-08-01T23:23:50Z" user="Tom_Holland" uid="574654" lat="19.6614779" lon="-155.9922263"/>
 <node id="6502227204" visible="true" version="2" changeset="88826942" timestamp="2020-08-01T23:23:50Z" user="Tom_Holland" uid="574654" lat="19.6614084" lon="-155.9921897"/>
 <node id="6502227205" visible="true" version="2" changeset="88826942" timestamp="2020-08-01T23:23:50Z" user="Tom_Holland" uid="574654" lat="19.6616279" lon="-155.9930482"/>
 <node id="6502227206" visible="true" version="2" changeset="88826942" timestamp="2020-08-01T23:23:50Z" user="Tom_Holland" uid="574654" lat="19.6620002" lon="-155.9926628"/>
 <node id="6502227207" visible="true" version="2" changeset="88826942" timestamp="2020-08-01T23:23:50Z" user="Tom_Holland" uid="574654" lat="19.6612318" lon="-155.9925879"/>
 <node id="6502227208" visible="true" version="2" changeset="88826942" timestamp="2020-08-01T23:23:50Z" user="Tom_Holland" uid="574654" lat="19.6613896" lon="-155.9929191"/>
 <node id="6502227209" visible="true" version="2" changeset="88826942" timestamp="2020-08-01T23:23:50Z" user="Tom_Holland" uid="574654" lat="19.6619908" lon="-155.9926992"/>
 <node id="6502227210" visible="true" version="2" changeset="88826942" timestamp="2020-08-01T23:23:50Z" user="Tom_Holland" uid="574654" lat="19.6616296" lon="-155.9929365"/>
 <node id="6502227211" visible="true" version="2" changeset="88826942" timestamp="2020-08-01T23:23:50Z" user="Tom_Holland" uid="574654" lat="19.6614606" lon="-155.9922626"/>
 <node id="6502227212" visible="true" version="2" changeset="88826942" timestamp="2020-08-01T23:23:50Z" user="Tom_Holland" uid="574654" lat="19.6614639" lon="-155.9932050"/>
 <node id="6502227213" visible="true" version="2" changeset="88826942" timestamp="2020-08-01T23:23:50Z" user="Tom_Holland" uid="574654" lat="19.6614073" lon="-155.9933147"/>
 <node id="6502227214" visible="true" version="2" changeset="88826942" timestamp="2020-08-01T23:23:50Z" user="Tom_Holland" uid="574654" lat="19.6616008" lon="-155.9934272"/>
 <node id="6502227215" visible="true" version="2" changeset="88826942" timestamp="2020-08-01T23:23:50Z" user="Tom_Holland" uid="574654" lat="19.6616574" lon="-155.9933174"/>
 <node id="6502227216" visible="true" version="2" changeset="88826942" timestamp="2020-08-01T23:23:50Z" user="Tom_Holland" uid="574654" lat="19.6618720" lon="-155.9934498"/>
 <node id="6502227217" visible="true" version="2" changeset="88826942" timestamp="2020-08-01T23:23:50Z" user="Tom_Holland" uid="574654" lat="19.6618669" lon="-155.9934599"/>
 <node id="6502227218" visible="true" version="2" changeset="88826942" timestamp="2020-08-01T23:23:50Z" user="Tom_Holland" uid="574654" lat="19.6619268" lon="-155.9934937"/>
 <node id="6502227219" visible="true" version="2" changeset="88826942" timestamp="2020-08-01T23:23:50Z" user="Tom_Holland" uid="574654" lat="19.6618985" lon="-155.9935503"/>
 <node id="6502227220" visible="true" version="2" changeset="88826942" timestamp="2020-08-01T23:23:50Z" user="Tom_Holland" uid="574654" lat="19.6619093" lon="-155.9935564"/>
 <node id="6502227221" visible="true" version="2" changeset="88826942" timestamp="2020-08-01T23:23:50Z" user="Tom_Holland" uid="574654" lat="19.6618479" lon="-155.9936787"/>
 <node id="6502227222" visible="true" version="2" changeset="88826942" timestamp="2020-08-01T23:23:50Z" user="Tom_Holland" uid="574654" lat="19.6617557" lon="-155.9936264"/>
 <node id="6502227223" visible="true" version="2" changeset="88826942" timestamp="2020-08-01T23:23:50Z" user="Tom_Holland" uid="574654" lat="19.6618046" lon="-155.9935291"/>
 <node id="6502227224" visible="true" version="2" changeset="88826942" timestamp="2020-08-01T23:23:50Z" user="Tom_Holland" uid="574654" lat="19.6616985" lon="-155.9934691"/>
 <node id="6502227225" visible="true" version="2" changeset="88826942" timestamp="2020-08-01T23:23:50Z" user="Tom_Holland" uid="574654" lat="19.6617444" lon="-155.9933776"/>
 <node id="6502227226" visible="true" version="2" changeset="88826942" timestamp="2020-08-01T23:23:50Z" user="Tom_Holland" uid="574654" lat="19.6616517" lon="-155.9938923"/>
 <node id="6502227227" visible="true" version="2" changeset="88826942" timestamp="2020-08-01T23:23:50Z" user="Tom_Holland" uid="574654" lat="19.6616569" lon="-155.9938823"/>
 <node id="6502227228" visible="true" version="2" changeset="88826942" timestamp="2020-08-01T23:23:50Z" user="Tom_Holland" uid="574654" lat="19.6617164" lon="-155.9939169"/>
 <node id="6502227229" visible="true" version="2" changeset="88826942" timestamp="2020-08-01T23:23:50Z" user="Tom_Holland" uid="574654" lat="19.6617454" lon="-155.9938607"/>
 <node id="6502227230" visible="true" version="2" changeset="88826942" timestamp="2020-08-01T23:23:50Z" user="Tom_Holland" uid="574654" lat="19.6617561" lon="-155.9938670"/>
 <node id="6502227231" visible="true" version="2" changeset="88826942" timestamp="2020-08-01T23:23:50Z" user="Tom_Holland" uid="574654" lat="19.6618188" lon="-155.9937455"/>
 <node id="6502227232" visible="true" version="2" changeset="88826942" timestamp="2020-08-01T23:23:50Z" user="Tom_Holland" uid="574654" lat="19.6617271" lon="-155.9936922"/>
 <node id="6502227233" visible="true" version="2" changeset="88826942" timestamp="2020-08-01T23:23:50Z" user="Tom_Holland" uid="574654" lat="19.6616772" lon="-155.9937889"/>
 <node id="6502227234" visible="true" version="2" changeset="88826942" timestamp="2020-08-01T23:23:50Z" user="Tom_Holland" uid="574654" lat="19.6615111" lon="-155.9936924"/>
 <node id="6502227235" visible="true" version="2" changeset="88826942" timestamp="2020-08-01T23:23:50Z" user="Tom_Holland" uid="574654" lat="19.6614642" lon="-155.9937834"/>
 <node id="6502227236" visible="true" version="2" changeset="88826942" timestamp="2020-08-01T23:23:50Z" user="Tom_Holland" uid="574654" lat="19.6610167" lon="-155.9934317"/>
 <node id="6502227237" visible="true" version="2" changeset="88826942" timestamp="2020-08-01T23:23:50Z" user="Tom_Holland" uid="574654" lat="19.6611468" lon="-155.9934544"/>
 <node id="6502227238" visible="true" version="2" changeset="88826942" timestamp="2020-08-01T23:23:50Z" user="Tom_Holland" uid="574654" lat="19.6613372" lon="-155.9935920"/>
 <node id="6502227239" visible="true" version="2" changeset="88826942" timestamp="2020-08-01T23:23:50Z" user="Tom_Holland" uid="574654" lat="19.6612949" lon="-155.9935400"/>
 <node id="6502227240" visible="true" version="2" changeset="88826942" timestamp="2020-08-01T23:23:50Z" user="Tom_Holland" uid="574654" lat="19.6612593" lon="-155.9935197"/>
 <node id="6502227241" visible="true" version="2" changeset="88826942" timestamp="2020-08-01T23:23:50Z" user="Tom_Holland" uid="574654" lat="19.6611975" lon="-155.9934833"/>
 <node id="6502227242" visible="true" version="2" changeset="88826942" timestamp="2020-08-01T23:23:50Z" user="Tom_Holland" uid="574654" lat="19.6610119" lon="-155.9934290"/>
 <node id="6502227243" visible="true" version="2" changeset="88826942" timestamp="2020-08-01T23:23:50Z" user="Tom_Holland" uid="574654" lat="19.6610436" lon="-155.9933663"/>
 <node id="6502227244" visible="true" version="2" changeset="88826942" timestamp="2020-08-01T23:23:50Z" user="Tom_Holland" uid="574654" lat="19.6611583" lon="-155.9934317"/>
 <node id="6502227245" visible="true" version="2" changeset="88826942" timestamp="2020-08-01T23:23:50Z" user="Tom_Holland" uid="574654" lat="19.6612100" lon="-155.9934586"/>
 <node id="6502227246" visible="true" version="2" changeset="88826942" timestamp="2020-08-01T23:23:50Z" user="Tom_Holland" uid="574654" lat="19.6612723" lon="-155.9934940"/>
 <node id="6502227247" visible="true" version="2" changeset="88826942" timestamp="2020-08-01T23:23:50Z" user="Tom_Holland" uid="574654" lat="19.6613010" lon="-155.9935279"/>
 <node id="6502227248" visible="true" version="2" changeset="88826942" timestamp="2020-08-01T23:23:50Z" user="Tom_Holland" uid="574654" lat="19.6613543" lon="-155.9935582"/>
 <node id="6502227249" visible="true" version="2" changeset="88826942" timestamp="2020-08-01T23:23:50Z" user="Tom_Holland" uid="574654" lat="19.6613723" lon="-155.9936120"/>
 <node id="6502227250" visible="true" version="2" changeset="88826942" timestamp="2020-08-01T23:23:50Z" user="Tom_Holland" uid="574654" lat="19.6609894" lon="-155.9934858"/>
 <node id="6502227251" visible="true" version="2" changeset="88826942" timestamp="2020-08-01T23:23:50Z" user="Tom_Holland" uid="574654" lat="19.6613362" lon="-155.9936834"/>
 <node id="6502227252" visible="true" version="2" changeset="88826942" timestamp="2020-08-01T23:23:50Z" user="Tom_Holland" uid="574654" lat="19.6609797" lon="-155.9929017"/>
 <node id="6502227253" visible="true" version="2" changeset="88826942" timestamp="2020-08-01T23:23:50Z" user="Tom_Holland" uid="574654" lat="19.6609746" lon="-155.9929118"/>
 <node id="6502227254" visible="true" version="2" changeset="88826942" timestamp="2020-08-01T23:23:50Z" user="Tom_Holland" uid="574654" lat="19.6609146" lon="-155.9928783"/>
 <node id="6502227255" visible="true" version="2" changeset="88826942" timestamp="2020-08-01T23:23:50Z" user="Tom_Holland" uid="574654" lat="19.6608865" lon="-155.9929350"/>
 <node id="6502227256" visible="true" version="2" changeset="88826942" timestamp="2020-08-01T23:23:50Z" user="Tom_Holland" uid="574654" lat="19.6608756" lon="-155.9929290"/>
 <node id="6502227257" visible="true" version="2" changeset="88826942" timestamp="2020-08-01T23:23:50Z" user="Tom_Holland" uid="574654" lat="19.6608151" lon="-155.9930517"/>
 <node id="6502227258" visible="true" version="2" changeset="88826942" timestamp="2020-08-01T23:23:50Z" user="Tom_Holland" uid="574654" lat="19.6609078" lon="-155.9931032"/>
 <node id="6502227259" visible="true" version="2" changeset="88826942" timestamp="2020-08-01T23:23:50Z" user="Tom_Holland" uid="574654" lat="19.6609559" lon="-155.9930055"/>
 <node id="6502227260" visible="true" version="2" changeset="88826942" timestamp="2020-08-01T23:23:50Z" user="Tom_Holland" uid="574654" lat="19.6610624" lon="-155.9930648"/>
 <node id="6502227261" visible="true" version="2" changeset="88826942" timestamp="2020-08-01T23:23:50Z" user="Tom_Holland" uid="574654" lat="19.6611077" lon="-155.9929729"/>
 <node id="6502227262" visible="true" version="2" changeset="88826942" timestamp="2020-08-01T23:23:50Z" user="Tom_Holland" uid="574654" lat="19.6607643" lon="-155.9933340"/>
 <node id="6502227263" visible="true" version="2" changeset="88826942" timestamp="2020-08-01T23:23:50Z" user="Tom_Holland" uid="574654" lat="19.6607312" lon="-155.9932442"/>
 <node id="6502227264" visible="true" version="2" changeset="88826942" timestamp="2020-08-01T23:23:50Z" user="Tom_Holland" uid="574654" lat="19.6608255" lon="-155.9932636"/>
 <node id="6502227265" visible="true" version="2" changeset="88826942" timestamp="2020-08-01T23:23:50Z" user="Tom_Holland" uid="574654" lat="19.6607038" lon="-155.9933013"/>
 <node id="6502227266" visible="true" version="2" changeset="88826942" timestamp="2020-08-01T23:23:50Z" user="Tom_Holland" uid="574654" lat="19.6609326" lon="-155.9933216"/>
 <node id="6502227267" visible="true" version="2" changeset="88826942" timestamp="2020-08-01T23:23:50Z" user="Tom_Holland" uid="574654" lat="19.6607594" lon="-155.9933442"/>
 <node id="6502227268" visible="true" version="2" changeset="88826942" timestamp="2020-08-01T23:23:50Z" user="Tom_Holland" uid="574654" lat="19.6608882" lon="-155.9934140"/>
 <node id="6502227269" visible="true" version="2" changeset="88826942" timestamp="2020-08-01T23:23:50Z" user="Tom_Holland" uid="574654" lat="19.6608727" lon="-155.9931654"/>
 <node id="6502227270" visible="true" version="2" changeset="88826942" timestamp="2020-08-01T23:23:50Z" user="Tom_Holland" uid="574654" lat="19.6607796" lon="-155.9931149"/>
 <node id="6502227271" visible="true" version="2" changeset="88826942" timestamp="2020-08-01T23:23:50Z" user="Tom_Holland" uid="574654" lat="19.6607203" lon="-155.9932383"/>
 <node id="6502227272" visible="true" version="3" changeset="88826942" timestamp="2020-08-01T23:23:50Z" user="Tom_Holland" uid="574654" lat="19.6610083" lon="-155.9923237"/>
 <node id="6502227273" visible="true" version="2" changeset="88826942" timestamp="2020-08-01T23:23:50Z" user="Tom_Holland" uid="574654" lat="19.6612502" lon="-155.9924451"/>
 <node id="6502227274" visible="true" version="2" changeset="88826942" timestamp="2020-08-01T23:23:50Z" user="Tom_Holland" uid="574654" lat="19.6612581" lon="-155.9924505"/>
 <node id="6502227275" visible="true" version="2" changeset="88826942" timestamp="2020-08-01T23:23:50Z" user="Tom_Holland" uid="574654" lat="19.6612656" lon="-155.9924567"/>
 <node id="6502227276" visible="true" version="2" changeset="88826942" timestamp="2020-08-01T23:23:50Z" user="Tom_Holland" uid="574654" lat="19.6612789" lon="-155.9924709"/>
 <node id="6502227277" visible="true" version="2" changeset="88826942" timestamp="2020-08-01T23:23:50Z" user="Tom_Holland" uid="574654" lat="19.6612847" lon="-155.9924788"/>
 <node id="6502227278" visible="true" version="2" changeset="88826942" timestamp="2020-08-01T23:23:50Z" user="Tom_Holland" uid="574654" lat="19.6612419" lon="-155.9924403"/>
 <node id="6502227279" visible="true" version="2" changeset="88826942" timestamp="2020-08-01T23:23:50Z" user="Tom_Holland" uid="574654" lat="19.6612725" lon="-155.9924635"/>
 <node id="6502227280" visible="true" version="2" changeset="88826942" timestamp="2020-08-01T23:23:50Z" user="Tom_Holland" uid="574654" lat="19.6612898" lon="-155.9924873"/>
 <node id="6502227281" visible="true" version="2" changeset="88826942" timestamp="2020-08-01T23:23:50Z" user="Tom_Holland" uid="574654" lat="19.6613422" lon="-155.9925722"/>
 <node id="6502227282" visible="true" version="2" changeset="88826942" timestamp="2020-08-01T23:23:50Z" user="Tom_Holland" uid="574654" lat="19.6613642" lon="-155.9926029"/>
 <node id="6502227283" visible="true" version="2" changeset="88826942" timestamp="2020-08-01T23:23:50Z" user="Tom_Holland" uid="574654" lat="19.6613767" lon="-155.9926169"/>
 <node id="6502227284" visible="true" version="2" changeset="88826942" timestamp="2020-08-01T23:23:50Z" user="Tom_Holland" uid="574654" lat="19.6613328" lon="-155.9925557"/>
 <node id="6502227285" visible="true" version="2" changeset="88826942" timestamp="2020-08-01T23:23:50Z" user="Tom_Holland" uid="574654" lat="19.6613902" lon="-155.9926299"/>
 <node id="6502227286" visible="true" version="2" changeset="88826942" timestamp="2020-08-01T23:23:50Z" user="Tom_Holland" uid="574654" lat="19.6613745" lon="-155.9924055"/>
 <node id="6502227287" visible="true" version="2" changeset="88826942" timestamp="2020-08-01T23:23:50Z" user="Tom_Holland" uid="574654" lat="19.6614843" lon="-155.9924631"/>
 <node id="6502227288" visible="true" version="2" changeset="88826942" timestamp="2020-08-01T23:23:50Z" user="Tom_Holland" uid="574654" lat="19.6617438" lon="-155.9931190"/>
 <node id="6502227289" visible="true" version="2" changeset="88826942" timestamp="2020-08-01T23:23:50Z" user="Tom_Holland" uid="574654" lat="19.6615519" lon="-155.9925073"/>
 <node id="6502227290" visible="true" version="2" changeset="88826942" timestamp="2020-08-01T23:23:50Z" user="Tom_Holland" uid="574654" lat="19.6617565" lon="-155.9926924"/>
 <node id="6502227291" visible="true" version="2" changeset="88826942" timestamp="2020-08-01T23:23:50Z" user="Tom_Holland" uid="574654" lat="19.6613526" lon="-155.9925880"/>
 <node id="6502227292" visible="true" version="2" changeset="88826942" timestamp="2020-08-01T23:23:50Z" user="Tom_Holland" uid="574654" lat="19.6617023" lon="-155.9928139"/>
 <node id="6502227293" visible="true" version="2" changeset="88826942" timestamp="2020-08-01T23:23:50Z" user="Tom_Holland" uid="574654" lat="19.6618550" lon="-155.9929002"/>
 <node id="6502227294" visible="true" version="2" changeset="88826942" timestamp="2020-08-01T23:23:50Z" user="Tom_Holland" uid="574654" lat="19.6620672" lon="-155.9930182"/>
 <node id="6502227295" visible="true" version="2" changeset="88826942" timestamp="2020-08-01T23:23:50Z" user="Tom_Holland" uid="574654" lat="19.6611396" lon="-155.9930935"/>
 <node id="6502227296" visible="true" version="2" changeset="88826942" timestamp="2020-08-01T23:23:50Z" user="Tom_Holland" uid="574654" lat="19.6613593" lon="-155.9932276"/>
 <node id="6502227297" visible="true" version="2" changeset="88826942" timestamp="2020-08-01T23:23:50Z" user="Tom_Holland" uid="574654" lat="19.6612733" lon="-155.9931751"/>
 <node id="6502227298" visible="true" version="2" changeset="88826942" timestamp="2020-08-01T23:23:50Z" user="Tom_Holland" uid="574654" lat="19.6611902" lon="-155.9933384"/>
 <node id="6502227299" visible="true" version="2" changeset="88826942" timestamp="2020-08-01T23:23:50Z" user="Tom_Holland" uid="574654" lat="19.6609084" lon="-155.9931753"/>
 <node id="6502227300" visible="true" version="2" changeset="88826942" timestamp="2020-08-01T23:23:50Z" user="Tom_Holland" uid="574654" lat="19.6616750" lon="-155.9936165"/>
 <node id="6502227301" visible="true" version="2" changeset="88826942" timestamp="2020-08-01T23:23:50Z" user="Tom_Holland" uid="574654" lat="19.6614944" lon="-155.9935146"/>
 <node id="6502227302" visible="true" version="2" changeset="88826942" timestamp="2020-08-01T23:23:50Z" user="Tom_Holland" uid="574654" lat="19.6613238" lon="-155.9938474"/>
 <node id="6502227315" visible="true" version="3" changeset="88826942" timestamp="2020-08-01T23:23:50Z" user="Tom_Holland" uid="574654" lat="19.6620931" lon="-155.9933737"/>
 <node id="6502227334" visible="true" version="2" changeset="88826942" timestamp="2020-08-01T23:23:50Z" user="Tom_Holland" uid="574654" lat="19.6616233" lon="-155.9940228"/>
 <node id="6502227335" visible="true" version="2" changeset="88826942" timestamp="2020-08-01T23:23:50Z" user="Tom_Holland" uid="574654" lat="19.6591151" lon="-155.9925664"/>
 <node id="6502227349" visible="true" version="3" changeset="88826942" timestamp="2020-08-01T23:23:50Z" user="Tom_Holland" uid="574654" lat="19.6612018" lon="-155.9919481"/>
 <node id="6502227350" visible="true" version="2" changeset="88826942" timestamp="2020-08-01T23:23:50Z" user="Tom_Holland" uid="574654" lat="19.6604791" lon="-155.9933523"/>
 <node id="6502227351" visible="true" version="3" changeset="88826942" timestamp="2020-08-01T23:23:50Z" user="Tom_Holland" uid="574654" lat="19.6598031" lon="-155.9946374"/>
 <node id="6502230252" visible="true" version="2" changeset="88826942" timestamp="2020-08-01T23:23:50Z" user="Tom_Holland" uid="574654" lat="19.6608759" lon="-155.9927238">
  <tag k="natural" v="tree"/>
 </node>
 <node id="6502230253" visible="true" version="2" changeset="88826942" timestamp="2020-08-01T23:23:50Z" user="Tom_Holland" uid="574654" lat="19.6609921" lon="-155.9925030">
  <tag k="natural" v="tree"/>
 </node>
 <node id="6502230254" visible="true" version="2" changeset="88826942" timestamp="2020-08-01T23:23:50Z" user="Tom_Holland" uid="574654" lat="19.6606053" lon="-155.9932432">
  <tag k="natural" v="tree"/>
 </node>
 <node id="6502230255" visible="true" version="2" changeset="88826942" timestamp="2020-08-01T23:23:50Z" user="Tom_Holland" uid="574654" lat="19.6611737" lon="-155.9921605">
  <tag k="natural" v="tree"/>
 </node>
 <node id="6502230256" visible="true" version="2" changeset="88826942" timestamp="2020-08-01T23:23:50Z" user="Tom_Holland" uid="574654" lat="19.6607005" lon="-155.9930723">
  <tag k="natural" v="tree"/>
 </node>
 <node id="6502230257" visible="true" version="2" changeset="88826942" timestamp="2020-08-01T23:23:50Z" user="Tom_Holland" uid="574654" lat="19.6607949" lon="-155.9928771">
  <tag k="natural" v="tree"/>
 </node>
 <node id="6502230258" visible="true" version="2" changeset="88826942" timestamp="2020-08-01T23:23:50Z" user="Tom_Holland" uid="574654" lat="19.6604904" lon="-155.9931830">
  <tag k="natural" v="tree"/>
 </node>
 <node id="6502230259" visible="true" version="2" changeset="88826942" timestamp="2020-08-01T23:23:50Z" user="Tom_Holland" uid="574654" lat="19.6608747" lon="-155.9924293">
  <tag k="natural" v="tree"/>
 </node>
 <node id="6502230260" visible="true" version="2" changeset="88826942" timestamp="2020-08-01T23:23:50Z" user="Tom_Holland" uid="574654" lat="19.6607585" lon="-155.9926448">
  <tag k="natural" v="tree"/>
 </node>
 <node id="6502230261" visible="true" version="2" changeset="88826942" timestamp="2020-08-01T23:23:50Z" user="Tom_Holland" uid="574654" lat="19.6606750" lon="-155.9928062">
  <tag k="natural" v="tree"/>
 </node>
 <node id="6502230262" visible="true" version="2" changeset="88826942" timestamp="2020-08-01T23:23:50Z" user="Tom_Holland" uid="574654" lat="19.6605856" lon="-155.9929880">
  <tag k="natural" v="tree"/>
 </node>
 <node id="6502230263" visible="true" version="2" changeset="88826942" timestamp="2020-08-01T23:23:50Z" user="Tom_Holland" uid="574654" lat="19.6610512" lon="-155.9920815">
  <tag k="natural" v="tree"/>
 </node>
 <node id="6502230264" visible="true" version="2" changeset="88826942" timestamp="2020-08-01T23:23:50Z" user="Tom_Holland" uid="574654" lat="19.6609515" lon="-155.9922753">
  <tag k="natural" v="tree"/>
 </node>
 <node id="6502230265" visible="true" version="2" changeset="88826942" timestamp="2020-08-01T23:23:50Z" user="Tom_Holland" uid="574654" lat="19.6614982" lon="-155.9938847">
  <tag k="natural" v="tree"/>
 </node>
 <node id="6502230266" visible="true" version="2" changeset="88826942" timestamp="2020-08-01T23:23:50Z" user="Tom_Holland" uid="574654" lat="19.6613812" lon="-155.9938166">
  <tag k="natural" v="tree"/>
 </node>
 <node id="6502230267" visible="true" version="2" changeset="88826942" timestamp="2020-08-01T23:23:50Z" user="Tom_Holland" uid="574654" lat="19.6612039" lon="-155.9937134">
  <tag k="natural" v="tree"/>
 </node>
 <node id="6502230268" visible="true" version="2" changeset="88826942" timestamp="2020-08-01T23:23:50Z" user="Tom_Holland" uid="574654" lat="19.6610708" lon="-155.9936360">
  <tag k="natural" v="tree"/>
 </node>
 <node id="6502230269" visible="true" version="2" changeset="88826942" timestamp="2020-08-01T23:23:50Z" user="Tom_Holland" uid="574654" lat="19.6609522" lon="-155.9935669">
  <tag k="natural" v="tree"/>
 </node>
 <node id="6502230270" visible="true" version="2" changeset="88826942" timestamp="2020-08-01T23:23:50Z" user="Tom_Holland" uid="574654" lat="19.6608033" lon="-155.9934803">
  <tag k="natural" v="tree"/>
 </node>
 <node id="6502230271" visible="true" version="2" changeset="88826942" timestamp="2020-08-01T23:23:50Z" user="Tom_Holland" uid="574654" lat="19.6606824" lon="-155.9934100">
  <tag k="natural" v="tree"/>
 </node>
 <node id="6502230272" visible="true" version="2" changeset="88826942" timestamp="2020-08-01T23:23:50Z" user="Tom_Holland" uid="574654" lat="19.6606331" lon="-155.9935105">
  <tag k="natural" v="tree"/>
 </node>
 <node id="6502230273" visible="true" version="2" changeset="88826942" timestamp="2020-08-01T23:23:50Z" user="Tom_Holland" uid="574654" lat="19.6607540" lon="-155.9935809">
  <tag k="natural" v="tree"/>
 </node>
 <node id="6502230274" visible="true" version="2" changeset="88826942" timestamp="2020-08-01T23:23:50Z" user="Tom_Holland" uid="574654" lat="19.6609029" lon="-155.9936675">
  <tag k="natural" v="tree"/>
 </node>
 <node id="6502230275" visible="true" version="2" changeset="88826942" timestamp="2020-08-01T23:23:50Z" user="Tom_Holland" uid="574654" lat="19.6610215" lon="-155.9937365">
  <tag k="natural" v="tree"/>
 </node>
 <node id="6502230276" visible="true" version="2" changeset="88826942" timestamp="2020-08-01T23:23:50Z" user="Tom_Holland" uid="574654" lat="19.6611546" lon="-155.9938140">
  <tag k="natural" v="tree"/>
 </node>
 <node id="6502230277" visible="true" version="2" changeset="88826942" timestamp="2020-08-01T23:23:50Z" user="Tom_Holland" uid="574654" lat="19.6613319" lon="-155.9939172">
  <tag k="natural" v="tree"/>
 </node>
 <node id="6502230278" visible="true" version="2" changeset="88826942" timestamp="2020-08-01T23:23:50Z" user="Tom_Holland" uid="574654" lat="19.6614490" lon="-155.9939853">
  <tag k="natural" v="tree"/>
 </node>
 <node id="6502230279" visible="true" version="2" changeset="88826942" timestamp="2020-08-01T23:23:50Z" user="Tom_Holland" uid="574654" lat="19.6600764" lon="-155.9939393">
  <tag k="natural" v="tree"/>
 </node>
 <node id="6502230280" visible="true" version="2" changeset="88826942" timestamp="2020-08-01T23:23:50Z" user="Tom_Holland" uid="574654" lat="19.6602416" lon="-155.9936259">
  <tag k="natural" v="tree"/>
 </node>
 <node id="6502230281" visible="true" version="2" changeset="88826942" timestamp="2020-08-01T23:23:50Z" user="Tom_Holland" uid="574654" lat="19.6599461" lon="-155.9941865">
  <tag k="natural" v="tree"/>
 </node>
 <node id="6502230282" visible="true" version="2" changeset="88826942" timestamp="2020-08-01T23:23:50Z" user="Tom_Holland" uid="574654" lat="19.6603755" lon="-155.9937144">
  <tag k="natural" v="tree"/>
 </node>
 <node id="6502230283" visible="true" version="2" changeset="88826942" timestamp="2020-08-01T23:23:50Z" user="Tom_Holland" uid="574654" lat="19.6602089" lon="-155.9940270">
  <tag k="natural" v="tree"/>
 </node>
 <node id="6502230284" visible="true" version="2" changeset="88826942" timestamp="2020-08-01T23:23:50Z" user="Tom_Holland" uid="574654" lat="19.6600825" lon="-155.9942642">
  <tag k="natural" v="tree"/>
 </node>
 <node id="6505117810" visible="true" version="1" changeset="70677898" timestamp="2019-05-28T01:00:54Z" user="Tom_Holland" uid="574654" lat="19.6506002" lon="-155.9870732"/>
 <node id="6505117811" visible="true" version="1" changeset="70677898" timestamp="2019-05-28T01:00:54Z" user="Tom_Holland" uid="574654" lat="19.6512519" lon="-155.9861291"/>
 <node id="6505117812" visible="true" version="1" changeset="70677898" timestamp="2019-05-28T01:00:54Z" user="Tom_Holland" uid="574654" lat="19.6518203" lon="-155.9853324"/>
 <node id="6505117813" visible="true" version="1" changeset="70677898" timestamp="2019-05-28T01:00:54Z" user="Tom_Holland" uid="574654" lat="19.6520477" lon="-155.9850624"/>
 <node id="6505117814" visible="true" version="1" changeset="70677898" timestamp="2019-05-28T01:00:54Z" user="Tom_Holland" uid="574654" lat="19.6522991" lon="-155.9848238"/>
 <node id="6505117815" visible="true" version="1" changeset="70677898" timestamp="2019-05-28T01:00:54Z" user="Tom_Holland" uid="574654" lat="19.6525676" lon="-155.9846074"/>
 <node id="6505117816" visible="true" version="1" changeset="70677898" timestamp="2019-05-28T01:00:54Z" user="Tom_Holland" uid="574654" lat="19.6528516" lon="-155.9844145"/>
 <node id="6505117817" visible="true" version="1" changeset="70677898" timestamp="2019-05-28T01:00:54Z" user="Tom_Holland" uid="574654" lat="19.6531493" lon="-155.9842464"/>
 <node id="6505117818" visible="true" version="1" changeset="70677898" timestamp="2019-05-28T01:00:54Z" user="Tom_Holland" uid="574654" lat="19.6534587" lon="-155.9841042"/>
 <node id="6505117819" visible="true" version="1" changeset="70677898" timestamp="2019-05-28T01:00:54Z" user="Tom_Holland" uid="574654" lat="19.6537779" lon="-155.9839888"/>
 <node id="6505117820" visible="true" version="1" changeset="70677898" timestamp="2019-05-28T01:00:54Z" user="Tom_Holland" uid="574654" lat="19.6541047" lon="-155.9839009"/>
 <node id="6505117821" visible="true" version="1" changeset="70677898" timestamp="2019-05-28T01:00:54Z" user="Tom_Holland" uid="574654" lat="19.6544372" lon="-155.9838411"/>
 <node id="6505117822" visible="true" version="1" changeset="70677898" timestamp="2019-05-28T01:00:54Z" user="Tom_Holland" uid="574654" lat="19.6573899" lon="-155.9834442"/>
 <node id="6505117823" visible="true" version="1" changeset="70677898" timestamp="2019-05-28T01:00:54Z" user="Tom_Holland" uid="574654" lat="19.6575255" lon="-155.9834210"/>
 <node id="6505117824" visible="true" version="1" changeset="70677898" timestamp="2019-05-28T01:00:54Z" user="Tom_Holland" uid="574654" lat="19.6576588" lon="-155.9833857"/>
 <node id="6505117825" visible="true" version="1" changeset="70677898" timestamp="2019-05-28T01:00:54Z" user="Tom_Holland" uid="574654" lat="19.6577888" lon="-155.9833387"/>
 <node id="6505117826" visible="true" version="1" changeset="70677898" timestamp="2019-05-28T01:00:54Z" user="Tom_Holland" uid="574654" lat="19.6579146" lon="-155.9832802"/>
 <node id="6505117827" visible="true" version="1" changeset="70677898" timestamp="2019-05-28T01:00:54Z" user="Tom_Holland" uid="574654" lat="19.6580353" lon="-155.9832107"/>
 <node id="6505117828" visible="true" version="1" changeset="70677898" timestamp="2019-05-28T01:00:54Z" user="Tom_Holland" uid="574654" lat="19.6581500" lon="-155.9831306"/>
 <node id="6505117829" visible="true" version="1" changeset="70677898" timestamp="2019-05-28T01:00:54Z" user="Tom_Holland" uid="574654" lat="19.6582581" lon="-155.9830406"/>
 <node id="6505117830" visible="true" version="1" changeset="70677898" timestamp="2019-05-28T01:00:54Z" user="Tom_Holland" uid="574654" lat="19.6583586" lon="-155.9829412"/>
 <node id="6505117831" visible="true" version="1" changeset="70677898" timestamp="2019-05-28T01:00:54Z" user="Tom_Holland" uid="574654" lat="19.6584508" lon="-155.9828332"/>
 <node id="6505117832" visible="true" version="1" changeset="70677898" timestamp="2019-05-28T01:00:54Z" user="Tom_Holland" uid="574654" lat="19.6585342" lon="-155.9827173"/>
 <node id="6505117833" visible="true" version="1" changeset="70677898" timestamp="2019-05-28T01:00:54Z" user="Tom_Holland" uid="574654" lat="19.6588903" lon="-155.9821540"/>
 <node id="6505117922" visible="true" version="1" changeset="70677898" timestamp="2019-05-28T01:00:55Z" user="Tom_Holland" uid="574654" lat="19.6662329" lon="-155.9811455"/>
 <node id="6505117939" visible="true" version="1" changeset="70677898" timestamp="2019-05-28T01:00:55Z" user="Tom_Holland" uid="574654" lat="19.6669173" lon="-155.9811294"/>
 <node id="6505117940" visible="true" version="1" changeset="70677898" timestamp="2019-05-28T01:00:55Z" user="Tom_Holland" uid="574654" lat="19.6591146" lon="-155.9818558"/>
 <node id="6505117941" visible="true" version="1" changeset="70677898" timestamp="2019-05-28T01:00:55Z" user="Tom_Holland" uid="574654" lat="19.6592378" lon="-155.9817346"/>
 <node id="6505117942" visible="true" version="1" changeset="70677898" timestamp="2019-05-28T01:00:55Z" user="Tom_Holland" uid="574654" lat="19.6595112" lon="-155.9815277"/>
 <node id="6505117943" visible="true" version="1" changeset="70677898" timestamp="2019-05-28T01:00:55Z" user="Tom_Holland" uid="574654" lat="19.6596592" lon="-155.9814435"/>
 <node id="6505117944" visible="true" version="1" changeset="70677898" timestamp="2019-05-28T01:00:55Z" user="Tom_Holland" uid="574654" lat="19.6598135" lon="-155.9813730"/>
 <node id="6505117945" visible="true" version="1" changeset="70677898" timestamp="2019-05-28T01:00:55Z" user="Tom_Holland" uid="574654" lat="19.6599729" lon="-155.9813166"/>
 <node id="6505117946" visible="true" version="1" changeset="70677898" timestamp="2019-05-28T01:00:55Z" user="Tom_Holland" uid="574654" lat="19.6603023" lon="-155.9812480"/>
 <node id="6505117947" visible="true" version="1" changeset="70677898" timestamp="2019-05-28T01:00:55Z" user="Tom_Holland" uid="574654" lat="19.6604699" lon="-155.9812362"/>
 <node id="6505117948" visible="true" version="1" changeset="70677898" timestamp="2019-05-28T01:00:55Z" user="Tom_Holland" uid="574654" lat="19.6606379" lon="-155.9812396"/>
 <node id="6505117949" visible="true" version="1" changeset="70677898" timestamp="2019-05-28T01:00:56Z" user="Tom_Holland" uid="574654" lat="19.6608049" lon="-155.9812582"/>
 <node id="6505117950" visible="true" version="1" changeset="70677898" timestamp="2019-05-28T01:00:56Z" user="Tom_Holland" uid="574654" lat="19.6636288" lon="-155.9817088"/>
 <node id="6505117951" visible="true" version="1" changeset="70677898" timestamp="2019-05-28T01:00:56Z" user="Tom_Holland" uid="574654" lat="19.6638479" lon="-155.9817294"/>
 <node id="6505117952" visible="true" version="1" changeset="70677898" timestamp="2019-05-28T01:00:56Z" user="Tom_Holland" uid="574654" lat="19.6640679" lon="-155.9817328"/>
 <node id="6505117953" visible="true" version="1" changeset="70677898" timestamp="2019-05-28T01:00:56Z" user="Tom_Holland" uid="574654" lat="19.6642875" lon="-155.9817109"/>
 <node id="6505117954" visible="true" version="1" changeset="70677898" timestamp="2019-05-28T01:00:56Z" user="Tom_Holland" uid="574654" lat="19.6645055" lon="-155.9816771"/>
 <node id="6505117955" visible="true" version="1" changeset="70677898" timestamp="2019-05-28T01:00:56Z" user="Tom_Holland" uid="574654" lat="19.6647208" lon="-155.9816289"/>
 <node id="6505117956" visible="true" version="1" changeset="70677898" timestamp="2019-05-28T01:00:56Z" user="Tom_Holland" uid="574654" lat="19.6649220" lon="-155.9815639"/>
 <node id="6505117957" visible="true" version="1" changeset="70677898" timestamp="2019-05-28T01:00:56Z" user="Tom_Holland" uid="574654" lat="19.6664046" lon="-155.9811267"/>
 <node id="6505117958" visible="true" version="1" changeset="70677898" timestamp="2019-05-28T01:00:56Z" user="Tom_Holland" uid="574654" lat="19.6665500" lon="-155.9811269"/>
 <node id="6505117959" visible="true" version="1" changeset="70677898" timestamp="2019-05-28T01:00:56Z" user="Tom_Holland" uid="574654" lat="19.6667945" lon="-155.9811251"/>
 <node id="6505117960" visible="true" version="1" changeset="70677898" timestamp="2019-05-28T01:00:56Z" user="Tom_Holland" uid="574654" lat="19.6670310" lon="-155.9811348"/>
 <node id="6505117961" visible="true" version="1" changeset="70677898" timestamp="2019-05-28T01:00:56Z" user="Tom_Holland" uid="574654" lat="19.6673871" lon="-155.9811938"/>
 <node id="6505117962" visible="true" version="1" changeset="70677898" timestamp="2019-05-28T01:00:56Z" user="Tom_Holland" uid="574654" lat="19.6675644" lon="-155.9812091"/>
 <node id="6505117963" visible="true" version="1" changeset="70677898" timestamp="2019-05-28T01:00:56Z" user="Tom_Holland" uid="574654" lat="19.6677422" lon="-155.9812080"/>
 <node id="6505117964" visible="true" version="1" changeset="70677898" timestamp="2019-05-28T01:00:56Z" user="Tom_Holland" uid="574654" lat="19.6680943" lon="-155.9811568"/>
 <node id="6505117965" visible="true" version="1" changeset="70677898" timestamp="2019-05-28T01:00:56Z" user="Tom_Holland" uid="574654" lat="19.6682659" lon="-155.9811071"/>
 <node id="6505117966" visible="true" version="1" changeset="70677898" timestamp="2019-05-28T01:00:56Z" user="Tom_Holland" uid="574654" lat="19.6684328" lon="-155.9810418"/>
 <node id="6505117967" visible="true" version="1" changeset="70677898" timestamp="2019-05-28T01:00:56Z" user="Tom_Holland" uid="574654" lat="19.6685937" lon="-155.9809613"/>
 <node id="6505117968" visible="true" version="1" changeset="70677898" timestamp="2019-05-28T01:00:56Z" user="Tom_Holland" uid="574654" lat="19.6687475" lon="-155.9808664"/>
 <node id="6505117969" visible="true" version="1" changeset="70677898" timestamp="2019-05-28T01:00:56Z" user="Tom_Holland" uid="574654" lat="19.6688929" lon="-155.9807576"/>
 <node id="6505117970" visible="true" version="1" changeset="70677898" timestamp="2019-05-28T01:00:56Z" user="Tom_Holland" uid="574654" lat="19.6690288" lon="-155.9806359"/>
 <node id="6505117971" visible="true" version="1" changeset="70677898" timestamp="2019-05-28T01:00:56Z" user="Tom_Holland" uid="574654" lat="19.6697667" lon="-155.9799376"/>
 <node id="6505117972" visible="true" version="1" changeset="70677898" timestamp="2019-05-28T01:00:56Z" user="Tom_Holland" uid="574654" lat="19.6699312" lon="-155.9798488"/>
 <node id="6505117973" visible="true" version="2" changeset="183293081" timestamp="2026-05-28T09:00:10Z" user="tkotnala_lyft" uid="21672285" lat="19.6701019" lon="-155.9797642"/>
 <node id="6505117974" visible="true" version="2" changeset="183293081" timestamp="2026-05-28T09:00:10Z" user="tkotnala_lyft" uid="21672285" lat="19.6702763" lon="-155.9797000"/>
 <node id="6505117975" visible="true" version="2" changeset="183293081" timestamp="2026-05-28T09:00:10Z" user="tkotnala_lyft" uid="21672285" lat="19.6704512" lon="-155.9796479"/>
 <node id="6505117976" visible="true" version="2" changeset="183293081" timestamp="2026-05-28T09:00:10Z" user="tkotnala_lyft" uid="21672285" lat="19.6706404" lon="-155.9796239"/>
 <node id="6505117977" visible="true" version="2" changeset="183293081" timestamp="2026-05-28T09:00:10Z" user="tkotnala_lyft" uid="21672285" lat="19.6708246" lon="-155.9796177"/>
 <node id="6505144710" visible="true" version="1" changeset="70678384" timestamp="2019-05-28T01:36:33Z" user="Tom_Holland" uid="574654" lat="19.6637803" lon="-155.9964180"/>
 <node id="6505144711" visible="true" version="1" changeset="70678384" timestamp="2019-05-28T01:36:33Z" user="Tom_Holland" uid="574654" lat="19.6640361" lon="-155.9965379"/>
 <node id="6505144712" visible="true" version="1" changeset="70678384" timestamp="2019-05-28T01:36:33Z" user="Tom_Holland" uid="574654" lat="19.6642813" lon="-155.9966808"/>
 <node id="6505144713" visible="true" version="1" changeset="70678384" timestamp="2019-05-28T01:36:33Z" user="Tom_Holland" uid="574654" lat="19.6645139" lon="-155.9968457"/>
 <node id="6505144714" visible="true" version="1" changeset="70678384" timestamp="2019-05-28T01:36:33Z" user="Tom_Holland" uid="574654" lat="19.6647322" lon="-155.9970312"/>
 <node id="6505144715" visible="true" version="1" changeset="70678384" timestamp="2019-05-28T01:36:33Z" user="Tom_Holland" uid="574654" lat="19.6649346" lon="-155.9972361"/>
 <node id="6505144716" visible="true" version="1" changeset="70678384" timestamp="2019-05-28T01:36:33Z" user="Tom_Holland" uid="574654" lat="19.6662985" lon="-155.9987408"/>
 <node id="6505144717" visible="true" version="1" changeset="70678384" timestamp="2019-05-28T01:36:33Z" user="Tom_Holland" uid="574654" lat="19.6666193" lon="-155.9990573"/>
 <node id="6505144718" visible="true" version="1" changeset="70678384" timestamp="2019-05-28T01:36:33Z" user="Tom_Holland" uid="574654" lat="19.6668870" lon="-155.9993041"/>
 <node id="6505144719" visible="true" version="1" changeset="70678384" timestamp="2019-05-28T01:36:33Z" user="Tom_Holland" uid="574654" lat="19.6671674" lon="-155.9995535"/>
 <node id="6505144720" visible="true" version="1" changeset="70678384" timestamp="2019-05-28T01:36:33Z" user="Tom_Holland" uid="574654" lat="19.6674140" lon="-155.9997577"/>
 <node id="6505144721" visible="true" version="1" changeset="70678384" timestamp="2019-05-28T01:36:33Z" user="Tom_Holland" uid="574654" lat="19.6676650" lon="-155.9999558"/>
 <node id="6505144722" visible="true" version="1" changeset="70678384" timestamp="2019-05-28T01:36:33Z" user="Tom_Holland" uid="574654" lat="19.6678670" lon="-156.0001087"/>
 <node id="6505144723" visible="true" version="1" changeset="70678384" timestamp="2019-05-28T01:36:33Z" user="Tom_Holland" uid="574654" lat="19.6680674" lon="-156.0002562"/>
 <node id="6505144724" visible="true" version="1" changeset="70678384" timestamp="2019-05-28T01:36:33Z" user="Tom_Holland" uid="574654" lat="19.6682711" lon="-156.0003984"/>
 <node id="6515734071" visible="true" version="1" changeset="70846483" timestamp="2019-06-02T01:20:17Z" user="Tom_Holland" uid="574654" lat="19.6531262" lon="-156.0208637"/>
 <node id="6515734072" visible="true" version="1" changeset="70846483" timestamp="2019-06-02T01:20:17Z" user="Tom_Holland" uid="574654" lat="19.6531040" lon="-156.0208336"/>
 <node id="6515734073" visible="true" version="1" changeset="70846483" timestamp="2019-06-02T01:20:17Z" user="Tom_Holland" uid="574654" lat="19.6530843" lon="-156.0208016"/>
 <node id="6515734074" visible="true" version="1" changeset="70846483" timestamp="2019-06-02T01:20:17Z" user="Tom_Holland" uid="574654" lat="19.6530672" lon="-156.0207680"/>
 <node id="6515734075" visible="true" version="1" changeset="70846483" timestamp="2019-06-02T01:20:17Z" user="Tom_Holland" uid="574654" lat="19.6530529" lon="-156.0207330"/>
 <node id="6515734076" visible="true" version="1" changeset="70846483" timestamp="2019-06-02T01:20:17Z" user="Tom_Holland" uid="574654" lat="19.6530413" lon="-156.0206969"/>
 <node id="6515734077" visible="true" version="1" changeset="70846483" timestamp="2019-06-02T01:20:17Z" user="Tom_Holland" uid="574654" lat="19.6530326" lon="-156.0206598"/>
 <node id="6515734078" visible="true" version="1" changeset="70846483" timestamp="2019-06-02T01:20:17Z" user="Tom_Holland" uid="574654" lat="19.6530269" lon="-156.0206221"/>
 <node id="6515734079" visible="true" version="1" changeset="70846483" timestamp="2019-06-02T01:20:17Z" user="Tom_Holland" uid="574654" lat="19.6530242" lon="-156.0205840"/>
 <node id="6515734080" visible="true" version="1" changeset="70846483" timestamp="2019-06-02T01:20:17Z" user="Tom_Holland" uid="574654" lat="19.6530246" lon="-156.0205458"/>
 <node id="6515734081" visible="true" version="1" changeset="70846483" timestamp="2019-06-02T01:20:17Z" user="Tom_Holland" uid="574654" lat="19.6530279" lon="-156.0205078"/>
 <node id="6515734082" visible="true" version="1" changeset="70846483" timestamp="2019-06-02T01:20:17Z" user="Tom_Holland" uid="574654" lat="19.6530342" lon="-156.0204702"/>
 <node id="6515734083" visible="true" version="1" changeset="70846483" timestamp="2019-06-02T01:20:17Z" user="Tom_Holland" uid="574654" lat="19.6530435" lon="-156.0204333"/>
 <node id="6515734084" visible="true" version="1" changeset="70846483" timestamp="2019-06-02T01:20:17Z" user="Tom_Holland" uid="574654" lat="19.6530557" lon="-156.0203974"/>
 <node id="6515741785" visible="true" version="1" changeset="70846483" timestamp="2019-06-02T01:20:17Z" user="Tom_Holland" uid="574654" lat="19.6530707" lon="-156.0203627"/>
 <node id="6515741786" visible="true" version="1" changeset="70846483" timestamp="2019-06-02T01:20:17Z" user="Tom_Holland" uid="574654" lat="19.6530883" lon="-156.0203294"/>
 <node id="6515741787" visible="true" version="1" changeset="70846483" timestamp="2019-06-02T01:20:17Z" user="Tom_Holland" uid="574654" lat="19.6531086" lon="-156.0202979"/>
 <node id="6515741788" visible="true" version="1" changeset="70846483" timestamp="2019-06-02T01:20:17Z" user="Tom_Holland" uid="574654" lat="19.6531312" lon="-156.0202682"/>
 <node id="6515741789" visible="true" version="1" changeset="70846483" timestamp="2019-06-02T01:20:17Z" user="Tom_Holland" uid="574654" lat="19.6532272" lon="-156.0201931"/>
 <node id="6515741790" visible="true" version="1" changeset="70846483" timestamp="2019-06-02T01:20:17Z" user="Tom_Holland" uid="574654" lat="19.6532439" lon="-156.0201789"/>
 <node id="6515741791" visible="true" version="1" changeset="70846483" timestamp="2019-06-02T01:20:17Z" user="Tom_Holland" uid="574654" lat="19.6532593" lon="-156.0201632"/>
 <node id="6515741792" visible="true" version="1" changeset="70846483" timestamp="2019-06-02T01:20:17Z" user="Tom_Holland" uid="574654" lat="19.6532734" lon="-156.0201461"/>
 <node id="6515741793" visible="true" version="1" changeset="70846483" timestamp="2019-06-02T01:20:17Z" user="Tom_Holland" uid="574654" lat="19.6532862" lon="-156.0201279"/>
 <node id="6515741794" visible="true" version="1" changeset="70846483" timestamp="2019-06-02T01:20:17Z" user="Tom_Holland" uid="574654" lat="19.6532974" lon="-156.0201086"/>
 <node id="6515741795" visible="true" version="1" changeset="70846483" timestamp="2019-06-02T01:20:17Z" user="Tom_Holland" uid="574654" lat="19.6533070" lon="-156.0200883"/>
 <node id="6515741796" visible="true" version="1" changeset="70846483" timestamp="2019-06-02T01:20:17Z" user="Tom_Holland" uid="574654" lat="19.6533150" lon="-156.0200672"/>
 <node id="6515741797" visible="true" version="1" changeset="70846483" timestamp="2019-06-02T01:20:17Z" user="Tom_Holland" uid="574654" lat="19.6533213" lon="-156.0200455"/>
 <node id="6515741798" visible="true" version="1" changeset="70846483" timestamp="2019-06-02T01:20:17Z" user="Tom_Holland" uid="574654" lat="19.6533258" lon="-156.0200233"/>
 <node id="6515741799" visible="true" version="1" changeset="70846483" timestamp="2019-06-02T01:20:17Z" user="Tom_Holland" uid="574654" lat="19.6533285" lon="-156.0200008"/>
 <node id="6515741800" visible="true" version="1" changeset="70846483" timestamp="2019-06-02T01:20:17Z" user="Tom_Holland" uid="574654" lat="19.6533294" lon="-156.0199781"/>
 <node id="6515741801" visible="true" version="1" changeset="70846483" timestamp="2019-06-02T01:20:17Z" user="Tom_Holland" uid="574654" lat="19.6533285" lon="-156.0199554"/>
 <node id="6515741802" visible="true" version="1" changeset="70846483" timestamp="2019-06-02T01:20:17Z" user="Tom_Holland" uid="574654" lat="19.6533257" lon="-156.0199329"/>
 <node id="6515741803" visible="true" version="1" changeset="70846483" timestamp="2019-06-02T01:20:17Z" user="Tom_Holland" uid="574654" lat="19.6532727" lon="-156.0192516"/>
 <node id="6515741804" visible="true" version="1" changeset="70846483" timestamp="2019-06-02T01:20:17Z" user="Tom_Holland" uid="574654" lat="19.6532741" lon="-156.0191953"/>
 <node id="6515741805" visible="true" version="1" changeset="70846483" timestamp="2019-06-02T01:20:17Z" user="Tom_Holland" uid="574654" lat="19.6532802" lon="-156.0191393"/>
 <node id="6515741806" visible="true" version="1" changeset="70846483" timestamp="2019-06-02T01:20:17Z" user="Tom_Holland" uid="574654" lat="19.6532907" lon="-156.0190841"/>
 <node id="6515741807" visible="true" version="1" changeset="70846483" timestamp="2019-06-02T01:20:17Z" user="Tom_Holland" uid="574654" lat="19.6533058" lon="-156.0190300"/>
 <node id="6515741808" visible="true" version="1" changeset="70846483" timestamp="2019-06-02T01:20:17Z" user="Tom_Holland" uid="574654" lat="19.6533251" lon="-156.0189775"/>
 <node id="6515741809" visible="true" version="1" changeset="70846483" timestamp="2019-06-02T01:20:17Z" user="Tom_Holland" uid="574654" lat="19.6533487" lon="-156.0189270"/>
 <node id="6515741810" visible="true" version="1" changeset="70846483" timestamp="2019-06-02T01:20:17Z" user="Tom_Holland" uid="574654" lat="19.6533763" lon="-156.0188788"/>
 <node id="6515741811" visible="true" version="1" changeset="70846483" timestamp="2019-06-02T01:20:17Z" user="Tom_Holland" uid="574654" lat="19.6534139" lon="-156.0187903"/>
 <node id="6515741812" visible="true" version="1" changeset="70846483" timestamp="2019-06-02T01:20:17Z" user="Tom_Holland" uid="574654" lat="19.6534443" lon="-156.0186986"/>
 <node id="6515741813" visible="true" version="1" changeset="70846483" timestamp="2019-06-02T01:20:17Z" user="Tom_Holland" uid="574654" lat="19.6534672" lon="-156.0186045"/>
 <node id="6515741814" visible="true" version="1" changeset="70846483" timestamp="2019-06-02T01:20:17Z" user="Tom_Holland" uid="574654" lat="19.6534823" lon="-156.0185087"/>
 <node id="6515741815" visible="true" version="1" changeset="70846483" timestamp="2019-06-02T01:20:17Z" user="Tom_Holland" uid="574654" lat="19.6536137" lon="-156.0178193"/>
 <node id="6515741816" visible="true" version="2" changeset="158834732" timestamp="2024-11-06T21:49:58Z" user="BubbaJuice" uid="9941767" lat="19.6536332" lon="-156.0176893"/>
 <node id="6515741817" visible="true" version="2" changeset="158834732" timestamp="2024-11-06T21:49:58Z" user="BubbaJuice" uid="9941767" lat="19.6536348" lon="-156.0176534"/>
 <node id="6515741818" visible="true" version="2" changeset="158834732" timestamp="2024-11-06T21:49:58Z" user="BubbaJuice" uid="9941767" lat="19.6536336" lon="-156.0176175"/>
 <node id="6515741819" visible="true" version="2" changeset="158834732" timestamp="2024-11-06T21:49:58Z" user="BubbaJuice" uid="9941767" lat="19.6536295" lon="-156.0175819"/>
 <node id="6515741820" visible="true" version="2" changeset="158834732" timestamp="2024-11-06T21:49:58Z" user="BubbaJuice" uid="9941767" lat="19.6536226" lon="-156.0175467"/>
 <node id="6515741821" visible="true" version="2" changeset="158834732" timestamp="2024-11-06T21:49:58Z" user="BubbaJuice" uid="9941767" lat="19.6536124" lon="-156.0175035"/>
 <node id="6515741822" visible="true" version="2" changeset="158834732" timestamp="2024-11-06T21:49:58Z" user="BubbaJuice" uid="9941767" lat="19.6535834" lon="-156.0173929"/>
 <node id="6515741823" visible="true" version="2" changeset="158834732" timestamp="2024-11-06T21:49:58Z" user="BubbaJuice" uid="9941767" lat="19.6535682" lon="-156.0173446"/>
 <node id="6515741824" visible="true" version="2" changeset="158834732" timestamp="2024-11-06T21:49:58Z" user="BubbaJuice" uid="9941767" lat="19.6535594" lon="-156.0173057"/>
 <node id="6515741825" visible="true" version="2" changeset="158834732" timestamp="2024-11-06T21:49:58Z" user="BubbaJuice" uid="9941767" lat="19.6535524" lon="-156.0172581"/>
 <node id="6515741826" visible="true" version="2" changeset="158834732" timestamp="2024-11-06T21:49:58Z" user="BubbaJuice" uid="9941767" lat="19.6535474" lon="-156.0172038"/>
 <node id="6515741827" visible="true" version="2" changeset="158834732" timestamp="2024-11-06T21:49:58Z" user="BubbaJuice" uid="9941767" lat="19.6535487" lon="-156.0171468"/>
 <node id="6515741828" visible="true" version="2" changeset="158834732" timestamp="2024-11-06T21:49:58Z" user="BubbaJuice" uid="9941767" lat="19.6535606" lon="-156.0170911"/>
 <node id="6515741829" visible="true" version="2" changeset="158834732" timestamp="2024-11-06T21:49:58Z" user="BubbaJuice" uid="9941767" lat="19.6535764" lon="-156.0170482"/>
 <node id="6515741830" visible="true" version="2" changeset="158834732" timestamp="2024-11-06T21:49:58Z" user="BubbaJuice" uid="9941767" lat="19.6536011" lon="-156.0169677"/>
 <node id="6515741831" visible="true" version="1" changeset="70846483" timestamp="2019-06-02T01:20:17Z" user="Tom_Holland" uid="574654" lat="19.6537476" lon="-156.0166097"/>
 <node id="6515741832" visible="true" version="1" changeset="70846483" timestamp="2019-06-02T01:20:17Z" user="Tom_Holland" uid="574654" lat="19.6537640" lon="-156.0165588"/>
 <node id="6515741833" visible="true" version="1" changeset="70846483" timestamp="2019-06-02T01:20:17Z" user="Tom_Holland" uid="574654" lat="19.6537768" lon="-156.0165069"/>
 <node id="6515741834" visible="true" version="1" changeset="70846483" timestamp="2019-06-02T01:20:17Z" user="Tom_Holland" uid="574654" lat="19.6537858" lon="-156.0164540"/>
 <node id="6515741835" visible="true" version="1" changeset="70846483" timestamp="2019-06-02T01:20:17Z" user="Tom_Holland" uid="574654" lat="19.6537912" lon="-156.0164006"/>
 <node id="6515741836" visible="true" version="1" changeset="70846483" timestamp="2019-06-02T01:20:17Z" user="Tom_Holland" uid="574654" lat="19.6537927" lon="-156.0163469"/>
 <node id="6515741837" visible="true" version="1" changeset="70846483" timestamp="2019-06-02T01:20:17Z" user="Tom_Holland" uid="574654" lat="19.6537905" lon="-156.0162932"/>
 <node id="6515741838" visible="true" version="1" changeset="70846483" timestamp="2019-06-02T01:20:17Z" user="Tom_Holland" uid="574654" lat="19.6537476" lon="-156.0159257"/>
 <node id="6515741839" visible="true" version="1" changeset="70846483" timestamp="2019-06-02T01:20:17Z" user="Tom_Holland" uid="574654" lat="19.6537345" lon="-156.0158749"/>
 <node id="6515741840" visible="true" version="1" changeset="70846483" timestamp="2019-06-02T01:20:17Z" user="Tom_Holland" uid="574654" lat="19.6537176" lon="-156.0158254"/>
 <node id="6515741841" visible="true" version="1" changeset="70846483" timestamp="2019-06-02T01:20:17Z" user="Tom_Holland" uid="574654" lat="19.6536968" lon="-156.0157775"/>
 <node id="6515741842" visible="true" version="1" changeset="70846483" timestamp="2019-06-02T01:20:17Z" user="Tom_Holland" uid="574654" lat="19.6536725" lon="-156.0157316"/>
 <node id="6515741843" visible="true" version="1" changeset="70846483" timestamp="2019-06-02T01:20:17Z" user="Tom_Holland" uid="574654" lat="19.6536446" lon="-156.0156880"/>
 <node id="6515741844" visible="true" version="1" changeset="70846483" timestamp="2019-06-02T01:20:17Z" user="Tom_Holland" uid="574654" lat="19.6536135" lon="-156.0156470"/>
 <node id="6515741845" visible="true" version="1" changeset="70846483" timestamp="2019-06-02T01:20:17Z" user="Tom_Holland" uid="574654" lat="19.6535793" lon="-156.0156089"/>
 <node id="6515741846" visible="true" version="1" changeset="70846483" timestamp="2019-06-02T01:20:17Z" user="Tom_Holland" uid="574654" lat="19.6535422" lon="-156.0155738"/>
 <node id="6515741847" visible="true" version="1" changeset="70846483" timestamp="2019-06-02T01:20:17Z" user="Tom_Holland" uid="574654" lat="19.6535026" lon="-156.0155422"/>
 <node id="6515741848" visible="true" version="1" changeset="70846483" timestamp="2019-06-02T01:20:17Z" user="Tom_Holland" uid="574654" lat="19.6532222" lon="-156.0152659"/>
 <node id="6515741849" visible="true" version="1" changeset="70846483" timestamp="2019-06-02T01:20:17Z" user="Tom_Holland" uid="574654" lat="19.6531687" lon="-156.0151993"/>
 <node id="6515741850" visible="true" version="1" changeset="70846483" timestamp="2019-06-02T01:20:17Z" user="Tom_Holland" uid="574654" lat="19.6531196" lon="-156.0151291"/>
 <node id="6515741851" visible="true" version="1" changeset="70846483" timestamp="2019-06-02T01:20:17Z" user="Tom_Holland" uid="574654" lat="19.6530751" lon="-156.0150555"/>
 <node id="6515741852" visible="true" version="1" changeset="70846483" timestamp="2019-06-02T01:20:17Z" user="Tom_Holland" uid="574654" lat="19.6530353" lon="-156.0149789"/>
 <node id="6515741853" visible="true" version="1" changeset="70846483" timestamp="2019-06-02T01:20:17Z" user="Tom_Holland" uid="574654" lat="19.6528205" lon="-156.0144103"/>
 <node id="6515741854" visible="true" version="1" changeset="70846483" timestamp="2019-06-02T01:20:17Z" user="Tom_Holland" uid="574654" lat="19.6527920" lon="-156.0143298"/>
 <node id="6515741855" visible="true" version="1" changeset="70846483" timestamp="2019-06-02T01:20:17Z" user="Tom_Holland" uid="574654" lat="19.6527696" lon="-156.0142472"/>
 <node id="6515741856" visible="true" version="1" changeset="70846483" timestamp="2019-06-02T01:20:17Z" user="Tom_Holland" uid="574654" lat="19.6527533" lon="-156.0141630"/>
 <node id="6515741857" visible="true" version="1" changeset="70846483" timestamp="2019-06-02T01:20:17Z" user="Tom_Holland" uid="574654" lat="19.6527433" lon="-156.0140777"/>
 <node id="6515741858" visible="true" version="1" changeset="70846483" timestamp="2019-06-02T01:20:17Z" user="Tom_Holland" uid="574654" lat="19.6527397" lon="-156.0139918"/>
 <node id="6515741859" visible="true" version="1" changeset="70846483" timestamp="2019-06-02T01:20:17Z" user="Tom_Holland" uid="574654" lat="19.6527145" lon="-156.0131818"/>
 <node id="6515741860" visible="true" version="1" changeset="70846483" timestamp="2019-06-02T01:20:17Z" user="Tom_Holland" uid="574654" lat="19.6527092" lon="-156.0131443"/>
 <node id="6515741861" visible="true" version="1" changeset="70846483" timestamp="2019-06-02T01:20:17Z" user="Tom_Holland" uid="574654" lat="19.6527010" lon="-156.0131073"/>
 <node id="6515741862" visible="true" version="1" changeset="70846483" timestamp="2019-06-02T01:20:17Z" user="Tom_Holland" uid="574654" lat="19.6526899" lon="-156.0130713"/>
 <node id="6515741863" visible="true" version="1" changeset="70846483" timestamp="2019-06-02T01:20:17Z" user="Tom_Holland" uid="574654" lat="19.6526759" lon="-156.0130363"/>
 <node id="6515741864" visible="true" version="1" changeset="70846483" timestamp="2019-06-02T01:20:17Z" user="Tom_Holland" uid="574654" lat="19.6526592" lon="-156.0130027"/>
 <node id="6515741865" visible="true" version="1" changeset="70846483" timestamp="2019-06-02T01:20:17Z" user="Tom_Holland" uid="574654" lat="19.6526400" lon="-156.0129708"/>
 <node id="6515741866" visible="true" version="1" changeset="70846483" timestamp="2019-06-02T01:20:17Z" user="Tom_Holland" uid="574654" lat="19.6526182" lon="-156.0129407"/>
 <node id="6515741867" visible="true" version="1" changeset="70846483" timestamp="2019-06-02T01:20:17Z" user="Tom_Holland" uid="574654" lat="19.6525942" lon="-156.0129126"/>
 <node id="6515741868" visible="true" version="1" changeset="70846483" timestamp="2019-06-02T01:20:17Z" user="Tom_Holland" uid="574654" lat="19.6525679" lon="-156.0128868"/>
 <node id="6515741869" visible="true" version="1" changeset="70846483" timestamp="2019-06-02T01:20:17Z" user="Tom_Holland" uid="574654" lat="19.6524088" lon="-156.0127232"/>
 <node id="6515741870" visible="true" version="1" changeset="70846483" timestamp="2019-06-02T01:20:17Z" user="Tom_Holland" uid="574654" lat="19.6523742" lon="-156.0126901"/>
 <node id="6515741871" visible="true" version="1" changeset="70846483" timestamp="2019-06-02T01:20:17Z" user="Tom_Holland" uid="574654" lat="19.6523420" lon="-156.0126543"/>
 <node id="6515741872" visible="true" version="1" changeset="70846483" timestamp="2019-06-02T01:20:17Z" user="Tom_Holland" uid="574654" lat="19.6523125" lon="-156.0126160"/>
 <node id="6515741873" visible="true" version="1" changeset="70846483" timestamp="2019-06-02T01:20:17Z" user="Tom_Holland" uid="574654" lat="19.6522859" lon="-156.0125754"/>
 <node id="6515741874" visible="true" version="1" changeset="70846483" timestamp="2019-06-02T01:20:17Z" user="Tom_Holland" uid="574654" lat="19.6522623" lon="-156.0125327"/>
 <node id="6515741875" visible="true" version="1" changeset="70846483" timestamp="2019-06-02T01:20:17Z" user="Tom_Holland" uid="574654" lat="19.6513226" lon="-156.0107598"/>
 <node id="6515741876" visible="true" version="1" changeset="70846483" timestamp="2019-06-02T01:20:17Z" user="Tom_Holland" uid="574654" lat="19.6512899" lon="-156.0106845"/>
 <node id="6515741877" visible="true" version="1" changeset="70846483" timestamp="2019-06-02T01:20:17Z" user="Tom_Holland" uid="574654" lat="19.6512632" lon="-156.0106066"/>
 <node id="6515741878" visible="true" version="1" changeset="70846483" timestamp="2019-06-02T01:20:17Z" user="Tom_Holland" uid="574654" lat="19.6512426" lon="-156.0105266"/>
 <node id="6515741879" visible="true" version="1" changeset="70846483" timestamp="2019-06-02T01:20:17Z" user="Tom_Holland" uid="574654" lat="19.6512283" lon="-156.0104451"/>
 <node id="6515741880" visible="true" version="1" changeset="70846483" timestamp="2019-06-02T01:20:17Z" user="Tom_Holland" uid="574654" lat="19.6512205" lon="-156.0103626"/>
 <node id="6515741881" visible="true" version="1" changeset="70846483" timestamp="2019-06-02T01:20:17Z" user="Tom_Holland" uid="574654" lat="19.6512191" lon="-156.0102797"/>
 <node id="6515741882" visible="true" version="1" changeset="70846483" timestamp="2019-06-02T01:20:17Z" user="Tom_Holland" uid="574654" lat="19.6513032" lon="-156.0088096"/>
 <node id="6515741883" visible="true" version="1" changeset="70846483" timestamp="2019-06-02T01:20:17Z" user="Tom_Holland" uid="574654" lat="19.6513352" lon="-156.0086260"/>
 <node id="6515741884" visible="true" version="1" changeset="70846483" timestamp="2019-06-02T01:20:17Z" user="Tom_Holland" uid="574654" lat="19.6513782" lon="-156.0084450"/>
 <node id="6515741885" visible="true" version="1" changeset="70846483" timestamp="2019-06-02T01:20:17Z" user="Tom_Holland" uid="574654" lat="19.6521284" lon="-156.0055053"/>
 <node id="6515741886" visible="true" version="1" changeset="70846483" timestamp="2019-06-02T01:20:17Z" user="Tom_Holland" uid="574654" lat="19.6521483" lon="-156.0054487"/>
 <node id="6515741887" visible="true" version="1" changeset="70846483" timestamp="2019-06-02T01:20:17Z" user="Tom_Holland" uid="574654" lat="19.6521723" lon="-156.0053939"/>
 <node id="6515741888" visible="true" version="1" changeset="70846483" timestamp="2019-06-02T01:20:17Z" user="Tom_Holland" uid="574654" lat="19.6522004" lon="-156.0053414"/>
 <node id="6515741889" visible="true" version="1" changeset="70846483" timestamp="2019-06-02T01:20:17Z" user="Tom_Holland" uid="574654" lat="19.6522323" lon="-156.0052913"/>
 <node id="6515741890" visible="true" version="1" changeset="70846483" timestamp="2019-06-02T01:20:17Z" user="Tom_Holland" uid="574654" lat="19.6522678" lon="-156.0052441"/>
 <node id="6515741891" visible="true" version="1" changeset="70846483" timestamp="2019-06-02T01:20:17Z" user="Tom_Holland" uid="574654" lat="19.6523068" lon="-156.0052001"/>
 <node id="6515741892" visible="true" version="1" changeset="70846483" timestamp="2019-06-02T01:20:17Z" user="Tom_Holland" uid="574654" lat="19.6523489" lon="-156.0051595"/>
 <node id="6515741893" visible="true" version="1" changeset="70846483" timestamp="2019-06-02T01:20:17Z" user="Tom_Holland" uid="574654" lat="19.6523940" lon="-156.0051226"/>
 <node id="6515741894" visible="true" version="1" changeset="70846483" timestamp="2019-06-02T01:20:17Z" user="Tom_Holland" uid="574654" lat="19.6524416" lon="-156.0050896"/>
 <node id="6515741895" visible="true" version="2" changeset="158834732" timestamp="2024-11-06T21:49:58Z" user="BubbaJuice" uid="9941767" lat="19.6508490" lon="-156.0072822"/>
 <node id="6515741896" visible="true" version="2" changeset="158834732" timestamp="2024-11-06T21:49:58Z" user="BubbaJuice" uid="9941767" lat="19.6507195" lon="-156.0072335"/>
 <node id="6515741897" visible="true" version="2" changeset="158834732" timestamp="2024-11-06T21:49:58Z" user="BubbaJuice" uid="9941767" lat="19.6505938" lon="-156.0071743"/>
 <node id="6515741898" visible="true" version="2" changeset="158834732" timestamp="2024-11-06T21:49:58Z" user="BubbaJuice" uid="9941767" lat="19.6504727" lon="-156.0071052"/>
 <node id="6515741899" visible="true" version="2" changeset="158834732" timestamp="2024-11-06T21:49:58Z" user="BubbaJuice" uid="9941767" lat="19.6501089" lon="-156.0068504"/>
 <node id="6515741900" visible="true" version="2" changeset="158834732" timestamp="2024-11-06T21:49:58Z" user="BubbaJuice" uid="9941767" lat="19.6500125" lon="-156.0067984"/>
 <node id="6515741901" visible="true" version="2" changeset="158834732" timestamp="2024-11-06T21:49:58Z" user="BubbaJuice" uid="9941767" lat="19.6499125" lon="-156.0067543"/>
 <node id="6515741902" visible="true" version="2" changeset="158834732" timestamp="2024-11-06T21:49:58Z" user="BubbaJuice" uid="9941767" lat="19.6498097" lon="-156.0067185"/>
 <node id="6515741903" visible="true" version="2" changeset="158834732" timestamp="2024-11-06T21:49:58Z" user="BubbaJuice" uid="9941767" lat="19.6497046" lon="-156.0066912"/>
 <node id="6515741904" visible="true" version="2" changeset="158834732" timestamp="2024-11-06T21:49:58Z" user="BubbaJuice" uid="9941767" lat="19.6495978" lon="-156.0066726"/>
 <node id="6515741905" visible="true" version="2" changeset="158834732" timestamp="2024-11-06T21:49:58Z" user="BubbaJuice" uid="9941767" lat="19.6494900" lon="-156.0066627"/>
 <node id="6515741906" visible="true" version="2" changeset="158834732" timestamp="2024-11-06T21:49:58Z" user="BubbaJuice" uid="9941767" lat="19.6486236" lon="-156.0065768"/>
 <node id="6515741907" visible="true" version="2" changeset="158834732" timestamp="2024-11-06T21:49:58Z" user="BubbaJuice" uid="9941767" lat="19.6485642" lon="-156.0065720"/>
 <node id="6515741908" visible="true" version="2" changeset="158834732" timestamp="2024-11-06T21:49:58Z" user="BubbaJuice" uid="9941767" lat="19.6485055" lon="-156.0065616"/>
 <node id="6515741909" visible="true" version="2" changeset="158834732" timestamp="2024-11-06T21:49:58Z" user="BubbaJuice" uid="9941767" lat="19.6484478" lon="-156.0065459"/>
 <node id="6515741910" visible="true" version="2" changeset="158834732" timestamp="2024-11-06T21:49:58Z" user="BubbaJuice" uid="9941767" lat="19.6483917" lon="-156.0065249"/>
 <node id="6515741911" visible="true" version="2" changeset="158834732" timestamp="2024-11-06T21:49:58Z" user="BubbaJuice" uid="9941767" lat="19.6483374" lon="-156.0064988"/>
 <node id="6515741912" visible="true" version="2" changeset="158834732" timestamp="2024-11-06T21:49:58Z" user="BubbaJuice" uid="9941767" lat="19.6482856" lon="-156.0064678"/>
 <node id="6515741913" visible="true" version="2" changeset="158834732" timestamp="2024-11-06T21:49:58Z" user="BubbaJuice" uid="9941767" lat="19.6482364" lon="-156.0064321"/>
 <node id="6515741914" visible="true" version="2" changeset="158834732" timestamp="2024-11-06T21:49:58Z" user="BubbaJuice" uid="9941767" lat="19.6481904" lon="-156.0063920"/>
 <node id="6515741915" visible="true" version="2" changeset="158834732" timestamp="2024-11-06T21:49:58Z" user="BubbaJuice" uid="9941767" lat="19.6481478" lon="-156.0063478"/>
 <node id="6515741916" visible="true" version="2" changeset="158834732" timestamp="2024-11-06T21:49:58Z" user="BubbaJuice" uid="9941767" lat="19.6481090" lon="-156.0062998"/>
 <node id="6515741917" visible="true" version="2" changeset="158834732" timestamp="2024-11-06T21:49:58Z" user="BubbaJuice" uid="9941767" lat="19.6480743" lon="-156.0062485"/>
 <node id="6515741918" visible="true" version="2" changeset="158834732" timestamp="2024-11-06T21:49:58Z" user="BubbaJuice" uid="9941767" lat="19.6480440" lon="-156.0061941"/>
 <node id="6515741919" visible="true" version="2" changeset="158834732" timestamp="2024-11-06T21:49:58Z" user="BubbaJuice" uid="9941767" lat="19.6480182" lon="-156.0061371"/>
 <node id="6515741920" visible="true" version="2" changeset="158834732" timestamp="2024-11-06T21:49:58Z" user="BubbaJuice" uid="9941767" lat="19.6479972" lon="-156.0060779"/>
 <node id="7732778574" visible="true" version="1" changeset="88272015" timestamp="2020-07-21T03:20:53Z" user="user_6771650" uid="6771650" lat="19.6700103" lon="-156.0179732"/>
 <node id="7732778731" visible="true" version="2" changeset="88826980" timestamp="2020-08-01T23:26:57Z" user="Tom_Holland" uid="574654" lat="19.6635079" lon="-155.9961695"/>
 <node id="7732779004" visible="true" version="1" changeset="88272015" timestamp="2020-07-21T03:20:53Z" user="user_6771650" uid="6771650" lat="19.6705194" lon="-156.0028211"/>
 <node id="7732779069" visible="true" version="1" changeset="88272015" timestamp="2020-07-21T03:20:53Z" user="user_6771650" uid="6771650" lat="19.6640093" lon="-156.0150891"/>
 <node id="7732779157" visible="true" version="2" changeset="88826980" timestamp="2020-08-01T23:26:57Z" user="Tom_Holland" uid="574654" lat="19.6739201" lon="-156.0020942"/>
 <node id="7732779250" visible="true" version="1" changeset="88272015" timestamp="2020-07-21T03:20:53Z" user="user_6771650" uid="6771650" lat="19.6596005" lon="-155.9814329"/>
 <node id="7732779409" visible="true" version="1" changeset="88272015" timestamp="2020-07-21T03:20:53Z" user="user_6771650" uid="6771650" lat="19.6662706" lon="-155.9810530"/>
 <node id="7732779498" visible="true" version="1" changeset="88272015" timestamp="2020-07-21T03:20:53Z" user="user_6771650" uid="6771650" lat="19.6766765" lon="-155.9895572"/>
 <node id="7732779541" visible="true" version="2" changeset="88821155" timestamp="2020-08-01T17:43:26Z" user="Tom_Holland" uid="574654" lat="19.6711539" lon="-155.9967346"/>
 <node id="7732779702" visible="true" version="3" changeset="88826942" timestamp="2020-08-01T23:23:50Z" user="Tom_Holland" uid="574654" lat="19.6634892" lon="-155.9902507"/>
 <node id="7732779724" visible="true" version="1" changeset="88272015" timestamp="2020-07-21T03:20:53Z" user="user_6771650" uid="6771650" lat="19.6711613" lon="-156.0153832"/>
 <node id="7732779871" visible="true" version="1" changeset="88272015" timestamp="2020-07-21T03:20:53Z" user="user_6771650" uid="6771650" lat="19.6663024" lon="-156.0024390"/>
 <node id="7732779898" visible="true" version="1" changeset="88272015" timestamp="2020-07-21T03:20:53Z" user="user_6771650" uid="6771650" lat="19.6575805" lon="-155.9833429"/>
 <node id="7732780348" visible="true" version="1" changeset="88272015" timestamp="2020-07-21T03:20:53Z" user="user_6771650" uid="6771650" lat="19.6633885" lon="-155.9934260"/>
 <node id="7732780372" visible="true" version="1" changeset="88272015" timestamp="2020-07-21T03:20:53Z" user="user_6771650" uid="6771650" lat="19.6669204" lon="-156.0123531"/>
 <node id="7732780531" visible="true" version="1" changeset="88272015" timestamp="2020-07-21T03:20:53Z" user="user_6771650" uid="6771650" lat="19.6607903" lon="-156.0129230"/>
 <node id="7732780554" visible="true" version="1" changeset="88272015" timestamp="2020-07-21T03:20:53Z" user="user_6771650" uid="6771650" lat="19.6644406" lon="-155.9816630"/>
 <node id="7732780842" visible="true" version="2" changeset="88821155" timestamp="2020-08-01T17:43:26Z" user="Tom_Holland" uid="574654" lat="19.6711050" lon="-155.9969652"/>
 <node id="7732781203" visible="true" version="1" changeset="88272015" timestamp="2020-07-21T03:20:53Z" user="user_6771650" uid="6771650" lat="19.6602106" lon="-155.9812129"/>
 <node id="7732781337" visible="true" version="1" changeset="88272015" timestamp="2020-07-21T03:20:53Z" user="user_6771650" uid="6771650" lat="19.6692603" lon="-156.0197632"/>
 <node id="7732781360" visible="true" version="1" changeset="88272015" timestamp="2020-07-21T03:20:53Z" user="user_6771650" uid="6771650" lat="19.6671325" lon="-155.9849240"/>
 <node id="7732781623" visible="true" version="1" changeset="88272015" timestamp="2020-07-21T03:20:53Z" user="user_6771650" uid="6771650" lat="19.6756314" lon="-155.9976101"/>
 <node id="7732781768" visible="true" version="1" changeset="88272015" timestamp="2020-07-21T03:20:53Z" user="user_6771650" uid="6771650" lat="19.6707974" lon="-156.0032541"/>
 <node id="7732781816" visible="true" version="1" changeset="88272015" timestamp="2020-07-21T03:20:53Z" user="user_6771650" uid="6771650" lat="19.6642135" lon="-155.9933330"/>
 <node id="7732782018" visible="true" version="1" changeset="88272015" timestamp="2020-07-21T03:20:53Z" user="user_6771650" uid="6771650" lat="19.6600606" lon="-155.9812429"/>
 <node id="7732782154" visible="true" version="1" changeset="88272015" timestamp="2020-07-21T03:20:53Z" user="user_6771650" uid="6771650" lat="19.6682204" lon="-155.9950930"/>
 <node id="7732782181" visible="true" version="1" changeset="88272015" timestamp="2020-07-21T03:20:53Z" user="user_6771650" uid="6771650" lat="19.6666006" lon="-155.9810430"/>
 <node id="7732782460" visible="true" version="1" changeset="88272015" timestamp="2020-07-21T03:20:53Z" user="user_6771650" uid="6771650" lat="19.6625925" lon="-155.9930440"/>
 <node id="7732782480" visible="true" version="1" changeset="88272015" timestamp="2020-07-21T03:20:53Z" user="user_6771650" uid="6771650" lat="19.6711553" lon="-156.0155282"/>
 <node id="7732782572" visible="true" version="1" changeset="88272015" timestamp="2020-07-21T03:20:53Z" user="user_6771650" uid="6771650" lat="19.6754884" lon="-155.9983571"/>
 <node id="7732782638" visible="true" version="1" changeset="88272015" timestamp="2020-07-21T03:20:53Z" user="user_6771650" uid="6771650" lat="19.6695284" lon="-156.0021491"/>
 <node id="7732782664" visible="true" version="1" changeset="88272015" timestamp="2020-07-21T03:20:53Z" user="user_6771650" uid="6771650" lat="19.6579405" lon="-155.9831929"/>
 <node id="7732783112" visible="true" version="1" changeset="88272015" timestamp="2020-07-21T03:20:53Z" user="user_6771650" uid="6771650" lat="19.6640125" lon="-155.9934020"/>
 <node id="7732783140" visible="true" version="1" changeset="88272015" timestamp="2020-07-21T03:20:53Z" user="user_6771650" uid="6771650" lat="19.6695554" lon="-156.0140681"/>
 <node id="7732783295" visible="true" version="1" changeset="88272015" timestamp="2020-07-21T03:20:53Z" user="user_6771650" uid="6771650" lat="19.6609604" lon="-156.0124430"/>
 <node id="7732783323" visible="true" version="1" changeset="88272015" timestamp="2020-07-21T03:20:53Z" user="user_6771650" uid="6771650" lat="19.6652406" lon="-155.9813830"/>
 <node id="7732783451" visible="true" version="1" changeset="88272015" timestamp="2020-07-21T03:20:53Z" user="user_6771650" uid="6771650" lat="19.6704803" lon="-156.0168832"/>
 <node id="7732783472" visible="true" version="1" changeset="88272015" timestamp="2020-07-21T03:20:53Z" user="user_6771650" uid="6771650" lat="19.6676245" lon="-155.9836850"/>
 <node id="7732783597" visible="true" version="2" changeset="88826980" timestamp="2020-08-01T23:26:57Z" user="Tom_Holland" uid="574654" lat="19.6642199" lon="-155.9964972"/>
 <node id="7732783622" visible="true" version="1" changeset="88272015" timestamp="2020-07-21T03:20:53Z" user="user_6771650" uid="6771650" lat="19.6676146" lon="-155.9811190"/>
 <node id="7732783871" visible="true" version="1" changeset="88272015" timestamp="2020-07-21T03:20:53Z" user="user_6771650" uid="6771650" lat="19.6708924" lon="-156.0021301"/>
 <node id="7732783957" visible="true" version="1" changeset="88272015" timestamp="2020-07-21T03:20:53Z" user="user_6771650" uid="6771650" lat="19.6605906" lon="-155.9811829"/>
 <node id="7732784106" visible="true" version="1" changeset="88272015" timestamp="2020-07-21T03:20:53Z" user="user_6771650" uid="6771650" lat="19.6586305" lon="-155.9824629"/>
 <node id="7732784241" visible="true" version="3" changeset="88826980" timestamp="2020-08-01T23:26:57Z" user="Tom_Holland" uid="574654" lat="19.6609334" lon="-155.9950749"/>
 <node id="7732784271" visible="true" version="1" changeset="88272015" timestamp="2020-07-21T03:20:53Z" user="user_6771650" uid="6771650" lat="19.6676916" lon="-155.9815500"/>
 <node id="7732784595" visible="true" version="1" changeset="88272015" timestamp="2020-07-21T03:20:53Z" user="user_6771650" uid="6771650" lat="19.6711123" lon="-156.0152802"/>
 <node id="7732784683" visible="true" version="1" changeset="88272015" timestamp="2020-07-21T03:20:53Z" user="user_6771650" uid="6771650" lat="19.6722404" lon="-156.0026631"/>
 <node id="7732784748" visible="true" version="1" changeset="88272015" timestamp="2020-07-21T03:20:53Z" user="user_6771650" uid="6771650" lat="19.6668344" lon="-156.0043371"/>
 <node id="7732784775" visible="true" version="1" changeset="88272015" timestamp="2020-07-21T03:20:53Z" user="user_6771650" uid="6771650" lat="19.6574015" lon="-155.9833719"/>
 <node id="7732784910" visible="true" version="2" changeset="88826980" timestamp="2020-08-01T23:26:57Z" user="Tom_Holland" uid="574654" lat="19.6655160" lon="-155.9976741"/>
 <node id="7732785070" visible="true" version="1" changeset="88272015" timestamp="2020-07-21T03:20:53Z" user="user_6771650" uid="6771650" lat="19.6699204" lon="-155.9962031"/>
 <node id="7732785228" visible="true" version="1" changeset="88272015" timestamp="2020-07-21T03:20:53Z" user="user_6771650" uid="6771650" lat="19.6631435" lon="-155.9933590"/>
 <node id="7732785411" visible="true" version="2" changeset="88821155" timestamp="2020-08-01T17:43:26Z" user="Tom_Holland" uid="574654" lat="19.6695517" lon="-156.0011977"/>
 <node id="7732786066" visible="true" version="1" changeset="88272015" timestamp="2020-07-21T03:20:53Z" user="user_6771650" uid="6771650" lat="19.6615404" lon="-156.0114330"/>
 <node id="7732786247" visible="true" version="1" changeset="88272015" timestamp="2020-07-21T03:20:53Z" user="user_6771650" uid="6771650" lat="19.6672015" lon="-155.9847250"/>
 <node id="7732786383" visible="true" version="3" changeset="88826980" timestamp="2020-08-01T23:26:57Z" user="Tom_Holland" uid="574654" lat="19.6623487" lon="-155.9957002"/>
 <node id="7732786410" visible="true" version="1" changeset="88272015" timestamp="2020-07-21T03:20:53Z" user="user_6771650" uid="6771650" lat="19.6676716" lon="-155.9812470"/>
 <node id="7732786576" visible="true" version="1" changeset="88272015" timestamp="2020-07-21T03:20:53Z" user="user_6771650" uid="6771650" lat="19.6586315" lon="-155.9882139"/>
 <node id="7732786647" visible="true" version="1" changeset="88272015" timestamp="2020-07-21T03:20:53Z" user="user_6771650" uid="6771650" lat="19.6711444" lon="-156.0031881"/>
 <node id="7732786795" visible="true" version="2" changeset="88826980" timestamp="2020-08-01T23:26:57Z" user="Tom_Holland" uid="574654" lat="19.6738054" lon="-156.0028516"/>
 <node id="7732786886" visible="true" version="1" changeset="88272015" timestamp="2020-07-21T03:20:53Z" user="user_6771650" uid="6771650" lat="19.6589305" lon="-155.9820129"/>
 <node id="7732787034" visible="true" version="1" changeset="88272015" timestamp="2020-07-21T03:20:53Z" user="user_6771650" uid="6771650" lat="19.6656806" lon="-155.9812130"/>
 <node id="7732787128" visible="true" version="1" changeset="88272015" timestamp="2020-07-21T03:20:53Z" user="user_6771650" uid="6771650" lat="19.6762985" lon="-155.9881271"/>
 <node id="7732787353" visible="true" version="1" changeset="88272015" timestamp="2020-07-21T03:20:53Z" user="user_6771650" uid="6771650" lat="19.6711613" lon="-156.0154432"/>
 <node id="7732787438" visible="true" version="1" changeset="88272015" timestamp="2020-07-21T03:20:53Z" user="user_6771650" uid="6771650" lat="19.6718304" lon="-156.0025731"/>
 <node id="7732787506" visible="true" version="1" changeset="88272015" timestamp="2020-07-21T03:20:53Z" user="user_6771650" uid="6771650" lat="19.6683684" lon="-156.0028131"/>
 <node id="7732787531" visible="true" version="1" changeset="88272015" timestamp="2020-07-21T03:20:53Z" user="user_6771650" uid="6771650" lat="19.6577605" lon="-155.9832729"/>
 <node id="7732787659" visible="true" version="1" changeset="88272015" timestamp="2020-07-21T03:20:53Z" user="user_6771650" uid="6771650" lat="19.6689003" lon="-156.0204832"/>
 <node id="7732787777" visible="true" version="1" changeset="88272015" timestamp="2020-07-21T03:20:53Z" user="user_6771650" uid="6771650" lat="19.6663675" lon="-155.9861280"/>
 <node id="7732787799" visible="true" version="1" changeset="88272015" timestamp="2020-07-21T03:20:53Z" user="user_6771650" uid="6771650" lat="19.6695204" lon="-155.9959531"/>
 <node id="7732787944" visible="true" version="1" changeset="88272015" timestamp="2020-07-21T03:20:53Z" user="user_6771650" uid="6771650" lat="19.6637275" lon="-155.9934410"/>
 <node id="7732787969" visible="true" version="1" changeset="88272015" timestamp="2020-07-21T03:20:53Z" user="user_6771650" uid="6771650" lat="19.6626504" lon="-156.0095430"/>
 <node id="7732788054" visible="true" version="2" changeset="88826980" timestamp="2020-08-01T23:26:57Z" user="Tom_Holland" uid="574654" lat="19.6748691" lon="-156.0022376"/>
 <node id="7732788121" visible="true" version="1" changeset="88272015" timestamp="2020-07-21T03:20:53Z" user="user_6771650" uid="6771650" lat="19.6613703" lon="-156.0143860"/>
 <node id="7732788145" visible="true" version="1" changeset="88272015" timestamp="2020-07-21T03:20:53Z" user="user_6771650" uid="6771650" lat="19.6634306" lon="-155.9816430"/>
 <node id="7732788281" visible="true" version="1" changeset="88272015" timestamp="2020-07-21T03:20:53Z" user="user_6771650" uid="6771650" lat="19.6680073" lon="-156.0215962"/>
 <node id="7732788858" visible="true" version="1" changeset="88272019" timestamp="2020-07-21T03:21:09Z" user="user_6771650" uid="6771650" lat="19.6603806" lon="-155.9811929"/>
 <node id="7732789184" visible="true" version="1" changeset="88272019" timestamp="2020-07-21T03:21:09Z" user="user_6771650" uid="6771650" lat="19.6676976" lon="-155.9813880"/>
 <node id="7732789432" visible="true" version="1" changeset="88272019" timestamp="2020-07-21T03:21:09Z" user="user_6771650" uid="6771650" lat="19.6693324" lon="-156.0046811"/>
 <node id="7732789497" visible="true" version="1" changeset="88272019" timestamp="2020-07-21T03:21:09Z" user="user_6771650" uid="6771650" lat="19.6625233" lon="-156.0213631"/>
 <node id="7732789524" visible="true" version="1" changeset="88272019" timestamp="2020-07-21T03:21:09Z" user="user_6771650" uid="6771650" lat="19.6629506" lon="-155.9815530"/>
 <node id="7732789582" visible="true" version="1" changeset="88272019" timestamp="2020-07-21T03:21:09Z" user="user_6771650" uid="6771650" lat="19.6730204" lon="-156.0027531"/>
 <node id="7732789678" visible="true" version="1" changeset="88272019" timestamp="2020-07-21T03:21:09Z" user="user_6771650" uid="6771650" lat="19.6593505" lon="-155.9815929"/>
 <node id="7732789812" visible="true" version="1" changeset="88272019" timestamp="2020-07-21T03:21:09Z" user="user_6771650" uid="6771650" lat="19.6688204" lon="-155.9955030"/>
 <node id="7732789924" visible="true" version="1" changeset="88272019" timestamp="2020-07-21T03:21:09Z" user="user_6771650" uid="6771650" lat="19.6767515" lon="-155.9892642"/>
 <node id="7732790116" visible="true" version="1" changeset="88272019" timestamp="2020-07-21T03:21:09Z" user="user_6771650" uid="6771650" lat="19.6647015" lon="-155.9928940"/>
 <node id="7732790139" visible="true" version="1" changeset="88272019" timestamp="2020-07-21T03:21:09Z" user="user_6771650" uid="6771650" lat="19.6711253" lon="-156.0156132"/>
 <node id="7732790222" visible="true" version="1" changeset="88272019" timestamp="2020-07-21T03:21:09Z" user="user_6771650" uid="6771650" lat="19.6753394" lon="-155.9978581"/>
 <node id="7732790288" visible="true" version="1" changeset="88272019" timestamp="2020-07-21T03:21:09Z" user="user_6771650" uid="6771650" lat="19.6698644" lon="-156.0014131"/>
 <node id="7732790310" visible="true" version="1" changeset="88272019" timestamp="2020-07-21T03:21:09Z" user="user_6771650" uid="6771650" lat="19.6581605" lon="-155.9830629"/>
 <node id="7732790441" visible="true" version="1" changeset="88272019" timestamp="2020-07-21T03:21:09Z" user="user_6771650" uid="6771650" lat="19.6686703" lon="-156.0208832"/>
 <node id="7732790774" visible="true" version="1" changeset="88272019" timestamp="2020-07-21T03:21:09Z" user="user_6771650" uid="6771650" lat="19.6657104" lon="-156.0115631"/>
 <node id="7732790951" visible="true" version="1" changeset="88272019" timestamp="2020-07-21T03:21:09Z" user="user_6771650" uid="6771650" lat="19.6642706" lon="-155.9816930"/>
 <node id="7732791080" visible="true" version="1" changeset="88272019" timestamp="2020-07-21T03:21:09Z" user="user_6771650" uid="6771650" lat="19.6710003" lon="-156.0159032"/>
 <node id="7732791105" visible="true" version="1" changeset="88272019" timestamp="2020-07-21T03:21:09Z" user="user_6771650" uid="6771650" lat="19.6678256" lon="-155.9821720"/>
 <node id="7732791594" visible="true" version="1" changeset="88272019" timestamp="2020-07-21T03:21:09Z" user="user_6771650" uid="6771650" lat="19.6609506" lon="-155.9812229"/>
 <node id="7732791924" visible="true" version="1" changeset="88272019" timestamp="2020-07-21T03:21:09Z" user="user_6771650" uid="6771650" lat="19.6678446" lon="-155.9816600"/>
 <node id="7732792020" visible="true" version="3" changeset="88826942" timestamp="2020-08-01T23:23:50Z" user="Tom_Holland" uid="574654" lat="19.6750601" lon="-155.9875613"/>
 <node id="7732792214" visible="true" version="2" changeset="88823011" timestamp="2020-08-01T19:20:34Z" user="Tom_Holland" uid="574654" lat="19.6660666" lon="-155.9925899"/>
 <node id="7732792237" visible="true" version="1" changeset="88272019" timestamp="2020-07-21T03:21:09Z" user="user_6771650" uid="6771650" lat="19.6708583" lon="-156.0149042"/>
 <node id="7732792420" visible="true" version="1" changeset="88272019" timestamp="2020-07-21T03:21:09Z" user="user_6771650" uid="6771650" lat="19.6598005" lon="-155.9813329"/>
 <node id="7732792548" visible="true" version="1" changeset="88272019" timestamp="2020-07-21T03:21:09Z" user="user_6771650" uid="6771650" lat="19.6683004" lon="-155.9951430"/>
 <node id="7732792688" visible="true" version="1" changeset="88272019" timestamp="2020-07-21T03:21:09Z" user="user_6771650" uid="6771650" lat="19.6651345" lon="-155.9864600"/>
 <node id="7732792712" visible="true" version="1" changeset="88272019" timestamp="2020-07-21T03:21:09Z" user="user_6771650" uid="6771650" lat="19.6708104" lon="-155.9966431"/>
 <node id="7732792966" visible="true" version="1" changeset="88272019" timestamp="2020-07-21T03:21:09Z" user="user_6771650" uid="6771650" lat="19.6752804" lon="-155.9983031"/>
 <node id="7732793065" visible="true" version="1" changeset="88272019" timestamp="2020-07-21T03:21:09Z" user="user_6771650" uid="6771650" lat="19.6583405" lon="-155.9828729"/>
 <node id="7732793191" visible="true" version="1" changeset="88272019" timestamp="2020-07-21T03:21:09Z" user="user_6771650" uid="6771650" lat="19.6683903" lon="-156.0212632"/>
 <node id="7732793536" visible="true" version="1" changeset="88272019" timestamp="2020-07-21T03:21:09Z" user="user_6771650" uid="6771650" lat="19.6670884" lon="-156.0124671"/>
 <node id="7732793701" visible="true" version="1" changeset="88272019" timestamp="2020-07-21T03:21:09Z" user="user_6771650" uid="6771650" lat="19.6608804" lon="-156.0126530"/>
 <node id="7732793858" visible="true" version="1" changeset="88272019" timestamp="2020-07-21T03:21:09Z" user="user_6771650" uid="6771650" lat="19.6707903" lon="-156.0162732"/>
 <node id="7732794019" visible="true" version="2" changeset="88826980" timestamp="2020-08-01T23:26:57Z" user="Tom_Holland" uid="574654" lat="19.6648118" lon="-155.9969335"/>
 <node id="7732794139" visible="true" version="1" changeset="88272019" timestamp="2020-07-21T03:21:09Z" user="user_6771650" uid="6771650" lat="19.6757294" lon="-155.9970961"/>
 <node id="7732794240" visible="true" version="1" changeset="88272019" timestamp="2020-07-21T03:21:09Z" user="user_6771650" uid="6771650" lat="19.6577145" lon="-155.9846659"/>
 <node id="7732794306" visible="true" version="1" changeset="88272019" timestamp="2020-07-21T03:21:09Z" user="user_6771650" uid="6771650" lat="19.6712204" lon="-156.0023231"/>
 <node id="7732794371" visible="true" version="1" changeset="88272019" timestamp="2020-07-21T03:21:09Z" user="user_6771650" uid="6771650" lat="19.6640323" lon="-156.0238851"/>
 <node id="7732794393" visible="true" version="1" changeset="88272019" timestamp="2020-07-21T03:21:09Z" user="user_6771650" uid="6771650" lat="19.6623606" lon="-155.9814530"/>
 <node id="7732794552" visible="true" version="1" changeset="88272019" timestamp="2020-07-21T03:21:09Z" user="user_6771650" uid="6771650" lat="19.6591405" lon="-155.9817829"/>
 <node id="7732794714" visible="true" version="1" changeset="88272019" timestamp="2020-07-21T03:21:09Z" user="user_6771650" uid="6771650" lat="19.6659406" lon="-155.9811230"/>
 <node id="7732794809" visible="true" version="1" changeset="88272019" timestamp="2020-07-21T03:21:09Z" user="user_6771650" uid="6771650" lat="19.6766235" lon="-155.9882722"/>
 <node id="7732795002" visible="true" version="2" changeset="88823011" timestamp="2020-08-01T19:20:34Z" user="Tom_Holland" uid="574654" lat="19.6659916" lon="-155.9923799"/>
 <node id="7732795027" visible="true" version="1" changeset="88272019" timestamp="2020-07-21T03:21:09Z" user="user_6771650" uid="6771650" lat="19.6708843" lon="-156.0150852"/>
 <node id="7732795110" visible="true" version="1" changeset="88272019" timestamp="2020-07-21T03:21:09Z" user="user_6771650" uid="6771650" lat="19.6715404" lon="-156.0024631"/>
 <node id="7732795178" visible="true" version="1" changeset="88272019" timestamp="2020-07-21T03:21:09Z" user="user_6771650" uid="6771650" lat="19.6676874" lon="-156.0040521"/>
 <node id="7732795332" visible="true" version="1" changeset="88272019" timestamp="2020-07-21T03:21:09Z" user="user_6771650" uid="6771650" lat="19.6677874" lon="-155.9958330"/>
 <node id="7732795355" visible="true" version="1" changeset="88272019" timestamp="2020-07-21T03:21:09Z" user="user_6771650" uid="6771650" lat="19.6672406" lon="-155.9811130"/>
 <node id="7732795462" visible="true" version="1" changeset="88272019" timestamp="2020-07-21T03:21:09Z" user="user_6771650" uid="6771650" lat="19.6664125" lon="-155.9861160"/>
 <node id="7732795487" visible="true" version="1" changeset="88272019" timestamp="2020-07-21T03:21:09Z" user="user_6771650" uid="6771650" lat="19.6704204" lon="-155.9964631"/>
 <node id="7732795639" visible="true" version="1" changeset="88272019" timestamp="2020-07-21T03:21:09Z" user="user_6771650" uid="6771650" lat="19.6628335" lon="-155.9932160"/>
 <node id="7732795810" visible="true" version="1" changeset="88272019" timestamp="2020-07-21T03:21:09Z" user="user_6771650" uid="6771650" lat="19.6604713" lon="-156.0141580"/>
 <node id="7732795835" visible="true" version="1" changeset="88272019" timestamp="2020-07-21T03:21:09Z" user="user_6771650" uid="6771650" lat="19.6639706" lon="-155.9817030"/>
 <node id="7732795967" visible="true" version="1" changeset="88272019" timestamp="2020-07-21T03:21:09Z" user="user_6771650" uid="6771650" lat="19.6666923" lon="-156.0221152"/>
 <node id="7732796455" visible="true" version="1" changeset="88272019" timestamp="2020-07-21T03:21:09Z" user="user_6771650" uid="6771650" lat="19.6611304" lon="-156.0121230"/>
 <node id="7759086331" visible="true" version="1" changeset="88588425" timestamp="2020-07-27T23:23:24Z" user="Your Village Maps" uid="227972" lat="19.6508669" lon="-156.0021000"/>
 <node id="7759086333" visible="true" version="1" changeset="88588425" timestamp="2020-07-27T23:23:24Z" user="Your Village Maps" uid="227972" lat="19.6507379" lon="-156.0022907"/>
 <node id="7759086334" visible="true" version="1" changeset="88588425" timestamp="2020-07-27T23:23:24Z" user="Your Village Maps" uid="227972" lat="19.6507547" lon="-156.0023905"/>
 <node id="7759086335" visible="true" version="1" changeset="88588425" timestamp="2020-07-27T23:23:24Z" user="Your Village Maps" uid="227972" lat="19.6509465" lon="-156.0027030">
  <tag k="crossing" v="traffic_signals"/>
  <tag k="highway" v="crossing"/>
 </node>
 <node id="7759086336" visible="true" version="2" changeset="124321424" timestamp="2022-08-01T00:07:27Z" user="wmss" uid="16696805" lat="19.6512681" lon="-156.0023940">
  <tag k="highway" v="traffic_signals"/>
  <tag k="traffic_signals:direction" v="forward"/>
 </node>
 <node id="7759086337" visible="true" version="1" changeset="88588425" timestamp="2020-07-27T23:23:24Z" user="Your Village Maps" uid="227972" lat="19.6510978" lon="-156.0021938">
  <tag k="crossing" v="uncontrolled"/>
  <tag k="highway" v="crossing"/>
 </node>
 <node id="7759086339" visible="true" version="1" changeset="88588425" timestamp="2020-07-27T23:23:24Z" user="Your Village Maps" uid="227972" lat="19.6507478" lon="-156.0026890"/>
 <node id="7759086340" visible="true" version="1" changeset="88588425" timestamp="2020-07-27T23:23:24Z" user="Your Village Maps" uid="227972" lat="19.6513668" lon="-156.0027490"/>
 <node id="7759086341" visible="true" version="1" changeset="88588425" timestamp="2020-07-27T23:23:24Z" user="Your Village Maps" uid="227972" lat="19.6513468" lon="-156.0026737"/>
 <node id="7759086342" visible="true" version="2" changeset="124321424" timestamp="2022-08-01T00:07:27Z" user="wmss" uid="16696805" lat="19.6510764" lon="-156.0027490">
  <tag k="highway" v="traffic_signals"/>
  <tag k="traffic_signals:direction" v="forward"/>
 </node>
 <node id="7759086344" visible="true" version="1" changeset="88588425" timestamp="2020-07-27T23:23:24Z" user="Your Village Maps" uid="227972" lat="19.6508733" lon="-156.0024785">
  <tag k="crossing" v="traffic_signals"/>
  <tag k="highway" v="crossing"/>
 </node>
 <node id="7759086346" visible="true" version="1" changeset="88588425" timestamp="2020-07-27T23:23:24Z" user="Your Village Maps" uid="227972" lat="19.6512097" lon="-156.0029227"/>
 <node id="7759086347" visible="true" version="1" changeset="88588425" timestamp="2020-07-27T23:23:24Z" user="Your Village Maps" uid="227972" lat="19.6510254" lon="-156.0023172">
  <tag k="crossing" v="traffic_signals"/>
  <tag k="highway" v="crossing"/>
 </node>
 <node id="7759086348" visible="true" version="2" changeset="144608132" timestamp="2023-11-30T00:40:00Z" user="JTeerow" uid="18560218" lat="19.6508719" lon="-156.0026057">
  <tag k="crossing" v="traffic_signals;uncontrolled"/>
  <tag k="highway" v="crossing"/>
 </node>
 <node id="7759086349" visible="true" version="2" changeset="96287203" timestamp="2020-12-23T01:53:46Z" user="user_8466505" uid="8466505" lat="19.6511102" lon="-156.0028867"/>
 <node id="7759156969" visible="true" version="1" changeset="88588425" timestamp="2020-07-27T23:33:07Z" user="Your Village Maps" uid="227972" lat="19.6517287" lon="-156.0017552"/>
 <node id="7759156970" visible="true" version="1" changeset="88588425" timestamp="2020-07-27T23:33:07Z" user="Your Village Maps" uid="227972" lat="19.6515997" lon="-156.0033882"/>
 <node id="7759156971" visible="true" version="1" changeset="88588425" timestamp="2020-07-27T23:33:07Z" user="Your Village Maps" uid="227972" lat="19.6522613" lon="-156.0040840"/>
 <node id="7759156972" visible="true" version="1" changeset="88588425" timestamp="2020-07-27T23:33:07Z" user="Your Village Maps" uid="227972" lat="19.6521871" lon="-156.0040110"/>
 <node id="7759156973" visible="true" version="1" changeset="88588425" timestamp="2020-07-27T23:33:07Z" user="Your Village Maps" uid="227972" lat="19.6505815" lon="-156.0028828"/>
 <node id="7759156974" visible="true" version="1" changeset="88588425" timestamp="2020-07-27T23:33:07Z" user="Your Village Maps" uid="227972" lat="19.6525721" lon="-156.0043688"/>
 <node id="7759156975" visible="true" version="1" changeset="88588425" timestamp="2020-07-27T23:33:07Z" user="Your Village Maps" uid="227972" lat="19.6514729" lon="-156.0032437"/>
 <node id="7759156976" visible="true" version="1" changeset="88588425" timestamp="2020-07-27T23:33:07Z" user="Your Village Maps" uid="227972" lat="19.6524544" lon="-156.0042642"/>
 <node id="7759156977" visible="true" version="1" changeset="88588425" timestamp="2020-07-27T23:33:07Z" user="Your Village Maps" uid="227972" lat="19.6520763" lon="-156.0038990"/>
 <node id="7759156978" visible="true" version="1" changeset="88588425" timestamp="2020-07-27T23:33:07Z" user="Your Village Maps" uid="227972" lat="19.6519199" lon="-156.0037346"/>
 <node id="7759260912" visible="true" version="2" changeset="117366255" timestamp="2022-02-13T19:13:15Z" user="zluuzki" uid="12785610" lat="19.6514793" lon="-156.0025160">
  <tag k="power" v="pole"/>
 </node>
 <node id="7759260915" visible="true" version="2" changeset="117366255" timestamp="2022-02-13T19:13:15Z" user="zluuzki" uid="12785610" lat="19.6534112" lon="-156.0044680">
  <tag k="power" v="pole"/>
 </node>
 <node id="7759260917" visible="true" version="2" changeset="117366255" timestamp="2022-02-13T19:13:15Z" user="zluuzki" uid="12785610" lat="19.6518552" lon="-156.0029790">
  <tag k="power" v="pole"/>
 </node>
 <node id="7759260924" visible="true" version="1" changeset="88589369" timestamp="2020-07-28T00:18:43Z" user="Your Village Maps" uid="227972" lat="19.6498628" lon="-156.0008889"/>
 <node id="7759260934" visible="true" version="2" changeset="117366255" timestamp="2022-02-13T19:13:15Z" user="zluuzki" uid="12785610" lat="19.6503304" lon="-156.0009400">
  <tag k="power" v="pole"/>
 </node>
 <node id="7759260941" visible="true" version="2" changeset="117366255" timestamp="2022-02-13T19:13:15Z" user="zluuzki" uid="12785610" lat="19.6499828" lon="-156.0003190">
  <tag k="power" v="pole"/>
 </node>
 <node id="7759260945" visible="true" version="2" changeset="117366255" timestamp="2022-02-13T19:13:15Z" user="zluuzki" uid="12785610" lat="19.6553612" lon="-156.0057690">
  <tag k="power" v="pole"/>
 </node>
 <node id="7759260948" visible="true" version="3" changeset="117366255" timestamp="2022-02-13T19:13:15Z" user="zluuzki" uid="12785610" lat="19.6493826" lon="-155.9991330">
  <tag k="power" v="pole"/>
 </node>
 <node id="7759260950" visible="true" version="2" changeset="117366255" timestamp="2022-02-13T19:13:15Z" user="zluuzki" uid="12785610" lat="19.6522351" lon="-156.0034490">
  <tag k="power" v="pole"/>
 </node>
 <node id="7759260952" visible="true" version="2" changeset="117366255" timestamp="2022-02-13T19:13:15Z" user="zluuzki" uid="12785610" lat="19.6568242" lon="-156.0064660">
  <tag k="power" v="pole"/>
 </node>
 <node id="7759260956" visible="true" version="2" changeset="117366255" timestamp="2022-02-13T19:13:15Z" user="zluuzki" uid="12785610" lat="19.6528151" lon="-156.0039450">
  <tag k="power" v="pole"/>
 </node>
 <node id="7759260970" visible="true" version="2" changeset="117366255" timestamp="2022-02-13T19:13:15Z" user="zluuzki" uid="12785610" lat="19.6510873" lon="-156.0020310">
  <tag k="power" v="pole"/>
 </node>
 <node id="7759260971" visible="true" version="3" changeset="117366255" timestamp="2022-02-13T19:13:15Z" user="zluuzki" uid="12785610" lat="19.6496449" lon="-155.9996510">
  <tag k="power" v="pole"/>
 </node>
 <node id="7759260973" visible="true" version="2" changeset="117366255" timestamp="2022-02-13T19:13:15Z" user="zluuzki" uid="12785610" lat="19.6546459" lon="-156.0053820">
  <tag k="power" v="pole"/>
 </node>
 <node id="7759260974" visible="true" version="2" changeset="117366255" timestamp="2022-02-13T19:13:15Z" user="zluuzki" uid="12785610" lat="19.6539770" lon="-156.0049450">
  <tag k="power" v="pole"/>
 </node>
 <node id="7759260975" visible="true" version="2" changeset="117366255" timestamp="2022-02-13T19:13:15Z" user="zluuzki" uid="12785610" lat="19.6560976" lon="-156.0061240">
  <tag k="power" v="pole"/>
 </node>
 <node id="7759260976" visible="true" version="2" changeset="117366255" timestamp="2022-02-13T19:13:15Z" user="zluuzki" uid="12785610" lat="19.6506952" lon="-156.0015240">
  <tag k="power" v="pole"/>
 </node>
 <node id="7759265675" visible="true" version="1" changeset="88589369" timestamp="2020-07-28T00:33:32Z" user="Your Village Maps" uid="227972" lat="19.6532049" lon="-155.9909678"/>
 <node id="7759265680" visible="true" version="1" changeset="88589369" timestamp="2020-07-28T00:33:32Z" user="Your Village Maps" uid="227972" lat="19.6588260" lon="-155.9940405"/>
 <node id="7759278189" visible="true" version="1" changeset="88589369" timestamp="2020-07-28T00:33:32Z" user="Your Village Maps" uid="227972" lat="19.6484746" lon="-155.9927901"/>
 <node id="7759278193" visible="true" version="1" changeset="88589369" timestamp="2020-07-28T00:33:32Z" user="Your Village Maps" uid="227972" lat="19.6565937" lon="-155.9927477"/>
 <node id="7759921926" visible="true" version="2" changeset="117366255" timestamp="2022-02-13T19:13:15Z" user="zluuzki" uid="12785610" lat="19.6634741" lon="-156.0099120">
  <tag k="power" v="pole"/>
 </node>
 <node id="7759921928" visible="true" version="2" changeset="117366255" timestamp="2022-02-13T19:13:15Z" user="zluuzki" uid="12785610" lat="19.6641550" lon="-156.0103630">
  <tag k="power" v="pole"/>
 </node>
 <node id="7759921931" visible="true" version="1" changeset="88595740" timestamp="2020-07-28T04:58:18Z" user="Your Village Maps" uid="227972" lat="19.6609541" lon="-156.0086329"/>
 <node id="7759921933" visible="true" version="1" changeset="88595740" timestamp="2020-07-28T04:58:18Z" user="Your Village Maps" uid="227972" lat="19.6616376" lon="-156.0093369"/>
 <node id="7759921943" visible="true" version="1" changeset="88595740" timestamp="2020-07-28T04:58:18Z" user="Your Village Maps" uid="227972" lat="19.6623257" lon="-156.0093860"/>
 <node id="7759921957" visible="true" version="1" changeset="88595740" timestamp="2020-07-28T04:58:18Z" user="Your Village Maps" uid="227972" lat="19.6612850" lon="-156.0087935"/>
 <node id="7759921959" visible="true" version="2" changeset="117366255" timestamp="2022-02-13T19:13:15Z" user="zluuzki" uid="12785610" lat="19.6625601" lon="-156.0093010">
  <tag k="power" v="pole"/>
 </node>
 <node id="7759921962" visible="true" version="2" changeset="117366255" timestamp="2022-02-13T19:13:15Z" user="zluuzki" uid="12785610" lat="19.6583284" lon="-156.0071850">
  <tag k="power" v="pole"/>
 </node>
 <node id="7759921968" visible="true" version="1" changeset="88595740" timestamp="2020-07-28T04:58:18Z" user="Your Village Maps" uid="227972" lat="19.6609115" lon="-156.0089579"/>
 <node id="7759921969" visible="true" version="2" changeset="117366255" timestamp="2022-02-13T19:13:15Z" user="zluuzki" uid="12785610" lat="19.6613423" lon="-156.0086180">
  <tag k="power" v="pole"/>
 </node>
 <node id="7759921977" visible="true" version="1" changeset="88595740" timestamp="2020-07-28T04:58:18Z" user="Your Village Maps" uid="227972" lat="19.6572380" lon="-156.0068654"/>
 <node id="7759921978" visible="true" version="1" changeset="88595740" timestamp="2020-07-28T04:58:18Z" user="Your Village Maps" uid="227972" lat="19.6621866" lon="-156.0096683"/>
 <node id="7759921981" visible="true" version="1" changeset="88595740" timestamp="2020-07-28T04:58:18Z" user="Your Village Maps" uid="227972" lat="19.6614491" lon="-156.0092305"/>
 <node id="7759921982" visible="true" version="1" changeset="88595740" timestamp="2020-07-28T04:58:18Z" user="Your Village Maps" uid="227972" lat="19.6623251" lon="-156.0101247"/>
 <node id="7759921983" visible="true" version="1" changeset="88595740" timestamp="2020-07-28T04:58:18Z" user="Your Village Maps" uid="227972" lat="19.6606332" lon="-156.0084809"/>
 <node id="7759921984" visible="true" version="1" changeset="88595740" timestamp="2020-07-28T04:58:18Z" user="Your Village Maps" uid="227972" lat="19.6617748" lon="-156.0094161"/>
 <node id="7759928236" visible="true" version="1" changeset="88595740" timestamp="2020-07-28T05:02:14Z" user="Your Village Maps" uid="227972" lat="19.6609681" lon="-156.0124757"/>
 <node id="7759928237" visible="true" version="1" changeset="88595740" timestamp="2020-07-28T05:02:14Z" user="Your Village Maps" uid="227972" lat="19.6607619" lon="-156.0130499"/>
 <node id="7759928242" visible="true" version="1" changeset="88595740" timestamp="2020-07-28T05:02:14Z" user="Your Village Maps" uid="227972" lat="19.6624440" lon="-156.0099357">
  <tag k="crossing" v="traffic_signals"/>
  <tag k="highway" v="crossing"/>
 </node>
 <node id="7759928251" visible="true" version="1" changeset="88595740" timestamp="2020-07-28T05:02:14Z" user="Your Village Maps" uid="227972" lat="19.6610809" lon="-156.0122489"/>
 <node id="7759931185" visible="true" version="2" changeset="117366255" timestamp="2022-02-13T19:13:15Z" user="zluuzki" uid="12785610" lat="19.6575839" lon="-156.0068290">
  <tag k="power" v="pole"/>
 </node>
 <node id="7759931187" visible="true" version="1" changeset="88595740" timestamp="2020-07-28T04:58:18Z" user="Your Village Maps" uid="227972" lat="19.6618701" lon="-156.0091091"/>
 <node id="7759931196" visible="true" version="1" changeset="88595740" timestamp="2020-07-28T04:58:18Z" user="Your Village Maps" uid="227972" lat="19.6620354" lon="-156.0095728"/>
 <node id="7759931197" visible="true" version="2" changeset="117366255" timestamp="2022-02-13T19:13:15Z" user="zluuzki" uid="12785610" lat="19.6598517" lon="-156.0079080">
  <tag k="power" v="pole"/>
 </node>
 <node id="7759931204" visible="true" version="2" changeset="117366255" timestamp="2022-02-13T19:13:15Z" user="zluuzki" uid="12785610" lat="19.6629770" lon="-156.0095770">
  <tag k="power" v="pole"/>
 </node>
 <node id="7759931207" visible="true" version="1" changeset="88595740" timestamp="2020-07-28T04:58:18Z" user="Your Village Maps" uid="227972" lat="19.6620128" lon="-156.0091896"/>
 <node id="7759931208" visible="true" version="2" changeset="117366255" timestamp="2022-02-13T19:13:15Z" user="zluuzki" uid="12785610" lat="19.6605799" lon="-156.0082500">
  <tag k="power" v="pole"/>
 </node>
 <node id="7759931212" visible="true" version="1" changeset="88595740" timestamp="2020-07-28T04:58:18Z" user="Your Village Maps" uid="227972" lat="19.6611654" lon="-156.0087340"/>
 <node id="7759931213" visible="true" version="2" changeset="117366255" timestamp="2022-02-13T19:13:15Z" user="zluuzki" uid="12785610" lat="19.6620637" lon="-156.0090070">
  <tag k="power" v="pole"/>
 </node>
 <node id="7759931215" visible="true" version="1" changeset="88595740" timestamp="2020-07-28T04:58:18Z" user="Your Village Maps" uid="227972" lat="19.6617298" lon="-156.0090312"/>
 <node id="7759931216" visible="true" version="2" changeset="117366255" timestamp="2022-02-13T19:13:15Z" user="zluuzki" uid="12785610" lat="19.6590623" lon="-156.0075360">
  <tag k="power" v="pole"/>
 </node>
 <node id="7759931219" visible="true" version="1" changeset="88595740" timestamp="2020-07-28T04:58:18Z" user="Your Village Maps" uid="227972" lat="19.6619242" lon="-156.0095048"/>
 <node id="7759931224" visible="true" version="1" changeset="88595740" timestamp="2020-07-28T04:58:18Z" user="Your Village Maps" uid="227972" lat="19.6621836" lon="-156.0092946"/>
 <node id="7759972429" visible="true" version="2" changeset="117366255" timestamp="2022-02-13T19:13:15Z" user="zluuzki" uid="12785610" lat="19.6896446" lon="-156.0222770">
  <tag k="power" v="pole"/>
 </node>
 <node id="7759972430" visible="true" version="2" changeset="117366255" timestamp="2022-02-13T19:13:15Z" user="zluuzki" uid="12785610" lat="19.6731749" lon="-156.0162830">
  <tag k="power" v="pole"/>
 </node>
 <node id="7759972431" visible="true" version="2" changeset="117366255" timestamp="2022-02-13T19:13:15Z" user="zluuzki" uid="12785610" lat="19.6765491" lon="-156.0184290">
  <tag k="power" v="pole"/>
 </node>
 <node id="7759972432" visible="true" version="2" changeset="117366255" timestamp="2022-02-13T19:13:15Z" user="zluuzki" uid="12785610" lat="19.6835250" lon="-156.0204720">
  <tag k="power" v="pole"/>
 </node>
 <node id="7759972433" visible="true" version="2" changeset="117366255" timestamp="2022-02-13T19:13:15Z" user="zluuzki" uid="12785610" lat="19.6738336" lon="-156.0167270">
  <tag k="power" v="pole"/>
 </node>
 <node id="7759972435" visible="true" version="3" changeset="160848630" timestamp="2024-12-31T21:37:12Z" user="lmum" uid="1084189" lat="19.7046777" lon="-156.0314730">
  <tag k="material" v="steel"/>
  <tag k="power" v="pole"/>
 </node>
 <node id="7759972436" visible="true" version="2" changeset="117366255" timestamp="2022-02-13T19:13:15Z" user="zluuzki" uid="12785610" lat="19.6827200" lon="-156.0202870">
  <tag k="power" v="pole"/>
 </node>
 <node id="7759972437" visible="true" version="2" changeset="117366255" timestamp="2022-02-13T19:13:15Z" user="zluuzki" uid="12785610" lat="19.7074593" lon="-156.0328910">
  <tag k="power" v="pole"/>
 </node>
 <node id="7759972438" visible="true" version="2" changeset="117366255" timestamp="2022-02-13T19:13:15Z" user="zluuzki" uid="12785610" lat="19.6812945" lon="-156.0199720">
  <tag k="power" v="pole"/>
 </node>
 <node id="7759972439" visible="true" version="2" changeset="117366255" timestamp="2022-02-13T19:13:15Z" user="zluuzki" uid="12785610" lat="19.6696767" lon="-156.0139990">
  <tag k="power" v="pole"/>
 </node>
 <node id="7759972440" visible="true" version="2" changeset="117366255" timestamp="2022-02-13T19:13:15Z" user="zluuzki" uid="12785610" lat="19.6956030" lon="-156.0257950">
  <tag k="power" v="pole"/>
 </node>
 <node id="7759972441" visible="true" version="4" changeset="160848647" timestamp="2024-12-31T21:36:06Z" user="lmum" uid="1084189" lat="19.6990818" lon="-156.0279690">
  <tag k="line_attachment" v="anchor"/>
  <tag k="material" v="wood"/>
  <tag k="power" v="pole"/>
 </node>
 <node id="7759972442" visible="true" version="3" changeset="160848630" timestamp="2024-12-31T21:37:09Z" user="lmum" uid="1084189" lat="19.7040164" lon="-156.0310570">
  <tag k="material" v="steel"/>
  <tag k="power" v="pole"/>
 </node>
 <node id="7759972443" visible="true" version="1" changeset="88595740" timestamp="2020-07-28T05:20:33Z" user="Your Village Maps" uid="227972" lat="19.6623895" lon="-156.0087776"/>
 <node id="7759972444" visible="true" version="2" changeset="117366255" timestamp="2022-02-13T19:13:15Z" user="zluuzki" uid="12785610" lat="19.6648501" lon="-156.0108280">
  <tag k="power" v="pole"/>
 </node>
 <node id="7759972445" visible="true" version="3" changeset="160848630" timestamp="2024-12-31T21:37:14Z" user="lmum" uid="1084189" lat="19.7053100" lon="-156.0318890">
  <tag k="material" v="steel"/>
  <tag k="power" v="pole"/>
 </node>
 <node id="7759972446" visible="true" version="3" changeset="160848630" timestamp="2024-12-31T21:37:31Z" user="lmum" uid="1084189" lat="19.7098794" lon="-156.0335070">
  <tag k="material" v="steel"/>
  <tag k="power" v="pole"/>
 </node>
 <node id="7759972447" visible="true" version="2" changeset="117366255" timestamp="2022-02-13T19:13:15Z" user="zluuzki" uid="12785610" lat="19.6902473" lon="-156.0225770">
  <tag k="power" v="pole"/>
 </node>
 <node id="7759972448" visible="true" version="2" changeset="117366255" timestamp="2022-02-13T19:13:15Z" user="zluuzki" uid="12785610" lat="19.6751913" lon="-156.0176160">
  <tag k="power" v="pole"/>
 </node>
 <node id="7759972449" visible="true" version="3" changeset="160848630" timestamp="2024-12-31T21:37:27Z" user="lmum" uid="1084189" lat="19.7090647" lon="-156.0333530">
  <tag k="material" v="steel"/>
  <tag k="power" v="pole"/>
 </node>
 <node id="7759972450" visible="true" version="2" changeset="117366255" timestamp="2022-02-13T19:13:15Z" user="zluuzki" uid="12785610" lat="19.6789576" lon="-156.0194080">
  <tag k="power" v="pole"/>
 </node>
 <node id="7759972451" visible="true" version="3" changeset="160848630" timestamp="2024-12-31T21:37:24Z" user="lmum" uid="1084189" lat="19.7082573" lon="-156.0331530">
  <tag k="material" v="steel"/>
  <tag k="power" v="pole"/>
 </node>
 <node id="7759972452" visible="true" version="3" changeset="160848630" timestamp="2024-12-31T21:37:36Z" user="lmum" uid="1084189" lat="19.7114928" lon="-156.0336520">
  <tag k="material" v="steel"/>
  <tag k="power" v="pole"/>
 </node>
 <node id="7759972455" visible="true" version="1" changeset="88595740" timestamp="2020-07-28T05:20:33Z" user="Your Village Maps" uid="227972" lat="19.6625152" lon="-156.0088328"/>
 <node id="7759972456" visible="true" version="4" changeset="160848647" timestamp="2024-12-31T21:38:09Z" user="lmum" uid="1084189" lat="19.7160283" lon="-156.0330910">
  <tag k="line_attachment" v="anchor"/>
  <tag k="material" v="steel"/>
  <tag k="power" v="pole"/>
 </node>
 <node id="7759972459" visible="true" version="4" changeset="160848647" timestamp="2024-12-31T21:38:03Z" user="lmum" uid="1084189" lat="19.7154526" lon="-156.0331940">
  <tag k="line_attachment" v="anchor"/>
  <tag k="material" v="steel"/>
  <tag k="power" v="pole"/>
 </node>
 <node id="7759972462" visible="true" version="1" changeset="88595740" timestamp="2020-07-28T05:20:33Z" user="Your Village Maps" uid="227972" lat="19.6638325" lon="-156.0095689"/>
 <node id="7759972463" visible="true" version="1" changeset="88595740" timestamp="2020-07-28T05:20:33Z" user="Your Village Maps" uid="227972" lat="19.6632887" lon="-156.0092406"/>
 <node id="7759972465" visible="true" version="1" changeset="88595740" timestamp="2020-07-28T05:20:33Z" user="Your Village Maps" uid="227972" lat="19.6654610" lon="-156.0105933"/>
 <node id="7759972467" visible="true" version="2" changeset="117366255" timestamp="2022-02-13T19:13:15Z" user="zluuzki" uid="12785610" lat="19.6745003" lon="-156.0171630">
  <tag k="power" v="pole"/>
 </node>
 <node id="7759972468" visible="true" version="5" changeset="160848630" timestamp="2024-12-31T21:36:27Z" user="lmum" uid="1084189" lat="19.6977121" lon="-156.0271230">
  <tag k="material" v="steel"/>
  <tag k="power" v="pole"/>
 </node>
 <node id="7759972469" visible="true" version="4" changeset="160848647" timestamp="2024-12-31T21:38:16Z" user="lmum" uid="1084189" lat="19.7165428" lon="-156.0330100">
  <tag k="line_attachment" v="anchor"/>
  <tag k="material" v="steel"/>
  <tag k="power" v="pole"/>
 </node>
 <node id="7759972470" visible="true" version="1" changeset="88595740" timestamp="2020-07-28T05:20:33Z" user="Your Village Maps" uid="227972" lat="19.6629821" lon="-156.0092030"/>
 <node id="7759972471" visible="true" version="4" changeset="160848647" timestamp="2024-12-31T21:38:23Z" user="lmum" uid="1084189" lat="19.7179991" lon="-156.0327800">
  <tag k="line_attachment" v="anchor"/>
  <tag k="material" v="steel"/>
  <tag k="power" v="pole"/>
 </node>
 <node id="7759972473" visible="true" version="2" changeset="117366255" timestamp="2022-02-13T19:13:15Z" user="zluuzki" uid="12785610" lat="19.6676204" lon="-156.0126440">
  <tag k="power" v="pole"/>
 </node>
 <node id="7759972474" visible="true" version="2" changeset="117366255" timestamp="2022-02-13T19:13:15Z" user="zluuzki" uid="12785610" lat="19.6909639" lon="-156.0229640">
  <tag k="power" v="pole"/>
 </node>
 <node id="7759972475" visible="true" version="3" changeset="160848630" timestamp="2024-12-31T21:37:34Z" user="lmum" uid="1084189" lat="19.7106746" lon="-156.0336070">
  <tag k="material" v="steel"/>
  <tag k="power" v="pole"/>
 </node>
 <node id="7759972476" visible="true" version="2" changeset="117366255" timestamp="2022-02-13T19:13:15Z" user="zluuzki" uid="12785610" lat="19.6881819" lon="-156.0216700">
  <tag k="power" v="pole"/>
 </node>
 <node id="7759972477" visible="true" version="3" changeset="160848630" timestamp="2024-12-31T21:36:59Z" user="lmum" uid="1084189" lat="19.7022212" lon="-156.0299260">
  <tag k="material" v="steel"/>
  <tag k="power" v="pole"/>
 </node>
 <node id="7759972479" visible="true" version="4" changeset="160848647" timestamp="2024-12-31T21:38:33Z" user="lmum" uid="1084189" lat="19.7197121" lon="-156.0325060">
  <tag k="line_attachment" v="anchor"/>
  <tag k="material" v="steel"/>
  <tag k="power" v="pole"/>
 </node>
 <node id="7759972480" visible="true" version="2" changeset="117366255" timestamp="2022-02-13T19:13:15Z" user="zluuzki" uid="12785610" lat="19.6922367" lon="-156.0237150">
  <tag k="power" v="pole"/>
 </node>
 <node id="7759972481" visible="true" version="2" changeset="117366255" timestamp="2022-02-13T19:13:15Z" user="zluuzki" uid="12785610" lat="19.6724713" lon="-156.0158310">
  <tag k="power" v="pole"/>
 </node>
 <node id="7759972484" visible="true" version="4" changeset="160848647" timestamp="2024-12-31T21:37:52Z" user="lmum" uid="1084189" lat="19.7130165" lon="-156.0336040">
  <tag k="line_attachment" v="anchor"/>
  <tag k="material" v="steel"/>
  <tag k="power" v="pole"/>
 </node>
 <node id="7759981585" visible="true" version="2" changeset="117366255" timestamp="2022-02-13T19:13:15Z" user="zluuzki" uid="12785610" lat="19.6820804" lon="-156.0201460">
  <tag k="power" v="pole"/>
 </node>
 <node id="7759981586" visible="true" version="2" changeset="117366255" timestamp="2022-02-13T19:13:15Z" user="zluuzki" uid="12785610" lat="19.6851116" lon="-156.0208340">
  <tag k="power" v="pole"/>
 </node>
 <node id="7759981587" visible="true" version="2" changeset="117366255" timestamp="2022-02-13T19:13:15Z" user="zluuzki" uid="12785610" lat="19.6703783" lon="-156.0144500">
  <tag k="power" v="pole"/>
 </node>
 <node id="7759981588" visible="true" version="1" changeset="88595740" timestamp="2020-07-28T05:20:33Z" user="Your Village Maps" uid="227972" lat="19.6634126" lon="-156.0092786"/>
 <node id="7759981591" visible="true" version="1" changeset="88595740" timestamp="2020-07-28T05:20:33Z" user="Your Village Maps" uid="227972" lat="19.6625999" lon="-156.0088714"/>
 <node id="7759981592" visible="true" version="1" changeset="88595740" timestamp="2020-07-28T05:20:33Z" user="Your Village Maps" uid="227972" lat="19.6628064" lon="-156.0090613"/>
 <node id="7759981593" visible="true" version="2" changeset="117366255" timestamp="2022-02-13T19:13:15Z" user="zluuzki" uid="12785610" lat="19.6781177" lon="-156.0191210">
  <tag k="power" v="pole"/>
 </node>
 <node id="7759981594" visible="true" version="2" changeset="117366255" timestamp="2022-02-13T19:13:15Z" user="zluuzki" uid="12785610" lat="19.6683110" lon="-156.0131050">
  <tag k="power" v="pole"/>
 </node>
 <node id="7759981595" visible="true" version="2" changeset="117366255" timestamp="2022-02-13T19:13:15Z" user="zluuzki" uid="12785610" lat="19.6772623" lon="-156.0187700">
  <tag k="power" v="pole"/>
 </node>
 <node id="7759981596" visible="true" version="2" changeset="117366255" timestamp="2022-02-13T19:13:15Z" user="zluuzki" uid="12785610" lat="19.6915847" lon="-156.0233190">
  <tag k="power" v="pole"/>
 </node>
 <node id="7759981597" visible="true" version="2" changeset="117366255" timestamp="2022-02-13T19:13:15Z" user="zluuzki" uid="12785610" lat="19.6843338" lon="-156.0206630">
  <tag k="power" v="pole"/>
 </node>
 <node id="7759981598" visible="true" version="1" changeset="88595740" timestamp="2020-07-28T05:20:33Z" user="Your Village Maps" uid="227972" lat="19.6657720" lon="-156.0108087"/>
 <node id="7759981600" visible="true" version="1" changeset="88595740" timestamp="2020-07-28T05:20:33Z" user="Your Village Maps" uid="227972" lat="19.6678138" lon="-156.0123035"/>
 <node id="7759981601" visible="true" version="2" changeset="117366255" timestamp="2022-02-13T19:13:15Z" user="zluuzki" uid="12785610" lat="19.6888830" lon="-156.0219490">
  <tag k="power" v="pole"/>
 </node>
 <node id="7759981603" visible="true" version="2" changeset="117366255" timestamp="2022-02-13T19:13:15Z" user="zluuzki" uid="12785610" lat="19.6717942" lon="-156.0153950">
  <tag k="power" v="pole"/>
 </node>
 <node id="7759981604" visible="true" version="2" changeset="117366255" timestamp="2022-02-13T19:13:15Z" user="zluuzki" uid="12785610" lat="19.6858208" lon="-156.0210100">
  <tag k="power" v="pole"/>
 </node>
 <node id="7759981605" visible="true" version="4" changeset="160848647" timestamp="2024-12-31T21:38:28Z" user="lmum" uid="1084189" lat="19.7188684" lon="-156.0326420">
  <tag k="line_attachment" v="anchor"/>
  <tag k="material" v="steel"/>
  <tag k="power" v="pole"/>
 </node>
 <node id="7759981606" visible="true" version="4" changeset="160848647" timestamp="2024-12-31T21:38:43Z" user="lmum" uid="1084189" lat="19.7211987" lon="-156.0322330">
  <tag k="line_attachment" v="anchor"/>
  <tag k="material" v="steel"/>
  <tag k="power" v="pole"/>
 </node>
 <node id="7759981607" visible="true" version="3" changeset="160848630" timestamp="2024-12-31T21:36:44Z" user="lmum" uid="1084189" lat="19.6997788" lon="-156.0284130">
  <tag k="material" v="steel"/>
  <tag k="power" v="pole"/>
 </node>
 <node id="7759981608" visible="true" version="4" changeset="160848647" timestamp="2024-12-31T21:38:38Z" user="lmum" uid="1084189" lat="19.7204715" lon="-156.0323660">
  <tag k="line_attachment" v="anchor"/>
  <tag k="material" v="steel"/>
  <tag k="power" v="pole"/>
 </node>
 <node id="7759981609" visible="true" version="4" changeset="160848647" timestamp="2024-12-31T21:37:57Z" user="lmum" uid="1084189" lat="19.7146466" lon="-156.0333400">
  <tag k="line_attachment" v="anchor"/>
  <tag k="material" v="steel"/>
  <tag k="power" v="pole"/>
 </node>
 <node id="7759981611" visible="true" version="3" changeset="160848630" timestamp="2024-12-31T21:37:16Z" user="lmum" uid="1084189" lat="19.7059564" lon="-156.0322410">
  <tag k="material" v="steel"/>
  <tag k="power" v="pole"/>
 </node>
 <node id="7759981612" visible="true" version="1" changeset="88595740" timestamp="2020-07-28T05:20:33Z" user="Your Village Maps" uid="227972" lat="19.6671253" lon="-156.0118708"/>
 <node id="7759981613" visible="true" version="2" changeset="117366255" timestamp="2022-02-13T19:13:15Z" user="zluuzki" uid="12785610" lat="19.6934515" lon="-156.0244710">
  <tag k="power" v="pole"/>
 </node>
 <node id="7759981614" visible="true" version="3" changeset="160848630" timestamp="2024-12-31T21:37:06Z" user="lmum" uid="1084189" lat="19.7034020" lon="-156.0306620">
  <tag k="material" v="steel"/>
  <tag k="power" v="pole"/>
 </node>
 <node id="7759981615" visible="true" version="2" changeset="117366255" timestamp="2022-02-13T19:13:15Z" user="zluuzki" uid="12785610" lat="19.6874122" lon="-156.0214250">
  <tag k="power" v="pole"/>
 </node>
 <node id="7759981616" visible="true" version="2" changeset="117366255" timestamp="2022-02-13T19:13:15Z" user="zluuzki" uid="12785610" lat="19.6804762" lon="-156.0198050">
  <tag k="power" v="pole"/>
 </node>
 <node id="7759981617" visible="true" version="2" changeset="117366255" timestamp="2022-02-13T19:13:15Z" user="zluuzki" uid="12785610" lat="19.6928811" lon="-156.0241070">
  <tag k="power" v="pole"/>
 </node>
 <node id="7759981618" visible="true" version="2" changeset="117366255" timestamp="2022-02-13T19:13:15Z" user="zluuzki" uid="12785610" lat="19.6962495" lon="-156.0262140">
  <tag k="power" v="pole"/>
 </node>
 <node id="7759981620" visible="true" version="2" changeset="117366255" timestamp="2022-02-13T19:13:15Z" user="zluuzki" uid="12785610" lat="19.6796418" lon="-156.0196120">
  <tag k="power" v="pole"/>
 </node>
 <node id="7759981621" visible="true" version="2" changeset="117366255" timestamp="2022-02-13T19:13:15Z" user="zluuzki" uid="12785610" lat="19.6942010" lon="-156.0249390">
  <tag k="power" v="pole"/>
 </node>
 <node id="7759981622" visible="true" version="3" changeset="160848630" timestamp="2024-12-31T21:37:22Z" user="lmum" uid="1084189" lat="19.7066755" lon="-156.0325760">
  <tag k="material" v="steel"/>
  <tag k="power" v="pole"/>
 </node>
 <node id="7759981623" visible="true" version="1" changeset="88595740" timestamp="2020-07-28T05:20:33Z" user="Your Village Maps" uid="227972" lat="19.6631109" lon="-156.0092224"/>
 <node id="7759981624" visible="true" version="3" changeset="160848630" timestamp="2024-12-31T21:36:54Z" user="lmum" uid="1084189" lat="19.7014858" lon="-156.0294710">
  <tag k="material" v="steel"/>
  <tag k="power" v="pole"/>
 </node>
 <node id="7759981625" visible="true" version="3" changeset="160848630" timestamp="2024-12-31T21:36:49Z" user="lmum" uid="1084189" lat="19.7003586" lon="-156.0287780">
  <tag k="material" v="steel"/>
  <tag k="power" v="pole"/>
 </node>
 <node id="7759981626" visible="true" version="3" changeset="160848630" timestamp="2024-12-31T21:36:51Z" user="lmum" uid="1084189" lat="19.7009222" lon="-156.0291210">
  <tag k="material" v="steel"/>
  <tag k="power" v="pole"/>
 </node>
 <node id="7759981627" visible="true" version="2" changeset="117366255" timestamp="2022-02-13T19:13:15Z" user="zluuzki" uid="12785610" lat="19.6662518" lon="-156.0117500">
  <tag k="power" v="pole"/>
 </node>
 <node id="7759981628" visible="true" version="3" changeset="160848630" timestamp="2024-12-31T21:37:40Z" user="lmum" uid="1084189" lat="19.7122543" lon="-156.0336520">
  <tag k="material" v="steel"/>
  <tag k="power" v="pole"/>
 </node>
 <node id="7759981630" visible="true" version="2" changeset="117366255" timestamp="2022-02-13T19:13:15Z" user="zluuzki" uid="12785610" lat="19.6710812" lon="-156.0149150">
  <tag k="power" v="pole"/>
 </node>
 <node id="7759981631" visible="true" version="5" changeset="160848630" timestamp="2024-12-31T21:36:31Z" user="lmum" uid="1084189" lat="19.6984515" lon="-156.0275830">
  <tag k="material" v="steel"/>
  <tag k="power" v="pole"/>
 </node>
 <node id="7759981633" visible="true" version="2" changeset="117366255" timestamp="2022-02-13T19:13:15Z" user="zluuzki" uid="12785610" lat="19.6758453" lon="-156.0180330">
  <tag k="power" v="pole"/>
 </node>
 <node id="7759981636" visible="true" version="2" changeset="117366255" timestamp="2022-02-13T19:13:15Z" user="zluuzki" uid="12785610" lat="19.6969222" lon="-156.0266230">
  <tag k="power" v="pole"/>
 </node>
 <node id="7759981637" visible="true" version="4" changeset="160848647" timestamp="2024-12-31T21:37:55Z" user="lmum" uid="1084189" lat="19.7138366" lon="-156.0335050">
  <tag k="line_attachment" v="anchor"/>
  <tag k="material" v="steel"/>
  <tag k="power" v="pole"/>
 </node>
 <node id="7759981640" visible="true" version="2" changeset="117366255" timestamp="2022-02-13T19:13:15Z" user="zluuzki" uid="12785610" lat="19.6865865" lon="-156.0212080">
  <tag k="power" v="pole"/>
 </node>
 <node id="7759981641" visible="true" version="1" changeset="88595740" timestamp="2020-07-28T05:20:33Z" user="Your Village Maps" uid="227972" lat="19.6627594" lon="-156.0089928"/>
 <node id="7759981642" visible="true" version="2" changeset="117366255" timestamp="2022-02-13T19:13:15Z" user="zluuzki" uid="12785610" lat="19.6689878" lon="-156.0135480">
  <tag k="power" v="pole"/>
 </node>
 <node id="7759981643" visible="true" version="2" changeset="117366255" timestamp="2022-02-13T19:13:15Z" user="zluuzki" uid="12785610" lat="19.6949478" lon="-156.0253930">
  <tag k="power" v="pole"/>
 </node>
 <node id="7759981644" visible="true" version="4" changeset="160848647" timestamp="2024-12-31T21:38:48Z" user="lmum" uid="1084189" lat="19.7219905" lon="-156.0321020">
  <tag k="line_attachment" v="anchor"/>
  <tag k="material" v="steel"/>
  <tag k="power" v="pole"/>
 </node>
 <node id="7759981645" visible="true" version="1" changeset="88595740" timestamp="2020-07-28T05:20:33Z" user="Your Village Maps" uid="227972" lat="19.6627086" lon="-156.0089404"/>
 <node id="7759981646" visible="true" version="3" changeset="160848630" timestamp="2024-12-31T21:37:03Z" user="lmum" uid="1084189" lat="19.7028814" lon="-156.0303330">
  <tag k="material" v="steel"/>
  <tag k="power" v="pole"/>
 </node>
 <node id="7759981647" visible="true" version="4" changeset="160848647" timestamp="2024-12-31T21:38:18Z" user="lmum" uid="1084189" lat="19.7171494" lon="-156.0329210">
  <tag k="line_attachment" v="anchor"/>
  <tag k="material" v="steel"/>
  <tag k="power" v="pole"/>
 </node>
 <node id="7759981648" visible="true" version="2" changeset="117366255" timestamp="2022-02-13T19:13:15Z" user="zluuzki" uid="12785610" lat="19.6655513" lon="-156.0112900">
  <tag k="power" v="pole"/>
 </node>
 <node id="7759981649" visible="true" version="2" changeset="117366255" timestamp="2022-02-13T19:13:15Z" user="zluuzki" uid="12785610" lat="19.6669772" lon="-156.0122260">
  <tag k="power" v="pole"/>
 </node>
 <node id="7775882336" visible="true" version="2" changeset="88826942" timestamp="2020-08-01T23:23:50Z" user="Tom_Holland" uid="574654" lat="19.6614591" lon="-155.9914506"/>
 <node id="7775882337" visible="true" version="2" changeset="88826942" timestamp="2020-08-01T23:23:50Z" user="Tom_Holland" uid="574654" lat="19.6615297" lon="-155.9913433"/>
 <node id="7775882338" visible="true" version="2" changeset="88826942" timestamp="2020-08-01T23:23:50Z" user="Tom_Holland" uid="574654" lat="19.6616073" lon="-155.9912417"/>
 <node id="7775882339" visible="true" version="2" changeset="88826942" timestamp="2020-08-01T23:23:50Z" user="Tom_Holland" uid="574654" lat="19.6616916" lon="-155.9911462"/>
 <node id="7775882340" visible="true" version="2" changeset="88826942" timestamp="2020-08-01T23:23:50Z" user="Tom_Holland" uid="574654" lat="19.6617821" lon="-155.9910575"/>
 <node id="7775882341" visible="true" version="2" changeset="88826942" timestamp="2020-08-01T23:23:50Z" user="Tom_Holland" uid="574654" lat="19.6618784" lon="-155.9909758"/>
 <node id="7775882342" visible="true" version="2" changeset="88826942" timestamp="2020-08-01T23:23:50Z" user="Tom_Holland" uid="574654" lat="19.6619572" lon="-155.9909173"/>
 <node id="7775882343" visible="true" version="2" changeset="88826942" timestamp="2020-08-01T23:23:50Z" user="Tom_Holland" uid="574654" lat="19.6620389" lon="-155.9908636"/>
 <node id="7775882344" visible="true" version="2" changeset="88826942" timestamp="2020-08-01T23:23:50Z" user="Tom_Holland" uid="574654" lat="19.6621234" lon="-155.9908149"/>
 <node id="7775882345" visible="true" version="2" changeset="88826942" timestamp="2020-08-01T23:23:50Z" user="Tom_Holland" uid="574654" lat="19.6626109" lon="-155.9905279"/>
 <node id="7775882346" visible="true" version="2" changeset="88826942" timestamp="2020-08-01T23:23:50Z" user="Tom_Holland" uid="574654" lat="19.6627645" lon="-155.9904478"/>
 <node id="7775882347" visible="true" version="2" changeset="88826942" timestamp="2020-08-01T23:23:50Z" user="Tom_Holland" uid="574654" lat="19.6629203" lon="-155.9903727"/>
 <node id="7775882348" visible="true" version="2" changeset="88826942" timestamp="2020-08-01T23:23:50Z" user="Tom_Holland" uid="574654" lat="19.6630782" lon="-155.9903026"/>
 <node id="7775882349" visible="true" version="2" changeset="88826942" timestamp="2020-08-01T23:23:50Z" user="Tom_Holland" uid="574654" lat="19.6631989" lon="-155.9902528"/>
 <node id="7775882350" visible="true" version="2" changeset="88826942" timestamp="2020-08-01T23:23:50Z" user="Tom_Holland" uid="574654" lat="19.6633206" lon="-155.9902060"/>
 <node id="7775882351" visible="true" version="2" changeset="88826942" timestamp="2020-08-01T23:23:50Z" user="Tom_Holland" uid="574654" lat="19.6643789" lon="-155.9898305"/>
 <node id="7775882352" visible="true" version="2" changeset="88826942" timestamp="2020-08-01T23:23:50Z" user="Tom_Holland" uid="574654" lat="19.6645552" lon="-155.9897672"/>
 <node id="7775882353" visible="true" version="2" changeset="88826942" timestamp="2020-08-01T23:23:50Z" user="Tom_Holland" uid="574654" lat="19.6647338" lon="-155.9897118"/>
 <node id="7775882354" visible="true" version="2" changeset="88826942" timestamp="2020-08-01T23:23:50Z" user="Tom_Holland" uid="574654" lat="19.6649144" lon="-155.9896642"/>
 <node id="7775882355" visible="true" version="2" changeset="88826942" timestamp="2020-08-01T23:23:50Z" user="Tom_Holland" uid="574654" lat="19.6650862" lon="-155.9896266"/>
 <node id="7775882356" visible="true" version="1" changeset="88821155" timestamp="2020-08-01T17:43:26Z" user="Tom_Holland" uid="574654" lat="19.6709736" lon="-155.9975043"/>
 <node id="7775882357" visible="true" version="1" changeset="88821155" timestamp="2020-08-01T17:43:26Z" user="Tom_Holland" uid="574654" lat="19.6709423" lon="-155.9976338"/>
 <node id="7775882358" visible="true" version="1" changeset="88821155" timestamp="2020-08-01T17:43:26Z" user="Tom_Holland" uid="574654" lat="19.6709155" lon="-155.9977645"/>
 <node id="7775882359" visible="true" version="1" changeset="88821155" timestamp="2020-08-01T17:43:26Z" user="Tom_Holland" uid="574654" lat="19.6708878" lon="-155.9979329"/>
 <node id="7775882360" visible="true" version="1" changeset="88821155" timestamp="2020-08-01T17:43:26Z" user="Tom_Holland" uid="574654" lat="19.6708675" lon="-155.9981024"/>
 <node id="7775882361" visible="true" version="1" changeset="88821155" timestamp="2020-08-01T17:43:26Z" user="Tom_Holland" uid="574654" lat="19.6708019" lon="-155.9987757"/>
 <node id="7775882362" visible="true" version="1" changeset="88821155" timestamp="2020-08-01T17:43:26Z" user="Tom_Holland" uid="574654" lat="19.6707807" lon="-155.9989064"/>
 <node id="7775882363" visible="true" version="1" changeset="88821155" timestamp="2020-08-01T17:43:26Z" user="Tom_Holland" uid="574654" lat="19.6707525" lon="-155.9990356"/>
 <node id="7775882364" visible="true" version="1" changeset="88821155" timestamp="2020-08-01T17:43:26Z" user="Tom_Holland" uid="574654" lat="19.6707174" lon="-155.9991630"/>
 <node id="7775882365" visible="true" version="1" changeset="88821155" timestamp="2020-08-01T17:43:26Z" user="Tom_Holland" uid="574654" lat="19.6706756" lon="-155.9992880"/>
 <node id="7775882366" visible="true" version="1" changeset="88821155" timestamp="2020-08-01T17:43:26Z" user="Tom_Holland" uid="574654" lat="19.6706299" lon="-155.9994038"/>
 <node id="7775882367" visible="true" version="1" changeset="88821155" timestamp="2020-08-01T17:43:26Z" user="Tom_Holland" uid="574654" lat="19.6705783" lon="-155.9995168"/>
 <node id="7775882368" visible="true" version="1" changeset="88821155" timestamp="2020-08-01T17:43:26Z" user="Tom_Holland" uid="574654" lat="19.6705211" lon="-155.9996267"/>
 <node id="7775882369" visible="true" version="1" changeset="88821155" timestamp="2020-08-01T17:43:26Z" user="Tom_Holland" uid="574654" lat="19.6704584" lon="-155.9997332"/>
 <node id="7776129110" visible="true" version="2" changeset="88826942" timestamp="2020-08-01T23:23:50Z" user="Tom_Holland" uid="574654" lat="19.6611510" lon="-155.9928426">
  <tag k="name" v="Kamakana Viillages at Keahuolu"/>
  <tag k="place" v="neighbourhood"/>
 </node>
 <node id="7776129111" visible="true" version="2" changeset="88826942" timestamp="2020-08-01T23:23:50Z" user="Tom_Holland" uid="574654" lat="19.6624252" lon="-155.9928829"/>
 <node id="7776129112" visible="true" version="2" changeset="88826942" timestamp="2020-08-01T23:23:50Z" user="Tom_Holland" uid="574654" lat="19.6622628" lon="-155.9927021"/>
 <node id="7776129113" visible="true" version="2" changeset="88826942" timestamp="2020-08-01T23:23:50Z" user="Tom_Holland" uid="574654" lat="19.6620948" lon="-155.9925273"/>
 <node id="7776129114" visible="true" version="2" changeset="88826942" timestamp="2020-08-01T23:23:50Z" user="Tom_Holland" uid="574654" lat="19.6619213" lon="-155.9923585"/>
 <node id="7776129115" visible="true" version="2" changeset="88826942" timestamp="2020-08-01T23:23:50Z" user="Tom_Holland" uid="574654" lat="19.6617360" lon="-155.9921901"/>
 <node id="7776129116" visible="true" version="2" changeset="88826942" timestamp="2020-08-01T23:23:50Z" user="Tom_Holland" uid="574654" lat="19.6615452" lon="-155.9920286"/>
 <node id="7776129117" visible="true" version="2" changeset="88826942" timestamp="2020-08-01T23:23:50Z" user="Tom_Holland" uid="574654" lat="19.6613492" lon="-155.9918743"/>
 <node id="7776129118" visible="true" version="2" changeset="88826942" timestamp="2020-08-01T23:23:50Z" user="Tom_Holland" uid="574654" lat="19.6606193" lon="-155.9933335"/>
 <node id="7776129119" visible="true" version="2" changeset="88826942" timestamp="2020-08-01T23:23:50Z" user="Tom_Holland" uid="574654" lat="19.6606433" lon="-155.9933616"/>
 <node id="7776129120" visible="true" version="2" changeset="88826942" timestamp="2020-08-01T23:23:50Z" user="Tom_Holland" uid="574654" lat="19.6616915" lon="-155.9939691"/>
 <node id="7776129121" visible="true" version="2" changeset="88826942" timestamp="2020-08-01T23:23:50Z" user="Tom_Holland" uid="574654" lat="19.6609123" lon="-155.9927125"/>
 <node id="7776129122" visible="true" version="2" changeset="88826942" timestamp="2020-08-01T23:23:50Z" user="Tom_Holland" uid="574654" lat="19.6606167" lon="-155.9932879"/>
 <node id="7776129123" visible="true" version="2" changeset="88826942" timestamp="2020-08-01T23:23:50Z" user="Tom_Holland" uid="574654" lat="19.6624272" lon="-155.9928816"/>
 <node id="7776191689" visible="true" version="2" changeset="88826980" timestamp="2020-08-01T23:26:57Z" user="Tom_Holland" uid="574654" lat="19.6644087" lon="-155.9966196"/>
 <node id="7776191694" visible="true" version="1" changeset="88823553" timestamp="2020-08-01T19:51:24Z" user="Tom_Holland" uid="574654" lat="19.6681012" lon="-155.9952967"/>
 <node id="7776191698" visible="true" version="1" changeset="88823553" timestamp="2020-08-01T19:51:24Z" user="Tom_Holland" uid="574654" lat="19.6673288" lon="-155.9961960"/>
 <node id="7776191708" visible="true" version="2" changeset="88826942" timestamp="2020-08-01T23:23:50Z" user="Tom_Holland" uid="574654" lat="19.6644017" lon="-155.9899271"/>
 <node id="7776191709" visible="true" version="2" changeset="88826942" timestamp="2020-08-01T23:23:50Z" user="Tom_Holland" uid="574654" lat="19.6645928" lon="-155.9898677"/>
 <node id="7776191710" visible="true" version="2" changeset="88826942" timestamp="2020-08-01T23:23:50Z" user="Tom_Holland" uid="574654" lat="19.6647856" lon="-155.9898144"/>
 <node id="7776191711" visible="true" version="2" changeset="88826942" timestamp="2020-08-01T23:23:50Z" user="Tom_Holland" uid="574654" lat="19.6649405" lon="-155.9897762"/>
 <node id="7776191712" visible="true" version="2" changeset="88826942" timestamp="2020-08-01T23:23:50Z" user="Tom_Holland" uid="574654" lat="19.6650963" lon="-155.9897420"/>
 <node id="7776191713" visible="true" version="2" changeset="88826942" timestamp="2020-08-01T23:23:50Z" user="Tom_Holland" uid="574654" lat="19.6668163" lon="-155.9894121"/>
 <node id="7776191714" visible="true" version="2" changeset="88826942" timestamp="2020-08-01T23:23:50Z" user="Tom_Holland" uid="574654" lat="19.6669874" lon="-155.9893866"/>
 <node id="7776191715" visible="true" version="2" changeset="88826942" timestamp="2020-08-01T23:23:50Z" user="Tom_Holland" uid="574654" lat="19.6671595" lon="-155.9893693"/>
 <node id="7776191716" visible="true" version="2" changeset="88826942" timestamp="2020-08-01T23:23:50Z" user="Tom_Holland" uid="574654" lat="19.6673321" lon="-155.9893602"/>
 <node id="7776191717" visible="true" version="2" changeset="88826942" timestamp="2020-08-01T23:23:50Z" user="Tom_Holland" uid="574654" lat="19.6675049" lon="-155.9893592"/>
 <node id="7776191718" visible="true" version="2" changeset="88826942" timestamp="2020-08-01T23:23:50Z" user="Tom_Holland" uid="574654" lat="19.6676776" lon="-155.9893665"/>
 <node id="7776191719" visible="true" version="2" changeset="88826942" timestamp="2020-08-01T23:23:50Z" user="Tom_Holland" uid="574654" lat="19.6678451" lon="-155.9893814"/>
 <node id="7776191720" visible="true" version="2" changeset="88826942" timestamp="2020-08-01T23:23:50Z" user="Tom_Holland" uid="574654" lat="19.6680119" lon="-155.9894039"/>
 <node id="7776191721" visible="true" version="2" changeset="88826942" timestamp="2020-08-01T23:23:50Z" user="Tom_Holland" uid="574654" lat="19.6681776" lon="-155.9894342"/>
 <node id="7776191722" visible="true" version="2" changeset="88826942" timestamp="2020-08-01T23:23:50Z" user="Tom_Holland" uid="574654" lat="19.6683419" lon="-155.9894721"/>
 <node id="7776191723" visible="true" version="2" changeset="88826942" timestamp="2020-08-01T23:23:50Z" user="Tom_Holland" uid="574654" lat="19.6685045" lon="-155.9895175"/>
 <node id="7776191724" visible="true" version="2" changeset="88826942" timestamp="2020-08-01T23:23:50Z" user="Tom_Holland" uid="574654" lat="19.6686651" lon="-155.9895703"/>
 <node id="7776191725" visible="true" version="2" changeset="88826942" timestamp="2020-08-01T23:23:50Z" user="Tom_Holland" uid="574654" lat="19.6708675" lon="-155.9902811"/>
 <node id="7776191726" visible="true" version="2" changeset="88826942" timestamp="2020-08-01T23:23:50Z" user="Tom_Holland" uid="574654" lat="19.6710130" lon="-155.9903130"/>
 <node id="7776191727" visible="true" version="2" changeset="88826942" timestamp="2020-08-01T23:23:50Z" user="Tom_Holland" uid="574654" lat="19.6711602" lon="-155.9903348"/>
 <node id="7776191728" visible="true" version="2" changeset="88826942" timestamp="2020-08-01T23:23:50Z" user="Tom_Holland" uid="574654" lat="19.6713083" lon="-155.9903465"/>
 <node id="7776191729" visible="true" version="2" changeset="88826942" timestamp="2020-08-01T23:23:50Z" user="Tom_Holland" uid="574654" lat="19.6714569" lon="-155.9903480"/>
 <node id="7776191730" visible="true" version="2" changeset="88826942" timestamp="2020-08-01T23:23:50Z" user="Tom_Holland" uid="574654" lat="19.6716053" lon="-155.9903392"/>
 <node id="7776191731" visible="true" version="2" changeset="88826942" timestamp="2020-08-01T23:23:50Z" user="Tom_Holland" uid="574654" lat="19.6717527" lon="-155.9903203"/>
 <node id="7776191732" visible="true" version="2" changeset="88826942" timestamp="2020-08-01T23:23:50Z" user="Tom_Holland" uid="574654" lat="19.6718988" lon="-155.9902913"/>
 <node id="7776191733" visible="true" version="2" changeset="88826942" timestamp="2020-08-01T23:23:50Z" user="Tom_Holland" uid="574654" lat="19.6720427" lon="-155.9902523"/>
 <node id="7776191734" visible="true" version="2" changeset="88826942" timestamp="2020-08-01T23:23:50Z" user="Tom_Holland" uid="574654" lat="19.6721840" lon="-155.9902034"/>
 <node id="7776191735" visible="true" version="2" changeset="88826942" timestamp="2020-08-01T23:23:50Z" user="Tom_Holland" uid="574654" lat="19.6723220" lon="-155.9901450"/>
 <node id="7776191736" visible="true" version="2" changeset="88826942" timestamp="2020-08-01T23:23:50Z" user="Tom_Holland" uid="574654" lat="19.6724562" lon="-155.9900773"/>
 <node id="7776191737" visible="true" version="2" changeset="88826942" timestamp="2020-08-01T23:23:50Z" user="Tom_Holland" uid="574654" lat="19.6725867" lon="-155.9899999"/>
 <node id="7776191738" visible="true" version="2" changeset="88826942" timestamp="2020-08-01T23:23:50Z" user="Tom_Holland" uid="574654" lat="19.6727122" lon="-155.9899137"/>
 <node id="7776191739" visible="true" version="2" changeset="88826942" timestamp="2020-08-01T23:23:50Z" user="Tom_Holland" uid="574654" lat="19.6728322" lon="-155.9898190"/>
 <node id="7776191740" visible="true" version="2" changeset="88826942" timestamp="2020-08-01T23:23:50Z" user="Tom_Holland" uid="574654" lat="19.6729461" lon="-155.9897162"/>
 <node id="7776191741" visible="true" version="2" changeset="88826942" timestamp="2020-08-01T23:23:50Z" user="Tom_Holland" uid="574654" lat="19.6730534" lon="-155.9896058"/>
 <node id="7776191742" visible="true" version="2" changeset="88826942" timestamp="2020-08-01T23:23:50Z" user="Tom_Holland" uid="574654" lat="19.6731538" lon="-155.9894881"/>
 <node id="7776191743" visible="true" version="2" changeset="88826942" timestamp="2020-08-01T23:23:50Z" user="Tom_Holland" uid="574654" lat="19.6732467" lon="-155.9893638"/>
 <node id="7776191744" visible="true" version="2" changeset="88826942" timestamp="2020-08-01T23:23:50Z" user="Tom_Holland" uid="574654" lat="19.6741635" lon="-155.9882212"/>
 <node id="7776191745" visible="true" version="2" changeset="88826942" timestamp="2020-08-01T23:23:50Z" user="Tom_Holland" uid="574654" lat="19.6742447" lon="-155.9881397"/>
 <node id="7776191746" visible="true" version="2" changeset="88826942" timestamp="2020-08-01T23:23:50Z" user="Tom_Holland" uid="574654" lat="19.6743289" lon="-155.9880619"/>
 <node id="7776191747" visible="true" version="2" changeset="88826942" timestamp="2020-08-01T23:23:50Z" user="Tom_Holland" uid="574654" lat="19.6744161" lon="-155.9879878"/>
 <node id="7776191748" visible="true" version="2" changeset="88826942" timestamp="2020-08-01T23:23:50Z" user="Tom_Holland" uid="574654" lat="19.6745082" lon="-155.9879160"/>
 <node id="7776191749" visible="true" version="2" changeset="88826942" timestamp="2020-08-01T23:23:50Z" user="Tom_Holland" uid="574654" lat="19.6746030" lon="-155.9878483"/>
 <node id="7816443168" visible="true" version="3" changeset="96832133" timestamp="2021-01-03T01:48:24Z" user="user_8466505" uid="8466505" lat="19.6447368" lon="-155.9964800"/>
 <node id="7820701461" visible="true" version="1" changeset="89528597" timestamp="2020-08-17T16:20:02Z" user="ottwiz" uid="3087157" lat="19.6511023" lon="-156.0081822"/>
 <node id="7820701462" visible="true" version="1" changeset="89528597" timestamp="2020-08-17T16:20:02Z" user="ottwiz" uid="3087157" lat="19.6510458" lon="-156.0081742"/>
 <node id="7820701463" visible="true" version="1" changeset="89528597" timestamp="2020-08-17T16:20:02Z" user="ottwiz" uid="3087157" lat="19.6510397" lon="-156.0082221"/>
 <node id="7820701464" visible="true" version="1" changeset="89528597" timestamp="2020-08-17T16:20:02Z" user="ottwiz" uid="3087157" lat="19.6510962" lon="-156.0082301"/>
 <node id="7820701465" visible="true" version="1" changeset="89528597" timestamp="2020-08-17T16:20:02Z" user="ottwiz" uid="3087157" lat="19.6512517" lon="-156.0082773"/>
 <node id="7820701466" visible="true" version="1" changeset="89528597" timestamp="2020-08-17T16:20:02Z" user="ottwiz" uid="3087157" lat="19.6511519" lon="-156.0082518"/>
 <node id="7820701467" visible="true" version="1" changeset="89528597" timestamp="2020-08-17T16:20:02Z" user="ottwiz" uid="3087157" lat="19.6511370" lon="-156.0083176"/>
 <node id="7820701468" visible="true" version="1" changeset="89528597" timestamp="2020-08-17T16:20:02Z" user="ottwiz" uid="3087157" lat="19.6512368" lon="-156.0083431"/>
 <node id="7820701469" visible="true" version="1" changeset="89528597" timestamp="2020-08-17T16:20:02Z" user="ottwiz" uid="3087157" lat="19.6527710" lon="-156.0095185"/>
 <node id="7820701470" visible="true" version="1" changeset="89528597" timestamp="2020-08-17T16:20:02Z" user="ottwiz" uid="3087157" lat="19.6527192" lon="-156.0095091"/>
 <node id="7820701471" visible="true" version="1" changeset="89528597" timestamp="2020-08-17T16:20:02Z" user="ottwiz" uid="3087157" lat="19.6527107" lon="-156.0095622"/>
 <node id="7820701472" visible="true" version="1" changeset="89528597" timestamp="2020-08-17T16:20:02Z" user="ottwiz" uid="3087157" lat="19.6527624" lon="-156.0095716"/>
 <node id="7820701473" visible="true" version="1" changeset="89528597" timestamp="2020-08-17T16:20:02Z" user="ottwiz" uid="3087157" lat="19.6524601" lon="-156.0096058"/>
 <node id="7820701474" visible="true" version="1" changeset="89528597" timestamp="2020-08-17T16:20:02Z" user="ottwiz" uid="3087157" lat="19.6523427" lon="-156.0095922"/>
 <node id="7820701475" visible="true" version="1" changeset="89528597" timestamp="2020-08-17T16:20:02Z" user="ottwiz" uid="3087157" lat="19.6523482" lon="-156.0095391"/>
 <node id="7820701476" visible="true" version="1" changeset="89528597" timestamp="2020-08-17T16:20:02Z" user="ottwiz" uid="3087157" lat="19.6524656" lon="-156.0095527"/>
 <node id="7820701477" visible="true" version="1" changeset="89528597" timestamp="2020-08-17T16:20:02Z" user="ottwiz" uid="3087157" lat="19.6525300" lon="-156.0093257"/>
 <node id="7820701478" visible="true" version="1" changeset="89528597" timestamp="2020-08-17T16:20:02Z" user="ottwiz" uid="3087157" lat="19.6524451" lon="-156.0093158"/>
 <node id="7820701479" visible="true" version="1" changeset="89528597" timestamp="2020-08-17T16:20:02Z" user="ottwiz" uid="3087157" lat="19.6524301" lon="-156.0094615"/>
 <node id="7820701480" visible="true" version="1" changeset="89528597" timestamp="2020-08-17T16:20:02Z" user="ottwiz" uid="3087157" lat="19.6523482" lon="-156.0094520"/>
 <node id="7820701481" visible="true" version="1" changeset="89528597" timestamp="2020-08-17T16:20:02Z" user="ottwiz" uid="3087157" lat="19.6525238" lon="-156.0093857"/>
 <node id="7820701482" visible="true" version="1" changeset="89528597" timestamp="2020-08-17T16:20:02Z" user="ottwiz" uid="3087157" lat="19.6524389" lon="-156.0093758"/>
 <node id="7820701483" visible="true" version="1" changeset="89528597" timestamp="2020-08-17T16:20:02Z" user="ottwiz" uid="3087157" lat="19.6523393" lon="-156.0095380"/>
 <node id="7820701484" visible="true" version="1" changeset="89528597" timestamp="2020-08-17T16:20:02Z" user="ottwiz" uid="3087157" lat="19.6525061" lon="-156.0095575"/>
 <node id="7820710085" visible="true" version="1" changeset="89528597" timestamp="2020-08-17T16:20:02Z" user="ottwiz" uid="3087157" lat="19.6518917" lon="-156.0088273"/>
 <node id="7820710086" visible="true" version="1" changeset="89528597" timestamp="2020-08-17T16:20:02Z" user="ottwiz" uid="3087157" lat="19.6519100" lon="-156.0087579"/>
 <node id="7820710087" visible="true" version="1" changeset="89528597" timestamp="2020-08-17T16:20:02Z" user="ottwiz" uid="3087157" lat="19.6519390" lon="-156.0087665"/>
 <node id="7820710088" visible="true" version="1" changeset="89528597" timestamp="2020-08-17T16:20:02Z" user="ottwiz" uid="3087157" lat="19.6520780" lon="-156.0087874"/>
 <node id="7820710089" visible="true" version="1" changeset="89528597" timestamp="2020-08-17T16:20:02Z" user="ottwiz" uid="3087157" lat="19.6520587" lon="-156.0088605"/>
 <node id="7820710090" visible="true" version="1" changeset="89528597" timestamp="2020-08-17T16:20:02Z" user="ottwiz" uid="3087157" lat="19.6520081" lon="-156.0088454"/>
 <node id="7820710091" visible="true" version="1" changeset="89528597" timestamp="2020-08-17T16:20:02Z" user="ottwiz" uid="3087157" lat="19.6520274" lon="-156.0087723"/>
 <node id="7820710092" visible="true" version="1" changeset="89528597" timestamp="2020-08-17T16:20:02Z" user="ottwiz" uid="3087157" lat="19.6520395" lon="-156.0087265"/>
 <node id="7820710093" visible="true" version="1" changeset="89528597" timestamp="2020-08-17T16:20:02Z" user="ottwiz" uid="3087157" lat="19.6519561" lon="-156.0087017"/>
 <node id="7820710094" visible="true" version="1" changeset="89528597" timestamp="2020-08-17T16:20:02Z" user="ottwiz" uid="3087157" lat="19.6519207" lon="-156.0088360"/>
 <node id="7820710095" visible="true" version="1" changeset="89528597" timestamp="2020-08-17T16:20:02Z" user="ottwiz" uid="3087157" lat="19.6520040" lon="-156.0088608"/>
 <node id="7820710096" visible="true" version="1" changeset="89528597" timestamp="2020-08-17T16:20:02Z" user="ottwiz" uid="3087157" lat="19.6519197" lon="-156.0092568"/>
 <node id="7820710097" visible="true" version="1" changeset="89528597" timestamp="2020-08-17T16:20:02Z" user="ottwiz" uid="3087157" lat="19.6518464" lon="-156.0092501"/>
 <node id="7820710098" visible="true" version="1" changeset="89528597" timestamp="2020-08-17T16:20:02Z" user="ottwiz" uid="3087157" lat="19.6518405" lon="-156.0093234"/>
 <node id="7820710099" visible="true" version="1" changeset="89528597" timestamp="2020-08-17T16:20:02Z" user="ottwiz" uid="3087157" lat="19.6519137" lon="-156.0093302"/>
 <node id="7820710100" visible="true" version="1" changeset="89528597" timestamp="2020-08-17T16:20:02Z" user="ottwiz" uid="3087157" lat="19.6515503" lon="-156.0102189"/>
 <node id="7820710101" visible="true" version="1" changeset="89528597" timestamp="2020-08-17T16:20:02Z" user="ottwiz" uid="3087157" lat="19.6514026" lon="-156.0102162"/>
 <node id="7820710102" visible="true" version="1" changeset="89528597" timestamp="2020-08-17T16:20:02Z" user="ottwiz" uid="3087157" lat="19.6514009" lon="-156.0103172"/>
 <node id="7820710103" visible="true" version="1" changeset="89528597" timestamp="2020-08-17T16:20:02Z" user="ottwiz" uid="3087157" lat="19.6515487" lon="-156.0103199"/>
 <node id="7820710104" visible="true" version="1" changeset="89528597" timestamp="2020-08-17T16:20:02Z" user="ottwiz" uid="3087157" lat="19.6509052" lon="-156.0092846"/>
 <node id="7820710105" visible="true" version="1" changeset="89528597" timestamp="2020-08-17T16:20:02Z" user="ottwiz" uid="3087157" lat="19.6508761" lon="-156.0091918"/>
 <node id="7820710106" visible="true" version="1" changeset="89528597" timestamp="2020-08-17T16:20:02Z" user="ottwiz" uid="3087157" lat="19.6508870" lon="-156.0091941"/>
 <node id="7820710107" visible="true" version="1" changeset="89528597" timestamp="2020-08-17T16:20:02Z" user="ottwiz" uid="3087157" lat="19.6509209" lon="-156.0092020"/>
 <node id="7820710108" visible="true" version="1" changeset="89528597" timestamp="2020-08-17T16:20:02Z" user="ottwiz" uid="3087157" lat="19.6509507" lon="-156.0092090"/>
 <node id="7820710109" visible="true" version="1" changeset="89528597" timestamp="2020-08-17T16:20:02Z" user="ottwiz" uid="3087157" lat="19.6508762" lon="-156.0091916"/>
 <node id="7820710110" visible="true" version="1" changeset="89528597" timestamp="2020-08-17T16:20:02Z" user="ottwiz" uid="3087157" lat="19.6509336" lon="-156.0092913"/>
 <node id="7820710111" visible="true" version="1" changeset="89528597" timestamp="2020-08-17T16:20:02Z" user="ottwiz" uid="3087157" lat="19.6509210" lon="-156.0092014"/>
 <node id="7820710112" visible="true" version="1" changeset="89528597" timestamp="2020-08-17T16:20:02Z" user="ottwiz" uid="3087157" lat="19.6507518" lon="-156.0091652"/>
 <node id="7820710113" visible="true" version="1" changeset="89528597" timestamp="2020-08-17T16:20:02Z" user="ottwiz" uid="3087157" lat="19.6507164" lon="-156.0093516"/>
 <node id="7820710114" visible="true" version="1" changeset="89528597" timestamp="2020-08-17T16:20:02Z" user="ottwiz" uid="3087157" lat="19.6508856" lon="-156.0093878"/>
 <node id="7820710115" visible="true" version="1" changeset="89528597" timestamp="2020-08-17T16:20:02Z" user="ottwiz" uid="3087157" lat="19.6504823" lon="-156.0094397"/>
 <node id="7820710116" visible="true" version="1" changeset="89528597" timestamp="2020-08-17T16:20:02Z" user="ottwiz" uid="3087157" lat="19.6504926" lon="-156.0093915"/>
 <node id="7820710117" visible="true" version="1" changeset="89528597" timestamp="2020-08-17T16:20:02Z" user="ottwiz" uid="3087157" lat="19.6505788" lon="-156.0093249"/>
 <node id="7820710118" visible="true" version="1" changeset="89528597" timestamp="2020-08-17T16:20:02Z" user="ottwiz" uid="3087157" lat="19.6504563" lon="-156.0092954"/>
 <node id="7820710119" visible="true" version="1" changeset="89528597" timestamp="2020-08-17T16:20:02Z" user="ottwiz" uid="3087157" lat="19.6504385" lon="-156.0093784"/>
 <node id="7820710120" visible="true" version="1" changeset="89528597" timestamp="2020-08-17T16:20:02Z" user="ottwiz" uid="3087157" lat="19.6505507" lon="-156.0094562"/>
 <node id="7820710121" visible="true" version="1" changeset="89528597" timestamp="2020-08-17T16:20:02Z" user="ottwiz" uid="3087157" lat="19.6502882" lon="-156.0091760"/>
 <node id="7820710122" visible="true" version="1" changeset="89528597" timestamp="2020-08-17T16:20:02Z" user="ottwiz" uid="3087157" lat="19.6503311" lon="-156.0089681"/>
 <node id="7820710123" visible="true" version="1" changeset="89528597" timestamp="2020-08-17T16:20:02Z" user="ottwiz" uid="3087157" lat="19.6503943" lon="-156.0089828"/>
 <node id="7820710124" visible="true" version="1" changeset="89528597" timestamp="2020-08-17T16:20:02Z" user="ottwiz" uid="3087157" lat="19.6503514" lon="-156.0091907"/>
 <node id="7833960543" visible="true" version="4" changeset="158834732" timestamp="2024-11-06T21:49:58Z" user="BubbaJuice" uid="9941767" lat="19.6495875" lon="-156.0036738"/>
 <node id="7833960544" visible="true" version="3" changeset="98836186" timestamp="2021-02-07T01:39:44Z" user="user_8466505" uid="8466505" lat="19.6506689" lon="-156.0026610"/>
 <node id="7833960545" visible="true" version="3" changeset="98836186" timestamp="2021-02-07T01:39:44Z" user="user_8466505" uid="8466505" lat="19.6506761" lon="-156.0026509"/>
 <node id="7833960546" visible="true" version="3" changeset="98836186" timestamp="2021-02-07T01:39:44Z" user="user_8466505" uid="8466505" lat="19.6506839" lon="-156.0026405"/>
 <node id="7833960547" visible="true" version="3" changeset="98836186" timestamp="2021-02-07T01:39:44Z" user="user_8466505" uid="8466505" lat="19.6506978" lon="-156.0026127"/>
 <node id="7833960548" visible="true" version="3" changeset="98836186" timestamp="2021-02-07T01:39:44Z" user="user_8466505" uid="8466505" lat="19.6507044" lon="-156.0025973"/>
 <node id="7833960549" visible="true" version="3" changeset="98836186" timestamp="2021-02-07T01:39:44Z" user="user_8466505" uid="8466505" lat="19.6507098" lon="-156.0025819"/>
 <node id="7833960550" visible="true" version="3" changeset="98836186" timestamp="2021-02-07T01:39:44Z" user="user_8466505" uid="8466505" lat="19.6507138" lon="-156.0025644"/>
 <node id="7833960551" visible="true" version="3" changeset="98836186" timestamp="2021-02-07T01:39:44Z" user="user_8466505" uid="8466505" lat="19.6507169" lon="-156.0025461"/>
 <node id="7833960577" visible="true" version="3" changeset="98836186" timestamp="2021-02-07T01:39:44Z" user="user_8466505" uid="8466505" lat="19.6507180" lon="-156.0024805"/>
 <node id="7833960578" visible="true" version="3" changeset="98836186" timestamp="2021-02-07T01:39:44Z" user="user_8466505" uid="8466505" lat="19.6507119" lon="-156.0024449"/>
 <node id="7833960579" visible="true" version="3" changeset="98836186" timestamp="2021-02-07T01:39:44Z" user="user_8466505" uid="8466505" lat="19.6507018" lon="-156.0024149"/>
 <node id="7833960580" visible="true" version="3" changeset="98836186" timestamp="2021-02-07T01:39:44Z" user="user_8466505" uid="8466505" lat="19.6506712" lon="-156.0023653"/>
 <node id="7833960581" visible="true" version="3" changeset="98836186" timestamp="2021-02-07T01:39:44Z" user="user_8466505" uid="8466505" lat="19.6501177" lon="-156.0015233"/>
 <node id="7833960582" visible="true" version="3" changeset="98836186" timestamp="2021-02-07T01:39:44Z" user="user_8466505" uid="8466505" lat="19.6500473" lon="-156.0014111"/>
 <node id="7833960583" visible="true" version="3" changeset="98836186" timestamp="2021-02-07T01:39:44Z" user="user_8466505" uid="8466505" lat="19.6499516" lon="-156.0012380"/>
 <node id="7833960584" visible="true" version="3" changeset="98836186" timestamp="2021-02-07T01:39:44Z" user="user_8466505" uid="8466505" lat="19.6498092" lon="-156.0009795"/>
 <node id="7833964985" visible="true" version="3" changeset="98836186" timestamp="2021-02-07T01:39:44Z" user="user_8466505" uid="8466505" lat="19.6496171" lon="-156.0006129"/>
 <node id="7833964986" visible="true" version="3" changeset="98836186" timestamp="2021-02-07T01:39:44Z" user="user_8466505" uid="8466505" lat="19.6495337" lon="-156.0004398"/>
 <node id="7833964987" visible="true" version="3" changeset="98836186" timestamp="2021-02-07T01:39:44Z" user="user_8466505" uid="8466505" lat="19.6494280" lon="-156.0002342"/>
 <node id="7833964988" visible="true" version="3" changeset="98836186" timestamp="2021-02-07T01:39:44Z" user="user_8466505" uid="8466505" lat="19.6492972" lon="-155.9999790"/>
 <node id="7833964989" visible="true" version="3" changeset="98836186" timestamp="2021-02-07T01:39:44Z" user="user_8466505" uid="8466505" lat="19.6490912" lon="-155.9995856"/>
 <node id="7833964990" visible="true" version="3" changeset="98836186" timestamp="2021-02-07T01:39:44Z" user="user_8466505" uid="8466505" lat="19.6490170" lon="-155.9994507"/>
 <node id="7833964991" visible="true" version="3" changeset="98836186" timestamp="2021-02-07T01:39:44Z" user="user_8466505" uid="8466505" lat="19.6490007" lon="-155.9994301"/>
 <node id="7833964992" visible="true" version="3" changeset="98836186" timestamp="2021-02-07T01:39:44Z" user="user_8466505" uid="8466505" lat="19.6489792" lon="-155.9994118"/>
 <node id="7833964993" visible="true" version="3" changeset="98836186" timestamp="2021-02-07T01:39:44Z" user="user_8466505" uid="8466505" lat="19.6489511" lon="-155.9993971"/>
 <node id="7833964994" visible="true" version="3" changeset="98836186" timestamp="2021-02-07T01:39:44Z" user="user_8466505" uid="8466505" lat="19.6489206" lon="-155.9993863"/>
 <node id="7833964995" visible="true" version="3" changeset="98836186" timestamp="2021-02-07T01:39:44Z" user="user_8466505" uid="8466505" lat="19.6488869" lon="-155.9993816"/>
 <node id="7833964996" visible="true" version="4" changeset="117354668" timestamp="2022-02-13T13:48:28Z" user="zluuzki" uid="12785610" lat="19.6488513" lon="-155.9993790">
  <tag k="power" v="pole"/>
 </node>
 <node id="7833964998" visible="true" version="3" changeset="98836186" timestamp="2021-02-07T01:39:44Z" user="user_8466505" uid="8466505" lat="19.6487930" lon="-155.9993988"/>
 <node id="7833965000" visible="true" version="4" changeset="109543464" timestamp="2021-08-12T03:08:58Z" user="kirsanov" uid="1472711" lat="19.6487440" lon="-155.9992475"/>
 <node id="7833965013" visible="true" version="3" changeset="98836186" timestamp="2021-02-07T01:39:44Z" user="user_8466505" uid="8466505" lat="19.6473900" lon="-155.9962797"/>
 <node id="7833965030" visible="true" version="2" changeset="96832133" timestamp="2021-01-03T01:48:24Z" user="user_8466505" uid="8466505" lat="19.6473591" lon="-155.9962043"/>
 <node id="7866971273" visible="true" version="1" changeset="90275623" timestamp="2020-09-02T04:59:42Z" user="user_8466505" uid="8466505" lat="19.6536546" lon="-155.9991100"/>
 <node id="7882599213" visible="true" version="3" changeset="112673623" timestamp="2021-10-18T23:44:52Z" user="user_8466505" uid="8466505" lat="19.6495427" lon="-156.0050685"/>
 <node id="7882599214" visible="true" version="3" changeset="112673623" timestamp="2021-10-18T23:44:52Z" user="user_8466505" uid="8466505" lat="19.6494873" lon="-156.0051219"/>
 <node id="7882599224" visible="true" version="4" changeset="112673623" timestamp="2021-10-18T23:44:52Z" user="user_8466505" uid="8466505" lat="19.6495040" lon="-156.0051058"/>
 <node id="7882599228" visible="true" version="4" changeset="112673623" timestamp="2021-10-18T23:44:52Z" user="user_8466505" uid="8466505" lat="19.6495224" lon="-156.0050880"/>
 <node id="7882599236" visible="true" version="4" changeset="112673623" timestamp="2021-10-18T23:44:52Z" user="user_8466505" uid="8466505" lat="19.6494114" lon="-156.0050122"/>
 <node id="7882599241" visible="true" version="2" changeset="96285517" timestamp="2020-12-23T00:18:52Z" user="user_8466505" uid="8466505" lat="19.6494744" lon="-156.0051359"/>
 <node id="7882599244" visible="true" version="4" changeset="112673623" timestamp="2021-10-18T23:44:52Z" user="user_8466505" uid="8466505" lat="19.6494338" lon="-156.0049946"/>
 <node id="8173112295" visible="true" version="4" changeset="146302805" timestamp="2024-01-16T00:34:56Z" user="ZeLonewolf" uid="219297" lat="19.6507214" lon="-156.0040422">
  <tag k="brand" v="Old Navy"/>
  <tag k="brand:wikidata" v="Q2735242"/>
  <tag k="name" v="Old Navy"/>
  <tag k="opening_hours" v="Mo-Th 10:00-19:00; Fr-Su 10:00-20:00"/>
  <tag k="shop" v="clothes"/>
 </node>
 <node id="8173112296" visible="true" version="4" changeset="146302805" timestamp="2024-01-16T00:34:56Z" user="ZeLonewolf" uid="219297" lat="19.6508554" lon="-156.0039230">
  <tag k="addr:city" v="Kailua-Kona"/>
  <tag k="addr:postcode" v="96740"/>
  <tag k="addr:state" v="HI"/>
  <tag k="alt_name" v="Verizon Wireless"/>
  <tag k="brand" v="Verizon"/>
  <tag k="brand:wikidata" v="Q919641"/>
  <tag k="name" v="Verizon"/>
  <tag k="safety:mask:covid19" v="yes"/>
  <tag k="shop" v="mobile_phone"/>
 </node>
 <node id="8173112297" visible="true" version="3" changeset="174035528" timestamp="2025-10-31T19:21:56Z" user="confusedbuffalo" uid="242345" lat="19.6509565" lon="-156.0038340">
  <tag k="addr:city" v="Kailua-Kona"/>
  <tag k="addr:housenumber" v="74-5444"/>
  <tag k="addr:postcode" v="96740"/>
  <tag k="addr:state" v="HI"/>
  <tag k="addr:street" v="Makala Boulevard"/>
  <tag k="addr:unit" v="5"/>
  <tag k="brand" v="Skechers"/>
  <tag k="brand:wikidata" v="Q2945643"/>
  <tag k="name" v="Skechers"/>
  <tag k="phone" v="+1 808-829-3535"/>
  <tag k="shop" v="shoes"/>
 </node>
 <node id="8173112298" visible="true" version="4" changeset="174035528" timestamp="2025-10-31T19:21:56Z" user="confusedbuffalo" uid="242345" lat="19.6510891" lon="-156.0037160">
  <tag k="addr:city" v="Kailua-Kona"/>
  <tag k="addr:housenumber" v="74-5444"/>
  <tag k="addr:postcode" v="96740"/>
  <tag k="addr:state" v="HI"/>
  <tag k="addr:street" v="Makala Boulevard"/>
  <tag k="addr:unit" v="1"/>
  <tag k="brand" v="Island Naturals"/>
  <tag k="diet:gluten_free" v="yes"/>
  <tag k="diet:vegan" v="yes"/>
  <tag k="diet:vegetarian" v="yes"/>
  <tag k="name" v="Island Naturals Market and Deli"/>
  <tag k="opening_hours" v="Mo-Fr 08:00-18:00, Sa-Su 09:00-17:00"/>
  <tag k="organic" v="yes"/>
  <tag k="phone" v="+1 808-326-1122"/>
  <tag k="shop" v="supermarket"/>
  <tag k="website" v="https://islandnaturals.com"/>
 </node>
 <node id="8253313956" visible="true" version="1" changeset="96287203" timestamp="2020-12-23T01:53:46Z" user="user_8466505" uid="8466505" lat="19.6512561" lon="-156.0030738"/>
 <node id="8253313958" visible="true" version="1" changeset="96287203" timestamp="2020-12-23T01:53:46Z" user="user_8466505" uid="8466505" lat="19.6514111" lon="-156.0031695"/>
 <node id="8255731030" visible="true" version="1" changeset="96345751" timestamp="2020-12-23T20:25:58Z" user="user_8466505" uid="8466505" lat="19.6531189" lon="-156.0017245"/>
 <node id="8255731031" visible="true" version="1" changeset="96345751" timestamp="2020-12-23T20:25:58Z" user="user_8466505" uid="8466505" lat="19.6534986" lon="-156.0020980"/>
 <node id="8255731032" visible="true" version="1" changeset="96345751" timestamp="2020-12-23T20:25:58Z" user="user_8466505" uid="8466505" lat="19.6527304" lon="-156.0013073"/>
 <node id="8255731033" visible="true" version="1" changeset="96345751" timestamp="2020-12-23T20:25:58Z" user="user_8466505" uid="8466505" lat="19.6533160" lon="-156.0019217"/>
 <node id="8255731034" visible="true" version="1" changeset="96345751" timestamp="2020-12-23T20:25:58Z" user="user_8466505" uid="8466505" lat="19.6538040" lon="-156.0023700"/>
 <node id="8285332073" visible="true" version="4" changeset="158834732" timestamp="2024-11-06T21:49:58Z" user="BubbaJuice" uid="9941767" lat="19.6412538" lon="-155.9921716"/>
 <node id="8285616893" visible="true" version="1" changeset="96835001" timestamp="2021-01-03T07:01:44Z" user="user_8466505" uid="8466505" lat="19.6450824" lon="-155.9941528"/>
 <node id="8285616900" visible="true" version="1" changeset="96835001" timestamp="2021-01-03T07:01:44Z" user="user_8466505" uid="8466505" lat="19.6459509" lon="-155.9932949"/>
 <node id="8287689073" visible="true" version="1" changeset="96865677" timestamp="2021-01-03T21:45:42Z" user="user_8466505" uid="8466505" lat="19.6455803" lon="-155.9938331"/>
 <node id="8401117694" visible="true" version="2" changeset="158834732" timestamp="2024-11-06T21:50:00Z" user="BubbaJuice" uid="9941767" lat="19.6495073" lon="-156.0036875"/>
 <node id="8401117703" visible="true" version="1" changeset="98836186" timestamp="2021-02-07T01:39:44Z" user="user_8466505" uid="8466505" lat="19.6488226" lon="-155.9993857"/>
 <node id="8401117704" visible="true" version="2" changeset="158834732" timestamp="2024-11-06T21:50:00Z" user="BubbaJuice" uid="9941767" lat="19.6495222" lon="-156.0036903"/>
 <node id="8401117712" visible="true" version="1" changeset="98836186" timestamp="2021-02-07T01:39:44Z" user="user_8466505" uid="8466505" lat="19.6507078" lon="-156.0024300"/>
 <node id="8401117713" visible="true" version="2" changeset="158834732" timestamp="2024-11-06T21:50:00Z" user="BubbaJuice" uid="9941767" lat="19.6495402" lon="-156.0036910"/>
 <node id="8401122022" visible="true" version="1" changeset="98836186" timestamp="2021-02-07T01:39:44Z" user="user_8466505" uid="8466505" lat="19.6507156" lon="-156.0024631"/>
 <node id="8401122023" visible="true" version="2" changeset="158834732" timestamp="2024-11-06T21:50:00Z" user="BubbaJuice" uid="9941767" lat="19.6495573" lon="-156.0036874"/>
 <node id="8401122031" visible="true" version="1" changeset="98836186" timestamp="2021-02-07T01:39:44Z" user="user_8466505" uid="8466505" lat="19.6507185" lon="-156.0025305"/>
 <node id="8401122032" visible="true" version="2" changeset="158834732" timestamp="2024-11-06T21:50:00Z" user="BubbaJuice" uid="9941767" lat="19.6495737" lon="-156.0036818"/>
 <node id="8401122041" visible="true" version="1" changeset="98836186" timestamp="2021-02-07T01:39:44Z" user="user_8466505" uid="8466505" lat="19.6507189" lon="-156.0024984"/>
 <node id="8401122042" visible="true" version="2" changeset="158834732" timestamp="2024-11-06T21:50:00Z" user="BubbaJuice" uid="9941767" lat="19.6494928" lon="-156.0036807"/>
 <node id="8401122050" visible="true" version="1" changeset="98836186" timestamp="2021-02-07T01:39:44Z" user="user_8466505" uid="8466505" lat="19.6507192" lon="-156.0025162"/>
 <node id="8401122058" visible="true" version="1" changeset="98836186" timestamp="2021-02-07T01:39:44Z" user="user_8466505" uid="8466505" lat="19.6506602" lon="-156.0026701"/>
 <node id="8401122066" visible="true" version="1" changeset="98836186" timestamp="2021-02-07T01:39:44Z" user="user_8466505" uid="8466505" lat="19.6506780" lon="-156.0026229"/>
 <node id="8409386137" visible="true" version="1" changeset="98992170" timestamp="2021-02-09T17:31:49Z" user="user_8466505" uid="8466505" lat="19.6427456" lon="-155.9928096"/>
 <node id="8975695565" visible="true" version="1" changeset="109054194" timestamp="2021-08-02T23:05:45Z" user="ottwiz" uid="3087157" lat="19.6517420" lon="-155.9887576"/>
 <node id="8975695566" visible="true" version="1" changeset="109054194" timestamp="2021-08-02T23:05:45Z" user="ottwiz" uid="3087157" lat="19.6519541" lon="-155.9883392"/>
 <node id="8975695567" visible="true" version="1" changeset="109054194" timestamp="2021-08-02T23:05:45Z" user="ottwiz" uid="3087157" lat="19.6522067" lon="-155.9879530"/>
 <node id="8975695568" visible="true" version="1" changeset="109054194" timestamp="2021-08-02T23:05:45Z" user="ottwiz" uid="3087157" lat="19.6524290" lon="-155.9875453"/>
 <node id="8975695569" visible="true" version="1" changeset="109054194" timestamp="2021-08-02T23:05:45Z" user="ottwiz" uid="3087157" lat="19.6523482" lon="-155.9870732"/>
 <node id="8975695570" visible="true" version="1" changeset="109054194" timestamp="2021-08-02T23:05:45Z" user="ottwiz" uid="3087157" lat="19.6521663" lon="-155.9866440"/>
 <node id="8975695571" visible="true" version="1" changeset="109054194" timestamp="2021-08-02T23:05:45Z" user="ottwiz" uid="3087157" lat="19.6519137" lon="-155.9862256"/>
 <node id="8975695572" visible="true" version="1" changeset="109054194" timestamp="2021-08-02T23:05:45Z" user="ottwiz" uid="3087157" lat="19.6517622" lon="-155.9860647"/>
 <node id="8975695573" visible="true" version="1" changeset="109054194" timestamp="2021-08-02T23:05:45Z" user="ottwiz" uid="3087157" lat="19.6525200" lon="-155.9848738"/>
 <node id="8975695574" visible="true" version="1" changeset="109054194" timestamp="2021-08-02T23:05:45Z" user="ottwiz" uid="3087157" lat="19.6535405" lon="-155.9842730"/>
 <node id="8975695575" visible="true" version="1" changeset="109054194" timestamp="2021-08-02T23:05:45Z" user="ottwiz" uid="3087157" lat="19.6553086" lon="-155.9838438"/>
 <node id="8975695576" visible="true" version="1" changeset="109054194" timestamp="2021-08-02T23:05:45Z" user="ottwiz" uid="3087157" lat="19.6564200" lon="-155.9837580"/>
 <node id="8975695577" visible="true" version="1" changeset="109054194" timestamp="2021-08-02T23:05:45Z" user="ottwiz" uid="3087157" lat="19.6579760" lon="-155.9834844"/>
 <node id="8975695578" visible="true" version="1" changeset="109054194" timestamp="2021-08-02T23:05:45Z" user="ottwiz" uid="3087157" lat="19.6586933" lon="-155.9828192"/>
 <node id="8975695579" visible="true" version="1" changeset="109054194" timestamp="2021-08-02T23:05:45Z" user="ottwiz" uid="3087157" lat="19.6591783" lon="-155.9818804"/>
 <node id="8975695580" visible="true" version="1" changeset="109054194" timestamp="2021-08-02T23:05:45Z" user="ottwiz" uid="3087157" lat="19.6598047" lon="-155.9815157"/>
 <node id="8975695581" visible="true" version="1" changeset="109054194" timestamp="2021-08-02T23:05:45Z" user="ottwiz" uid="3087157" lat="19.6599158" lon="-155.9814727"/>
 <node id="8975695582" visible="true" version="1" changeset="109054194" timestamp="2021-08-02T23:05:45Z" user="ottwiz" uid="3087157" lat="19.6600118" lon="-155.9815157"/>
 <node id="8975695583" visible="true" version="1" changeset="109054194" timestamp="2021-08-02T23:05:45Z" user="ottwiz" uid="3087157" lat="19.6600926" lon="-155.9817195"/>
 <node id="8975695584" visible="true" version="1" changeset="109054194" timestamp="2021-08-02T23:05:45Z" user="ottwiz" uid="3087157" lat="19.6604210" lon="-155.9818161"/>
 <node id="8975695585" visible="true" version="1" changeset="109054194" timestamp="2021-08-02T23:05:45Z" user="ottwiz" uid="3087157" lat="19.6608049" lon="-155.9820092"/>
 <node id="8975695586" visible="true" version="1" changeset="109054194" timestamp="2021-08-02T23:05:45Z" user="ottwiz" uid="3087157" lat="19.6611585" lon="-155.9822452"/>
 <node id="8975695587" visible="true" version="1" changeset="109054194" timestamp="2021-08-02T23:05:45Z" user="ottwiz" uid="3087157" lat="19.6614920" lon="-155.9825242"/>
 <node id="8975695588" visible="true" version="1" changeset="109054194" timestamp="2021-08-02T23:05:45Z" user="ottwiz" uid="3087157" lat="19.6620577" lon="-155.9832001"/>
 <node id="8975695589" visible="true" version="1" changeset="109054194" timestamp="2021-08-02T23:05:45Z" user="ottwiz" uid="3087157" lat="19.6625326" lon="-155.9843266"/>
 <node id="8975695590" visible="true" version="1" changeset="109054194" timestamp="2021-08-02T23:05:45Z" user="ottwiz" uid="3087157" lat="19.6626740" lon="-155.9844875"/>
 <node id="8975695591" visible="true" version="1" changeset="109054194" timestamp="2021-08-02T23:05:45Z" user="ottwiz" uid="3087157" lat="19.6634015" lon="-155.9850025"/>
 <node id="8975695592" visible="true" version="1" changeset="109054194" timestamp="2021-08-02T23:05:45Z" user="ottwiz" uid="3087157" lat="19.6642602" lon="-155.9864295"/>
 <node id="8975695593" visible="true" version="1" changeset="109054194" timestamp="2021-08-02T23:05:45Z" user="ottwiz" uid="3087157" lat="19.6644219" lon="-155.9869123"/>
 <node id="8975695594" visible="true" version="1" changeset="109054194" timestamp="2021-08-02T23:05:45Z" user="ottwiz" uid="3087157" lat="19.6644118" lon="-155.9871268"/>
 <node id="8975695595" visible="true" version="1" changeset="109054194" timestamp="2021-08-02T23:05:45Z" user="ottwiz" uid="3087157" lat="19.6644724" lon="-155.9873307"/>
 <node id="8975695596" visible="true" version="1" changeset="109054194" timestamp="2021-08-02T23:05:45Z" user="ottwiz" uid="3087157" lat="19.6646644" lon="-155.9874272"/>
 <node id="8975695597" visible="true" version="1" changeset="109054194" timestamp="2021-08-02T23:05:45Z" user="ottwiz" uid="3087157" lat="19.6648664" lon="-155.9874058"/>
 <node id="8975695598" visible="true" version="1" changeset="109054194" timestamp="2021-08-02T23:05:45Z" user="ottwiz" uid="3087157" lat="19.6649978" lon="-155.9875774"/>
 <node id="8975695599" visible="true" version="1" changeset="109054194" timestamp="2021-08-02T23:05:45Z" user="ottwiz" uid="3087157" lat="19.6653615" lon="-155.9892726"/>
 <node id="8975695600" visible="true" version="1" changeset="109054194" timestamp="2021-08-02T23:05:45Z" user="ottwiz" uid="3087157" lat="19.6629670" lon="-155.9899378"/>
 <node id="8975695601" visible="true" version="1" changeset="109054194" timestamp="2021-08-02T23:05:45Z" user="ottwiz" uid="3087157" lat="19.6601583" lon="-155.9905493"/>
 <node id="8975695602" visible="true" version="1" changeset="109054194" timestamp="2021-08-02T23:05:45Z" user="ottwiz" uid="3087157" lat="19.6592187" lon="-155.9914720"/>
 <node id="8975695603" visible="true" version="1" changeset="109054194" timestamp="2021-08-02T23:05:45Z" user="ottwiz" uid="3087157" lat="19.6588954" lon="-155.9920621"/>
 <node id="8975695604" visible="true" version="1" changeset="109054194" timestamp="2021-08-02T23:05:45Z" user="ottwiz" uid="3087157" lat="19.6587337" lon="-155.9925127"/>
 <node id="8975695605" visible="true" version="1" changeset="109054194" timestamp="2021-08-02T23:05:45Z" user="ottwiz" uid="3087157" lat="19.6588045" lon="-155.9927058"/>
 <node id="8975695606" visible="true" version="1" changeset="109054194" timestamp="2021-08-02T23:05:45Z" user="ottwiz" uid="3087157" lat="19.6589661" lon="-155.9928346"/>
 <node id="8975695607" visible="true" version="1" changeset="109054194" timestamp="2021-08-02T23:05:45Z" user="ottwiz" uid="3087157" lat="19.6595420" lon="-155.9931350"/>
 <node id="8975695608" visible="true" version="1" changeset="109054194" timestamp="2021-08-02T23:05:45Z" user="ottwiz" uid="3087157" lat="19.6596733" lon="-155.9933066"/>
 <node id="8975695609" visible="true" version="1" changeset="109054194" timestamp="2021-08-02T23:05:45Z" user="ottwiz" uid="3087157" lat="19.6595723" lon="-155.9934998"/>
 <node id="8975695610" visible="true" version="1" changeset="109054194" timestamp="2021-08-02T23:05:45Z" user="ottwiz" uid="3087157" lat="19.6593702" lon="-155.9935963"/>
 <node id="8975695611" visible="true" version="1" changeset="109054194" timestamp="2021-08-02T23:05:45Z" user="ottwiz" uid="3087157" lat="19.6591581" lon="-155.9936285"/>
 <node id="8975695612" visible="true" version="1" changeset="109054194" timestamp="2021-08-02T23:05:45Z" user="ottwiz" uid="3087157" lat="19.6589560" lon="-155.9936285"/>
 <node id="8975695613" visible="true" version="1" changeset="109054194" timestamp="2021-08-02T23:05:45Z" user="ottwiz" uid="3087157" lat="19.6557734" lon="-155.9919334"/>
 <node id="8975695614" visible="true" version="1" changeset="109054194" timestamp="2021-08-02T23:05:45Z" user="ottwiz" uid="3087157" lat="19.6540456" lon="-155.9910965"/>
 <node id="8975695615" visible="true" version="1" changeset="109054194" timestamp="2021-08-02T23:05:45Z" user="ottwiz" uid="3087157" lat="19.6538941" lon="-155.9909356"/>
 <node id="8975695616" visible="true" version="1" changeset="109054194" timestamp="2021-08-02T23:05:45Z" user="ottwiz" uid="3087157" lat="19.6538031" lon="-155.9907103"/>
 <node id="8975695617" visible="true" version="1" changeset="109054194" timestamp="2021-08-02T23:05:45Z" user="ottwiz" uid="3087157" lat="19.6538638" lon="-155.9904850"/>
 <node id="8975695618" visible="true" version="1" changeset="109054194" timestamp="2021-08-02T23:05:45Z" user="ottwiz" uid="3087157" lat="19.6540153" lon="-155.9903455"/>
 <node id="8975695619" visible="true" version="1" changeset="109054194" timestamp="2021-08-02T23:05:45Z" user="ottwiz" uid="3087157" lat="19.6542073" lon="-155.9902489"/>
 <node id="8975695620" visible="true" version="1" changeset="109054194" timestamp="2021-08-02T23:05:45Z" user="ottwiz" uid="3087157" lat="19.6548236" lon="-155.9899807"/>
 <node id="8975695621" visible="true" version="1" changeset="109054194" timestamp="2021-08-02T23:05:45Z" user="ottwiz" uid="3087157" lat="19.6554602" lon="-155.9897769"/>
 <node id="8975695622" visible="true" version="1" changeset="109054194" timestamp="2021-08-02T23:05:45Z" user="ottwiz" uid="3087157" lat="19.6558643" lon="-155.9895408"/>
 <node id="8975695623" visible="true" version="1" changeset="109054194" timestamp="2021-08-02T23:05:45Z" user="ottwiz" uid="3087157" lat="19.6560361" lon="-155.9893906"/>
 <node id="8975695624" visible="true" version="1" changeset="109054194" timestamp="2021-08-02T23:05:45Z" user="ottwiz" uid="3087157" lat="19.6560866" lon="-155.9891653"/>
 <node id="8975695625" visible="true" version="1" changeset="109054194" timestamp="2021-08-02T23:05:45Z" user="ottwiz" uid="3087157" lat="19.6559856" lon="-155.9889615"/>
 <node id="8975695626" visible="true" version="1" changeset="109054194" timestamp="2021-08-02T23:05:45Z" user="ottwiz" uid="3087157" lat="19.6557835" lon="-155.9890151"/>
 <node id="8975695627" visible="true" version="1" changeset="109054194" timestamp="2021-08-02T23:05:45Z" user="ottwiz" uid="3087157" lat="19.6553793" lon="-155.9892190"/>
 <node id="8975695628" visible="true" version="1" changeset="109054194" timestamp="2021-08-02T23:05:45Z" user="ottwiz" uid="3087157" lat="19.6548337" lon="-155.9895623"/>
 <node id="8975695629" visible="true" version="1" changeset="109054194" timestamp="2021-08-02T23:05:45Z" user="ottwiz" uid="3087157" lat="19.6544599" lon="-155.9898412"/>
 <node id="8975695630" visible="true" version="1" changeset="109054194" timestamp="2021-08-02T23:05:45Z" user="ottwiz" uid="3087157" lat="19.6538385" lon="-155.9899914"/>
 <node id="8975695631" visible="true" version="1" changeset="109054194" timestamp="2021-08-02T23:05:45Z" user="ottwiz" uid="3087157" lat="19.6532373" lon="-155.9899861"/>
 <node id="8975695632" visible="true" version="1" changeset="109054194" timestamp="2021-08-02T23:05:45Z" user="ottwiz" uid="3087157" lat="19.6531262" lon="-155.9899485"/>
 <node id="8975695633" visible="true" version="1" changeset="109054194" timestamp="2021-08-02T23:05:45Z" user="ottwiz" uid="3087157" lat="19.6526463" lon="-155.9896427"/>
 <node id="8975695634" visible="true" version="1" changeset="109054194" timestamp="2021-08-02T23:05:45Z" user="ottwiz" uid="3087157" lat="19.6525402" lon="-155.9896374"/>
 <node id="8975695635" visible="true" version="1" changeset="109054194" timestamp="2021-08-02T23:05:45Z" user="ottwiz" uid="3087157" lat="19.6524341" lon="-155.9896696"/>
 <node id="8975695636" visible="true" version="1" changeset="109054194" timestamp="2021-08-02T23:05:45Z" user="ottwiz" uid="3087157" lat="19.6523482" lon="-155.9897447"/>
 <node id="8975695637" visible="true" version="1" changeset="109054194" timestamp="2021-08-02T23:05:45Z" user="ottwiz" uid="3087157" lat="19.6522219" lon="-155.9899217"/>
 <node id="8975695638" visible="true" version="1" changeset="109054194" timestamp="2021-08-02T23:05:45Z" user="ottwiz" uid="3087157" lat="19.6521865" lon="-155.9900934"/>
 <node id="8975695639" visible="true" version="1" changeset="109054194" timestamp="2021-08-02T23:05:45Z" user="ottwiz" uid="3087157" lat="19.6515399" lon="-155.9896159"/>
 <node id="8975695640" visible="true" version="1" changeset="109054194" timestamp="2021-08-02T23:05:45Z" user="ottwiz" uid="3087157" lat="19.6510397" lon="-155.9893692"/>
 <node id="8975695641" visible="true" version="1" changeset="109054194" timestamp="2021-08-02T23:05:45Z" user="ottwiz" uid="3087157" lat="19.6505143" lon="-155.9890527"/>
 <node id="8975695674" visible="true" version="2" changeset="158686317" timestamp="2024-11-03T06:35:40Z" user="BubbaJuice" uid="9941767" lat="19.6473054" lon="-155.9961264"/>
 <node id="8975695675" visible="true" version="1" changeset="109054194" timestamp="2021-08-02T23:05:45Z" user="ottwiz" uid="3087157" lat="19.6462928" lon="-155.9966506"/>
 <node id="8975695676" visible="true" version="1" changeset="109054194" timestamp="2021-08-02T23:05:45Z" user="ottwiz" uid="3087157" lat="19.6482662" lon="-155.9923518"/>
 <node id="8975695677" visible="true" version="1" changeset="109054194" timestamp="2021-08-02T23:05:45Z" user="ottwiz" uid="3087157" lat="19.6482662" lon="-155.9921587"/>
 <node id="8975695678" visible="true" version="1" changeset="109054194" timestamp="2021-08-02T23:05:45Z" user="ottwiz" uid="3087157" lat="19.6486501" lon="-155.9912038"/>
 <node id="8975695679" visible="true" version="1" changeset="109054194" timestamp="2021-08-02T23:05:45Z" user="ottwiz" uid="3087157" lat="19.6490341" lon="-155.9903669"/>
 <node id="8975695680" visible="true" version="1" changeset="109054194" timestamp="2021-08-02T23:05:45Z" user="ottwiz" uid="3087157" lat="19.6494180" lon="-155.9892511"/>
 <node id="8975695681" visible="true" version="1" changeset="109054194" timestamp="2021-08-02T23:05:45Z" user="ottwiz" uid="3087157" lat="19.6495999" lon="-155.9891546"/>
 <node id="8975695682" visible="true" version="1" changeset="109054194" timestamp="2021-08-02T23:05:45Z" user="ottwiz" uid="3087157" lat="19.6499637" lon="-155.9893477"/>
 <node id="8975695683" visible="true" version="1" changeset="109054194" timestamp="2021-08-02T23:05:45Z" user="ottwiz" uid="3087157" lat="19.6505497" lon="-155.9896159"/>
 <node id="8975695684" visible="true" version="1" changeset="109054194" timestamp="2021-08-02T23:05:45Z" user="ottwiz" uid="3087157" lat="19.6507013" lon="-155.9897769"/>
 <node id="8975695685" visible="true" version="1" changeset="109054194" timestamp="2021-08-02T23:05:45Z" user="ottwiz" uid="3087157" lat="19.6507720" lon="-155.9899914"/>
 <node id="8975695686" visible="true" version="1" changeset="109054194" timestamp="2021-08-02T23:05:45Z" user="ottwiz" uid="3087157" lat="19.6507518" lon="-155.9902060"/>
 <node id="8975695687" visible="true" version="1" changeset="109054194" timestamp="2021-08-02T23:05:45Z" user="ottwiz" uid="3087157" lat="19.6506709" lon="-155.9904313"/>
 <node id="8975695688" visible="true" version="1" changeset="109054194" timestamp="2021-08-02T23:05:45Z" user="ottwiz" uid="3087157" lat="19.6502365" lon="-155.9909678"/>
 <node id="8975695689" visible="true" version="1" changeset="109054194" timestamp="2021-08-02T23:05:45Z" user="ottwiz" uid="3087157" lat="19.6500647" lon="-155.9911072"/>
 <node id="8975695690" visible="true" version="1" changeset="109054194" timestamp="2021-08-02T23:05:45Z" user="ottwiz" uid="3087157" lat="19.6498323" lon="-155.9915686"/>
 <node id="8975695691" visible="true" version="1" changeset="109054194" timestamp="2021-08-02T23:05:45Z" user="ottwiz" uid="3087157" lat="19.6497111" lon="-155.9917402"/>
 <node id="8975695692" visible="true" version="1" changeset="109054194" timestamp="2021-08-02T23:05:45Z" user="ottwiz" uid="3087157" lat="19.6493574" lon="-155.9919977"/>
 <node id="8975695693" visible="true" version="1" changeset="109054194" timestamp="2021-08-02T23:05:45Z" user="ottwiz" uid="3087157" lat="19.6489533" lon="-155.9924913"/>
 <node id="8975695694" visible="true" version="1" changeset="109054194" timestamp="2021-08-02T23:05:45Z" user="ottwiz" uid="3087157" lat="19.6488219" lon="-155.9926844"/>
 <node id="9181467046" visible="true" version="1" changeset="112673623" timestamp="2021-10-18T23:44:52Z" user="user_8466505" uid="8466505" lat="19.6509407" lon="-156.0031578"/>
 <node id="9181467047" visible="true" version="1" changeset="112673623" timestamp="2021-10-18T23:44:52Z" user="user_8466505" uid="8466505" lat="19.6508458" lon="-156.0031264"/>
 <node id="9181467048" visible="true" version="1" changeset="112673623" timestamp="2021-10-18T23:44:52Z" user="user_8466505" uid="8466505" lat="19.6508135" lon="-156.0031385"/>
 <node id="9181467049" visible="true" version="1" changeset="112673623" timestamp="2021-10-18T23:44:52Z" user="user_8466505" uid="8466505" lat="19.6508765" lon="-156.0031240"/>
 <node id="9181467050" visible="true" version="1" changeset="112673623" timestamp="2021-10-18T23:44:52Z" user="user_8466505" uid="8466505" lat="19.6509124" lon="-156.0031351"/>
 <node id="9503250712" visible="true" version="3" changeset="160848647" timestamp="2024-12-31T21:38:51Z" user="lmum" uid="1084189" lat="19.7226793" lon="-156.0319200">
  <tag k="line_attachment" v="anchor"/>
  <tag k="material" v="steel"/>
  <tag k="power" v="pole"/>
 </node>
 <node id="9503250713" visible="true" version="3" changeset="160848647" timestamp="2024-12-31T21:38:56Z" user="lmum" uid="1084189" lat="19.7234239" lon="-156.0317924">
  <tag k="line_attachment" v="anchor"/>
  <tag k="material" v="steel"/>
  <tag k="power" v="pole"/>
 </node>
 <node id="9503250714" visible="true" version="3" changeset="160848647" timestamp="2024-12-31T21:39:03Z" user="lmum" uid="1084189" lat="19.7241284" lon="-156.0316677">
  <tag k="line_attachment" v="anchor"/>
  <tag k="material" v="steel"/>
  <tag k="power" v="pole"/>
 </node>
 <node id="9503250715" visible="true" version="1" changeset="117366255" timestamp="2022-02-13T19:13:15Z" user="zluuzki" uid="12785610" lat="19.7249558" lon="-156.0315231">
  <tag k="power" v="pole"/>
 </node>
 <node id="9503250716" visible="true" version="3" changeset="160848647" timestamp="2024-12-31T21:39:22Z" user="lmum" uid="1084189" lat="19.7258044" lon="-156.0313898">
  <tag k="line_attachment" v="anchor"/>
  <tag k="material" v="steel"/>
  <tag k="power" v="pole"/>
 </node>
 <node id="9503265817" visible="true" version="3" changeset="160848647" timestamp="2024-12-31T21:39:27Z" user="lmum" uid="1084189" lat="19.7266424" lon="-156.0312566">
  <tag k="line_attachment" v="anchor"/>
  <tag k="material" v="steel"/>
  <tag k="power" v="pole"/>
 </node>
 <node id="9503265818" visible="true" version="3" changeset="160848647" timestamp="2024-12-31T21:39:31Z" user="lmum" uid="1084189" lat="19.7274297" lon="-156.0311262">
  <tag k="line_attachment" v="anchor"/>
  <tag k="material" v="steel"/>
  <tag k="power" v="pole"/>
 </node>
 <node id="9503265819" visible="true" version="3" changeset="160848647" timestamp="2024-12-31T21:39:36Z" user="lmum" uid="1084189" lat="19.7281583" lon="-156.0309872">
  <tag k="line_attachment" v="anchor"/>
  <tag k="material" v="steel"/>
  <tag k="power" v="pole"/>
 </node>
 <node id="9503265820" visible="true" version="3" changeset="160848647" timestamp="2024-12-31T21:39:40Z" user="lmum" uid="1084189" lat="19.7289189" lon="-156.0308625">
  <tag k="line_attachment" v="anchor"/>
  <tag k="material" v="steel"/>
  <tag k="power" v="pole"/>
 </node>
 <node id="9503265821" visible="true" version="3" changeset="160848647" timestamp="2024-12-31T21:39:44Z" user="lmum" uid="1084189" lat="19.7297622" lon="-156.0307151">
  <tag k="line_attachment" v="anchor"/>
  <tag k="material" v="steel"/>
  <tag k="power" v="pole"/>
 </node>
 <node id="9503265822" visible="true" version="3" changeset="160848647" timestamp="2024-12-31T21:39:49Z" user="lmum" uid="1084189" lat="19.7306215" lon="-156.0305535">
  <tag k="line_attachment" v="anchor"/>
  <tag k="material" v="steel"/>
  <tag k="power" v="pole"/>
 </node>
 <node id="9503265823" visible="true" version="3" changeset="160848647" timestamp="2024-12-31T21:39:53Z" user="lmum" uid="1084189" lat="19.7314701" lon="-156.0304089">
  <tag k="line_attachment" v="anchor"/>
  <tag k="material" v="steel"/>
  <tag k="power" v="pole"/>
 </node>
 <node id="9503265824" visible="true" version="3" changeset="160848647" timestamp="2024-12-31T21:39:58Z" user="lmum" uid="1084189" lat="19.7323455" lon="-156.0302529">
  <tag k="line_attachment" v="anchor"/>
  <tag k="material" v="steel"/>
  <tag k="power" v="pole"/>
 </node>
 <node id="9503265825" visible="true" version="3" changeset="160848647" timestamp="2024-12-31T21:40:06Z" user="lmum" uid="1084189" lat="19.7329486" lon="-156.0300375">
  <tag k="line_attachment" v="anchor"/>
  <tag k="material" v="steel"/>
  <tag k="power" v="pole"/>
 </node>
 <node id="9503265826" visible="true" version="4" changeset="164567253" timestamp="2025-04-05T20:22:56Z" user="BubbaJuice" uid="9941767" lat="19.7329262" lon="-156.0293535">
  <tag k="line_attachment" v="anchor"/>
  <tag k="material" v="steel"/>
  <tag k="power" v="pole"/>
 </node>
 <node id="9503265827" visible="true" version="4" changeset="164567253" timestamp="2025-04-05T20:22:56Z" user="BubbaJuice" uid="9941767" lat="19.7329628" lon="-156.0283623">
  <tag k="line_attachment" v="anchor"/>
  <tag k="material" v="steel"/>
  <tag k="power" v="pole"/>
 </node>
 <node id="9526246661" visible="true" version="1" changeset="117711465" timestamp="2022-02-22T06:41:27Z" user="user_8466505" uid="8466505" lat="19.6501872" lon="-155.9876910"/>
 <node id="9526246662" visible="true" version="1" changeset="117711465" timestamp="2022-02-22T06:41:27Z" user="user_8466505" uid="8466505" lat="19.6497770" lon="-155.9883045"/>
 <node id="9776518841" visible="true" version="1" changeset="121609084" timestamp="2022-05-28T09:46:16Z" user="CurlingMan13" uid="6641970" lat="19.6508132" lon="-156.0034484">
  <tag k="traffic_calming" v="bump"/>
 </node>
 <node id="9923426985" visible="true" version="1" changeset="124321424" timestamp="2022-08-01T00:07:27Z" user="wmss" uid="16696805" lat="19.6539129" lon="-156.0013265"/>
 <node id="9923426986" visible="true" version="1" changeset="124321424" timestamp="2022-08-01T00:07:27Z" user="wmss" uid="16696805" lat="19.6536761" lon="-156.0015774"/>
 <node id="9923426987" visible="true" version="1" changeset="124321424" timestamp="2022-08-01T00:07:27Z" user="wmss" uid="16696805" lat="19.6537135" lon="-156.0016172"/>
 <node id="9923426988" visible="true" version="1" changeset="124321424" timestamp="2022-08-01T00:07:27Z" user="wmss" uid="16696805" lat="19.6536085" lon="-156.0017285"/>
 <node id="9923426989" visible="true" version="1" changeset="124321424" timestamp="2022-08-01T00:07:27Z" user="wmss" uid="16696805" lat="19.6533885" lon="-156.0014943"/>
 <node id="9923426990" visible="true" version="1" changeset="124321424" timestamp="2022-08-01T00:07:27Z" user="wmss" uid="16696805" lat="19.6532925" lon="-156.0015961"/>
 <node id="9923426991" visible="true" version="1" changeset="124321424" timestamp="2022-08-01T00:07:27Z" user="wmss" uid="16696805" lat="19.6531361" lon="-156.0014296"/>
 <node id="9923426992" visible="true" version="1" changeset="124321424" timestamp="2022-08-01T00:07:27Z" user="wmss" uid="16696805" lat="19.6532701" lon="-156.0012875"/>
 <node id="9923426993" visible="true" version="1" changeset="124321424" timestamp="2022-08-01T00:07:27Z" user="wmss" uid="16696805" lat="19.6531629" lon="-156.0011735"/>
 <node id="9923426994" visible="true" version="1" changeset="124321424" timestamp="2022-08-01T00:07:27Z" user="wmss" uid="16696805" lat="19.6532022" lon="-156.0011318"/>
 <node id="9923426995" visible="true" version="1" changeset="124321424" timestamp="2022-08-01T00:07:27Z" user="wmss" uid="16696805" lat="19.6530547" lon="-156.0009750"/>
 <node id="9923426996" visible="true" version="1" changeset="124321424" timestamp="2022-08-01T00:07:27Z" user="wmss" uid="16696805" lat="19.6531283" lon="-156.0008969"/>
 <node id="9923426997" visible="true" version="1" changeset="124321424" timestamp="2022-08-01T00:07:27Z" user="wmss" uid="16696805" lat="19.6531523" lon="-156.0009224"/>
 <node id="9923426998" visible="true" version="1" changeset="124321424" timestamp="2022-08-01T00:07:27Z" user="wmss" uid="16696805" lat="19.6533656" lon="-156.0006961"/>
 <node id="9923426999" visible="true" version="1" changeset="124321424" timestamp="2022-08-01T00:07:27Z" user="wmss" uid="16696805" lat="19.6536027" lon="-156.0009481"/>
 <node id="9923427000" visible="true" version="1" changeset="124321424" timestamp="2022-08-01T00:07:27Z" user="wmss" uid="16696805" lat="19.6535395" lon="-156.0010152"/>
 <node id="9923427001" visible="true" version="1" changeset="124321424" timestamp="2022-08-01T00:07:27Z" user="wmss" uid="16696805" lat="19.6536827" lon="-156.0011675"/>
 <node id="9923427002" visible="true" version="1" changeset="124321424" timestamp="2022-08-01T00:07:27Z" user="wmss" uid="16696805" lat="19.6537232" lon="-156.0011246"/>
 <node id="9923427003" visible="true" version="1" changeset="124321424" timestamp="2022-08-01T00:07:27Z" user="wmss" uid="16696805" lat="19.6536504" lon="-156.0022294"/>
 <node id="9923427004" visible="true" version="1" changeset="124321424" timestamp="2022-08-01T00:07:27Z" user="wmss" uid="16696805" lat="19.6540963" lon="-156.0016886"/>
 <node id="9923427005" visible="true" version="1" changeset="124321424" timestamp="2022-08-01T00:07:27Z" user="wmss" uid="16696805" lat="19.6541690" lon="-156.0015874"/>
 <node id="9923427006" visible="true" version="1" changeset="124321424" timestamp="2022-08-01T00:07:27Z" user="wmss" uid="16696805" lat="19.6542297" lon="-156.0014478"/>
 <node id="9923427007" visible="true" version="1" changeset="124321424" timestamp="2022-08-01T00:07:27Z" user="wmss" uid="16696805" lat="19.6543430" lon="-156.0010082"/>
 <node id="9923427008" visible="true" version="1" changeset="124321424" timestamp="2022-08-01T00:07:27Z" user="wmss" uid="16696805" lat="19.6542025" lon="-156.0015230"/>
 <node id="9923427009" visible="true" version="1" changeset="124321424" timestamp="2022-08-01T00:07:27Z" user="wmss" uid="16696805" lat="19.6543834" lon="-156.0008940"/>
 <node id="9923427010" visible="true" version="1" changeset="124321424" timestamp="2022-08-01T00:07:27Z" user="wmss" uid="16696805" lat="19.6545292" lon="-156.0006888"/>
 <node id="9923427011" visible="true" version="1" changeset="124321424" timestamp="2022-08-01T00:07:27Z" user="wmss" uid="16696805" lat="19.6543608" lon="-156.0009469"/>
 <node id="9923427012" visible="true" version="1" changeset="124321424" timestamp="2022-08-01T00:07:27Z" user="wmss" uid="16696805" lat="19.6543176" lon="-156.0011068"/>
 <node id="9923427013" visible="true" version="1" changeset="124321424" timestamp="2022-08-01T00:07:27Z" user="wmss" uid="16696805" lat="19.6542042" lon="-156.0010774"/>
 <node id="9923427014" visible="true" version="1" changeset="124321424" timestamp="2022-08-01T00:07:27Z" user="wmss" uid="16696805" lat="19.6541195" lon="-156.0010400"/>
 <node id="9923427015" visible="true" version="1" changeset="124321424" timestamp="2022-08-01T00:07:27Z" user="wmss" uid="16696805" lat="19.6540393" lon="-156.0009875"/>
 <node id="9923427016" visible="true" version="1" changeset="124321424" timestamp="2022-08-01T00:07:27Z" user="wmss" uid="16696805" lat="19.6539722" lon="-156.0009268"/>
 <node id="9923452117" visible="true" version="1" changeset="124321424" timestamp="2022-08-01T00:07:27Z" user="wmss" uid="16696805" lat="19.6535390" lon="-156.0004551"/>
 <node id="9923452118" visible="true" version="1" changeset="124321424" timestamp="2022-08-01T00:07:27Z" user="wmss" uid="16696805" lat="19.6546277" lon="-156.0008995"/>
 <node id="9923452119" visible="true" version="1" changeset="124321424" timestamp="2022-08-01T00:07:27Z" user="wmss" uid="16696805" lat="19.6550823" lon="-156.0012888"/>
 <node id="9923452120" visible="true" version="1" changeset="124321424" timestamp="2022-08-01T00:07:27Z" user="wmss" uid="16696805" lat="19.6543622" lon="-156.0022905"/>
 <node id="9923452121" visible="true" version="1" changeset="124321424" timestamp="2022-08-01T00:07:27Z" user="wmss" uid="16696805" lat="19.6539238" lon="-156.0018977"/>
 <node id="9923452122" visible="true" version="1" changeset="124321424" timestamp="2022-08-01T00:07:27Z" user="wmss" uid="16696805" lat="19.6538428" lon="-156.0017856"/>
 <node id="9923452123" visible="true" version="1" changeset="124321424" timestamp="2022-08-01T00:07:27Z" user="wmss" uid="16696805" lat="19.6538300" lon="-156.0017475"/>
 <node id="9923452124" visible="true" version="1" changeset="124321424" timestamp="2022-08-01T00:07:27Z" user="wmss" uid="16696805" lat="19.6538424" lon="-156.0016829"/>
 <node id="9923452125" visible="true" version="1" changeset="124321424" timestamp="2022-08-01T00:07:27Z" user="wmss" uid="16696805" lat="19.6539443" lon="-156.0015527"/>
 <node id="9923452126" visible="true" version="1" changeset="124321424" timestamp="2022-08-01T00:07:27Z" user="wmss" uid="16696805" lat="19.6540125" lon="-156.0015353"/>
 <node id="9923452127" visible="true" version="1" changeset="124321424" timestamp="2022-08-01T00:07:27Z" user="wmss" uid="16696805" lat="19.6540444" lon="-156.0015531"/>
 <node id="9923452128" visible="true" version="1" changeset="124321424" timestamp="2022-08-01T00:07:27Z" user="wmss" uid="16696805" lat="19.6541338" lon="-156.0016364"/>
 <node id="9923452129" visible="true" version="1" changeset="124321424" timestamp="2022-08-01T00:07:27Z" user="wmss" uid="16696805" lat="19.6539753" lon="-156.0015336"/>
 <node id="9923452130" visible="true" version="1" changeset="124321424" timestamp="2022-08-01T00:07:27Z" user="wmss" uid="16696805" lat="19.6538808" lon="-156.0018488"/>
 <node id="9923452131" visible="true" version="1" changeset="124321424" timestamp="2022-08-01T00:07:27Z" user="wmss" uid="16696805" lat="19.6538304" lon="-156.0017143"/>
 <node id="9923452132" visible="true" version="1" changeset="124321424" timestamp="2022-08-01T00:07:27Z" user="wmss" uid="16696805" lat="19.6548061" lon="-156.0016730"/>
 <node id="9923452133" visible="true" version="1" changeset="124321424" timestamp="2022-08-01T00:07:27Z" user="wmss" uid="16696805" lat="19.6544040" lon="-156.0013114"/>
 <node id="9923452134" visible="true" version="1" changeset="124321424" timestamp="2022-08-01T00:07:27Z" user="wmss" uid="16696805" lat="19.6544682" lon="-156.0011042"/>
 <node id="9923452135" visible="true" version="1" changeset="124321424" timestamp="2022-08-01T00:07:27Z" user="wmss" uid="16696805" lat="19.6549764" lon="-156.0014361"/>
 <node id="9923452136" visible="true" version="1" changeset="124321424" timestamp="2022-08-01T00:07:27Z" user="wmss" uid="16696805" lat="19.6545186" lon="-156.0010395"/>
 <node id="9923452137" visible="true" version="1" changeset="124321424" timestamp="2022-08-01T00:07:27Z" user="wmss" uid="16696805" lat="19.6545764" lon="-156.0019925"/>
 <node id="9923452138" visible="true" version="1" changeset="124321424" timestamp="2022-08-01T00:07:27Z" user="wmss" uid="16696805" lat="19.6542886" lon="-156.0017403"/>
 <node id="9923452139" visible="true" version="1" changeset="124321424" timestamp="2022-08-01T00:07:27Z" user="wmss" uid="16696805" lat="19.6541775" lon="-156.0018785"/>
 <node id="9923452140" visible="true" version="1" changeset="124321424" timestamp="2022-08-01T00:07:27Z" user="wmss" uid="16696805" lat="19.6544715" lon="-156.0021384"/>
 <node id="9923452141" visible="true" version="1" changeset="124321424" timestamp="2022-08-01T00:07:27Z" user="wmss" uid="16696805" lat="19.6541108" lon="-156.0010343"/>
 <node id="9923452142" visible="true" version="1" changeset="124321424" timestamp="2022-08-01T00:07:27Z" user="wmss" uid="16696805" lat="19.6541615" lon="-156.0009294"/>
 <node id="9923452143" visible="true" version="1" changeset="124321424" timestamp="2022-08-01T00:07:27Z" user="wmss" uid="16696805" lat="19.6543531" lon="-156.0006550"/>
 <node id="9923452144" visible="true" version="1" changeset="124321424" timestamp="2022-08-01T00:07:27Z" user="wmss" uid="16696805" lat="19.6537849" lon="-156.0002321"/>
 <node id="9923452145" visible="true" version="1" changeset="124321424" timestamp="2022-08-01T00:07:27Z" user="wmss" uid="16696805" lat="19.6535837" lon="-156.0005037"/>
 <node id="9923452146" visible="true" version="1" changeset="124321424" timestamp="2022-08-01T00:07:27Z" user="wmss" uid="16696805" lat="19.6542437" lon="-156.0008117"/>
 <node id="9923452147" visible="true" version="1" changeset="124321424" timestamp="2022-08-01T00:07:27Z" user="wmss" uid="16696805" lat="19.6536821" lon="-156.0003709"/>
 <node id="9923452148" visible="true" version="1" changeset="124321424" timestamp="2022-08-01T00:07:27Z" user="wmss" uid="16696805" lat="19.6547003" lon="-156.0018202"/>
 <node id="9923452149" visible="true" version="1" changeset="124321424" timestamp="2022-08-01T00:07:27Z" user="wmss" uid="16696805" lat="19.6543280" lon="-156.0014807"/>
 <node id="9923452150" visible="true" version="1" changeset="124321424" timestamp="2022-08-01T00:07:27Z" user="wmss" uid="16696805" lat="19.6542375" lon="-156.0014174"/>
 <node id="9923452151" visible="true" version="1" changeset="124321424" timestamp="2022-08-01T00:07:27Z" user="wmss" uid="16696805" lat="19.6541322" lon="-156.0013675"/>
 <node id="9923452152" visible="true" version="1" changeset="124321424" timestamp="2022-08-01T00:07:27Z" user="wmss" uid="16696805" lat="19.6540397" lon="-156.0013356"/>
 <node id="9923452153" visible="true" version="1" changeset="124321424" timestamp="2022-08-01T00:07:27Z" user="wmss" uid="16696805" lat="19.6539764" lon="-156.0013011"/>
 <node id="9923452154" visible="true" version="1" changeset="124321424" timestamp="2022-08-01T00:07:27Z" user="wmss" uid="16696805" lat="19.6539081" lon="-156.0012498"/>
 <node id="9923452155" visible="true" version="1" changeset="124321424" timestamp="2022-08-01T00:07:27Z" user="wmss" uid="16696805" lat="19.6536514" lon="-156.0009906"/>
 <node id="9923452156" visible="true" version="1" changeset="124321424" timestamp="2022-08-01T00:07:27Z" user="wmss" uid="16696805" lat="19.6543843" lon="-156.0024112"/>
 <node id="9923452157" visible="true" version="1" changeset="124321424" timestamp="2022-08-01T00:07:27Z" user="wmss" uid="16696805" lat="19.6539444" lon="-156.0020418"/>
 <node id="9923452158" visible="true" version="1" changeset="124321424" timestamp="2022-08-01T00:07:27Z" user="wmss" uid="16696805" lat="19.6542766" lon="-156.0016120"/>
 <node id="9923452159" visible="true" version="1" changeset="124321424" timestamp="2022-08-01T00:07:27Z" user="wmss" uid="16696805" lat="19.6544118" lon="-156.0010530"/>
 <node id="9923452160" visible="true" version="1" changeset="124321424" timestamp="2022-08-01T00:07:27Z" user="wmss" uid="16696805" lat="19.6546234" lon="-156.0007690"/>
 <node id="9923452161" visible="true" version="1" changeset="124321424" timestamp="2022-08-01T00:07:27Z" user="wmss" uid="16696805" lat="19.6551967" lon="-156.0012751"/>
 <node id="9923452162" visible="true" version="1" changeset="124321424" timestamp="2022-08-01T00:07:27Z" user="wmss" uid="16696805" lat="19.6544676" lon="-156.0006431"/>
 <node id="9923452163" visible="true" version="1" changeset="124321424" timestamp="2022-08-01T00:07:27Z" user="wmss" uid="16696805" lat="19.6542611" lon="-156.0009416"/>
 <node id="9923452164" visible="true" version="1" changeset="124321424" timestamp="2022-08-01T00:07:27Z" user="wmss" uid="16696805" lat="19.6535564" lon="-156.0003918"/>
 <node id="9923452165" visible="true" version="1" changeset="124321424" timestamp="2022-08-01T00:07:27Z" user="wmss" uid="16696805" lat="19.6537630" lon="-156.0000932"/>
 <node id="9923452166" visible="true" version="1" changeset="124321424" timestamp="2022-08-01T00:07:27Z" user="wmss" uid="16696805" lat="19.6550512" lon="-156.0013321"/>
 <node id="9923452167" visible="true" version="1" changeset="124321424" timestamp="2022-08-01T00:07:27Z" user="wmss" uid="16696805" lat="19.6537119" lon="-156.0021548">
  <tag k="crossing" v="uncontrolled"/>
  <tag k="highway" v="crossing"/>
 </node>
 <node id="9923452168" visible="true" version="2" changeset="124321498" timestamp="2022-08-01T00:16:15Z" user="wmss" uid="16696805" lat="19.6532020" lon="-156.0017150">
  <tag k="bus" v="yes"/>
  <tag k="highway" v="bus_stop"/>
  <tag k="name" v="Kamakaeha Avenue"/>
  <tag k="operator" v="Hele-On"/>
  <tag k="public_transport" v="platform"/>
  <tag k="ref" v="604"/>
 </node>
 <node id="10017072050" visible="true" version="1" changeset="126067579" timestamp="2022-09-11T23:54:37Z" user="Tom_Holland" uid="574654" lat="19.6508560" lon="-156.0034508"/>
 <node id="10017072051" visible="true" version="1" changeset="126067579" timestamp="2022-09-11T23:54:37Z" user="Tom_Holland" uid="574654" lat="19.6509715" lon="-156.0033435"/>
 <node id="10017072052" visible="true" version="1" changeset="126067579" timestamp="2022-09-11T23:54:37Z" user="Tom_Holland" uid="574654" lat="19.6508899" lon="-156.0034943"/>
 <node id="10050188435" visible="true" version="1" changeset="126601686" timestamp="2022-09-25T03:36:37Z" user="user_8466505" uid="8466505" lat="19.6510058" lon="-156.0037928">
  <tag k="addr:housenumber" v="74-5444"/>
  <tag k="addr:street" v="Makala Boulevard"/>
  <tag k="addr:unit" v="4"/>
  <tag k="beauty" v="nails"/>
  <tag k="check_date" v="2022-09-24"/>
  <tag k="name" v="Majestic Nail &amp; Hair"/>
  <tag k="opening_hours" v="09:00-19:00"/>
  <tag k="phone" v="+1 808-990-9575"/>
  <tag k="shop" v="beauty"/>
 </node>
 <node id="10050188436" visible="true" version="1" changeset="126601686" timestamp="2022-09-25T03:36:37Z" user="user_8466505" uid="8466505" lat="19.6510408" lon="-156.0037468">
  <tag k="check_date" v="2022-09-24"/>
  <tag k="name" v="Aloha Grown"/>
  <tag k="shop" v="clothes"/>
 </node>
 <node id="11384813218" visible="true" version="2" changeset="158834732" timestamp="2024-11-06T21:50:00Z" user="BubbaJuice" uid="9941767" lat="19.6497212" lon="-156.0039055"/>
 <node id="11384813220" visible="true" version="2" changeset="158834732" timestamp="2024-11-06T21:50:00Z" user="BubbaJuice" uid="9941767" lat="19.6497938" lon="-156.0038390"/>
 <node id="11384813221" visible="true" version="2" changeset="158834732" timestamp="2024-11-06T21:50:00Z" user="BubbaJuice" uid="9941767" lat="19.6498806" lon="-156.0037514"/>
 <node id="11384813222" visible="true" version="2" changeset="158834732" timestamp="2024-11-06T21:50:00Z" user="BubbaJuice" uid="9941767" lat="19.6500181" lon="-156.0036288"/>
 <node id="11384813223" visible="true" version="1" changeset="144608132" timestamp="2023-11-30T00:40:00Z" user="JTeerow" uid="18560218" lat="19.6501140" lon="-156.0035338"/>
 <node id="11384813224" visible="true" version="1" changeset="144608132" timestamp="2023-11-30T00:40:00Z" user="JTeerow" uid="18560218" lat="19.6502229" lon="-156.0034311"/>
 <node id="11384813225" visible="true" version="1" changeset="144608132" timestamp="2023-11-30T00:40:00Z" user="JTeerow" uid="18560218" lat="19.6502977" lon="-156.0033669"/>
 <node id="11384813226" visible="true" version="1" changeset="144608132" timestamp="2023-11-30T00:40:00Z" user="JTeerow" uid="18560218" lat="19.6504087" lon="-156.0032665"/>
 <node id="11384813227" visible="true" version="1" changeset="144608132" timestamp="2023-11-30T00:40:00Z" user="JTeerow" uid="18560218" lat="19.6505472" lon="-156.0031451"/>
 <node id="11384813228" visible="true" version="1" changeset="144608132" timestamp="2023-11-30T00:40:00Z" user="JTeerow" uid="18560218" lat="19.6506605" lon="-156.0030447"/>
 <node id="11384813229" visible="true" version="1" changeset="144608132" timestamp="2023-11-30T00:40:00Z" user="JTeerow" uid="18560218" lat="19.6507408" lon="-156.0029606"/>
 <node id="11384813230" visible="true" version="1" changeset="144608132" timestamp="2023-11-30T00:40:00Z" user="JTeerow" uid="18560218" lat="19.6507902" lon="-156.0029151"/>
 <node id="11384813231" visible="true" version="1" changeset="144608132" timestamp="2023-11-30T00:40:00Z" user="JTeerow" uid="18560218" lat="19.6508375" lon="-156.0028824"/>
 <node id="11384813232" visible="true" version="1" changeset="144608132" timestamp="2023-11-30T00:40:00Z" user="JTeerow" uid="18560218" lat="19.6508991" lon="-156.0028602"/>
 <node id="11384813233" visible="true" version="1" changeset="144608132" timestamp="2023-11-30T00:40:00Z" user="JTeerow" uid="18560218" lat="19.6509530" lon="-156.0028614"/>
 <node id="11384813234" visible="true" version="1" changeset="144608132" timestamp="2023-11-30T00:40:00Z" user="JTeerow" uid="18560218" lat="19.6509706" lon="-156.0027691"/>
 <node id="11384813235" visible="true" version="1" changeset="144608132" timestamp="2023-11-30T00:40:00Z" user="JTeerow" uid="18560218" lat="19.6509706" lon="-156.0027481"/>
 <node id="11384813236" visible="true" version="1" changeset="144608132" timestamp="2023-11-30T00:40:00Z" user="JTeerow" uid="18560218" lat="19.6508397" lon="-156.0025637"/>
 <node id="11384813237" visible="true" version="1" changeset="144608132" timestamp="2023-11-30T00:40:00Z" user="JTeerow" uid="18560218" lat="19.6508056" lon="-156.0025240"/>
 <node id="11384813238" visible="true" version="1" changeset="144608132" timestamp="2023-11-30T00:40:00Z" user="JTeerow" uid="18560218" lat="19.6513455" lon="-156.0024551"/>
 <node id="11384813239" visible="true" version="1" changeset="144608132" timestamp="2023-11-30T00:40:00Z" user="JTeerow" uid="18560218" lat="19.6512476" lon="-156.0024597"/>
 <node id="11384813240" visible="true" version="1" changeset="144608132" timestamp="2023-11-30T00:40:00Z" user="JTeerow" uid="18560218" lat="19.6511740" lon="-156.0023769"/>
 <node id="11384813241" visible="true" version="1" changeset="144608132" timestamp="2023-11-30T00:40:00Z" user="JTeerow" uid="18560218" lat="19.6510596" lon="-156.0022286"/>
 <node id="11384813242" visible="true" version="1" changeset="144608132" timestamp="2023-11-30T00:40:00Z" user="JTeerow" uid="18560218" lat="19.6510728" lon="-156.0021200"/>
 <node id="11384813243" visible="true" version="1" changeset="144608132" timestamp="2023-11-30T00:40:00Z" user="JTeerow" uid="18560218" lat="19.6510062" lon="-156.0022907">
  <tag k="crossing" v="uncontrolled"/>
  <tag k="highway" v="crossing"/>
 </node>
 <node id="11384813244" visible="true" version="1" changeset="144608132" timestamp="2023-11-30T00:40:00Z" user="JTeerow" uid="18560218" lat="19.6508605" lon="-156.0024602">
  <tag k="crossing" v="uncontrolled"/>
  <tag k="highway" v="crossing"/>
 </node>
 <node id="11889897079" visible="true" version="1" changeset="151077482" timestamp="2024-05-08T22:23:51Z" user="dpaschich" uid="621202" lat="19.6513195" lon="-156.0024563"/>
 <node id="11889897080" visible="true" version="1" changeset="151077482" timestamp="2024-05-08T22:23:51Z" user="dpaschich" uid="621202" lat="19.6511417" lon="-156.0023350"/>
 <node id="11889897081" visible="true" version="1" changeset="151077482" timestamp="2024-05-08T22:23:51Z" user="dpaschich" uid="621202" lat="19.6512277" lon="-156.0024374"/>
 <node id="12016324948" visible="true" version="1" changeset="153275569" timestamp="2024-06-28T05:52:37Z" user="willkmis" uid="11523236" lat="19.6453150" lon="-155.9940030"/>
 <node id="12016324956" visible="true" version="1" changeset="153275569" timestamp="2024-06-28T05:52:37Z" user="willkmis" uid="11523236" lat="19.6437132" lon="-155.9948843"/>
 <node id="12016324964" visible="true" version="1" changeset="153275569" timestamp="2024-06-28T05:52:37Z" user="willkmis" uid="11523236" lat="19.6437139" lon="-155.9924160"/>
 <node id="12308960384" visible="true" version="1" changeset="158686317" timestamp="2024-11-03T06:35:34Z" user="BubbaJuice" uid="9941767" lat="19.6360455" lon="-155.9915661"/>
 <node id="12308960491" visible="true" version="1" changeset="158686317" timestamp="2024-11-03T06:35:34Z" user="BubbaJuice" uid="9941767" lat="19.6434877" lon="-155.9961575"/>
 <node id="12308960502" visible="true" version="1" changeset="158686317" timestamp="2024-11-03T06:35:34Z" user="BubbaJuice" uid="9941767" lat="19.6476100" lon="-156.0051216"/>
 <node id="12308960503" visible="true" version="1" changeset="158686317" timestamp="2024-11-03T06:35:34Z" user="BubbaJuice" uid="9941767" lat="19.6486602" lon="-156.0047141"/>
 <node id="12308960504" visible="true" version="1" changeset="158686317" timestamp="2024-11-03T06:35:34Z" user="BubbaJuice" uid="9941767" lat="19.6489602" lon="-156.0045464"/>
 <node id="12308960505" visible="true" version="1" changeset="158686317" timestamp="2024-11-03T06:35:34Z" user="BubbaJuice" uid="9941767" lat="19.6492283" lon="-156.0043513"/>
 <node id="12308960506" visible="true" version="1" changeset="158686317" timestamp="2024-11-03T06:35:34Z" user="BubbaJuice" uid="9941767" lat="19.6497275" lon="-156.0039054"/>
 <node id="12308960507" visible="true" version="1" changeset="158686317" timestamp="2024-11-03T06:35:34Z" user="BubbaJuice" uid="9941767" lat="19.6508863" lon="-156.0028844"/>
 <node id="12308963226" visible="true" version="1" changeset="158686317" timestamp="2024-11-03T06:35:36Z" user="BubbaJuice" uid="9941767" lat="19.6500111" lon="-155.9884357"/>
 <node id="12308963227" visible="true" version="1" changeset="158686317" timestamp="2024-11-03T06:35:36Z" user="BubbaJuice" uid="9941767" lat="19.6499899" lon="-155.9883908"/>
 <node id="12308963228" visible="true" version="1" changeset="158686317" timestamp="2024-11-03T06:35:36Z" user="BubbaJuice" uid="9941767" lat="19.6499926" lon="-155.9883407"/>
 <node id="12308963229" visible="true" version="1" changeset="158686317" timestamp="2024-11-03T06:35:36Z" user="BubbaJuice" uid="9941767" lat="19.6500186" lon="-155.9882987"/>
 <node id="12308963230" visible="true" version="1" changeset="158686317" timestamp="2024-11-03T06:35:36Z" user="BubbaJuice" uid="9941767" lat="19.6500609" lon="-155.9882762"/>
 <node id="12308963231" visible="true" version="1" changeset="158686317" timestamp="2024-11-03T06:35:36Z" user="BubbaJuice" uid="9941767" lat="19.6501081" lon="-155.9882791"/>
 <node id="12308963232" visible="true" version="1" changeset="158686317" timestamp="2024-11-03T06:35:36Z" user="BubbaJuice" uid="9941767" lat="19.6501476" lon="-155.9883067"/>
 <node id="12308963233" visible="true" version="1" changeset="158686317" timestamp="2024-11-03T06:35:36Z" user="BubbaJuice" uid="9941767" lat="19.6501688" lon="-155.9883516"/>
 <node id="12308963234" visible="true" version="1" changeset="158686317" timestamp="2024-11-03T06:35:36Z" user="BubbaJuice" uid="9941767" lat="19.6501660" lon="-155.9884017"/>
 <node id="12308963235" visible="true" version="1" changeset="158686317" timestamp="2024-11-03T06:35:36Z" user="BubbaJuice" uid="9941767" lat="19.6501400" lon="-155.9884437"/>
 <node id="12308963236" visible="true" version="1" changeset="158686317" timestamp="2024-11-03T06:35:36Z" user="BubbaJuice" uid="9941767" lat="19.6500978" lon="-155.9884662"/>
 <node id="12308963237" visible="true" version="1" changeset="158686317" timestamp="2024-11-03T06:35:36Z" user="BubbaJuice" uid="9941767" lat="19.6500506" lon="-155.9884633"/>
 <node id="12319524361" visible="true" version="1" changeset="158834732" timestamp="2024-11-06T21:49:54Z" user="BubbaJuice" uid="9941767" lat="19.6385217" lon="-155.9939423"/>
 <node id="12319524362" visible="true" version="1" changeset="158834732" timestamp="2024-11-06T21:49:54Z" user="BubbaJuice" uid="9941767" lat="19.6389486" lon="-155.9943406"/>
 <node id="12319524369" visible="true" version="1" changeset="158834732" timestamp="2024-11-06T21:49:54Z" user="BubbaJuice" uid="9941767" lat="19.6495683" lon="-155.9942682"/>
 <node id="12319524370" visible="true" version="1" changeset="158834732" timestamp="2024-11-06T21:49:54Z" user="BubbaJuice" uid="9941767" lat="19.6501114" lon="-155.9909758"/>
 <node id="12319524371" visible="true" version="1" changeset="158834732" timestamp="2024-11-06T21:49:54Z" user="BubbaJuice" uid="9941767" lat="19.6500748" lon="-155.9910402"/>
 <node id="12319524372" visible="true" version="1" changeset="158834732" timestamp="2024-11-06T21:49:54Z" user="BubbaJuice" uid="9941767" lat="19.6501076" lon="-155.9911676"/>
 <node id="12319524373" visible="true" version="1" changeset="158834732" timestamp="2024-11-06T21:49:54Z" user="BubbaJuice" uid="9941767" lat="19.6500824" lon="-155.9911166"/>
 <node id="12319524374" visible="true" version="1" changeset="158834732" timestamp="2024-11-06T21:49:54Z" user="BubbaJuice" uid="9941767" lat="19.6501190" lon="-155.9912065"/>
 <node id="12319524375" visible="true" version="1" changeset="158834732" timestamp="2024-11-06T21:49:54Z" user="BubbaJuice" uid="9941767" lat="19.6501013" lon="-155.9912641"/>
 <node id="12319524376" visible="true" version="1" changeset="158834732" timestamp="2024-11-06T21:49:54Z" user="BubbaJuice" uid="9941767" lat="19.6499851" lon="-155.9913929"/>
 <node id="12319524377" visible="true" version="1" changeset="158834732" timestamp="2024-11-06T21:49:54Z" user="BubbaJuice" uid="9941767" lat="19.6499308" lon="-155.9914760"/>
 <node id="12319524378" visible="true" version="1" changeset="158834732" timestamp="2024-11-06T21:49:54Z" user="BubbaJuice" uid="9941767" lat="19.6498980" lon="-155.9915659"/>
 <node id="12319524379" visible="true" version="1" changeset="158834732" timestamp="2024-11-06T21:49:54Z" user="BubbaJuice" uid="9941767" lat="19.6498790" lon="-155.9916732"/>
 <node id="12319524380" visible="true" version="1" changeset="158834732" timestamp="2024-11-06T21:49:54Z" user="BubbaJuice" uid="9941767" lat="19.6498197" lon="-155.9917362"/>
 <node id="12319524381" visible="true" version="1" changeset="158834732" timestamp="2024-11-06T21:49:54Z" user="BubbaJuice" uid="9941767" lat="19.6498045" lon="-155.9917885"/>
 <node id="12319524382" visible="true" version="1" changeset="158834732" timestamp="2024-11-06T21:49:54Z" user="BubbaJuice" uid="9941767" lat="19.6497704" lon="-155.9918395"/>
 <node id="12319524383" visible="true" version="1" changeset="158834732" timestamp="2024-11-06T21:49:54Z" user="BubbaJuice" uid="9941767" lat="19.6497262" lon="-155.9918985"/>
 <node id="12319524384" visible="true" version="1" changeset="158834732" timestamp="2024-11-06T21:49:54Z" user="BubbaJuice" uid="9941767" lat="19.6497287" lon="-155.9919575"/>
 <node id="12319524385" visible="true" version="1" changeset="158834732" timestamp="2024-11-06T21:49:54Z" user="BubbaJuice" uid="9941767" lat="19.6497603" lon="-155.9920178"/>
 <node id="12319524386" visible="true" version="1" changeset="158834732" timestamp="2024-11-06T21:49:54Z" user="BubbaJuice" uid="9941767" lat="19.6497830" lon="-155.9921265"/>
 <node id="12319524387" visible="true" version="1" changeset="158834732" timestamp="2024-11-06T21:49:54Z" user="BubbaJuice" uid="9941767" lat="19.6497704" lon="-155.9922123"/>
 <node id="12319524388" visible="true" version="1" changeset="158834732" timestamp="2024-11-06T21:49:54Z" user="BubbaJuice" uid="9941767" lat="19.6497856" lon="-155.9922901"/>
 <node id="12319524389" visible="true" version="1" changeset="158834732" timestamp="2024-11-06T21:49:54Z" user="BubbaJuice" uid="9941767" lat="19.6498512" lon="-155.9923799"/>
 <node id="12319524390" visible="true" version="1" changeset="158834732" timestamp="2024-11-06T21:49:54Z" user="BubbaJuice" uid="9941767" lat="19.6498790" lon="-155.9924322"/>
 <node id="12319524391" visible="true" version="1" changeset="158834732" timestamp="2024-11-06T21:49:54Z" user="BubbaJuice" uid="9941767" lat="19.6498790" lon="-155.9925382"/>
 <node id="12319524392" visible="true" version="1" changeset="158834732" timestamp="2024-11-06T21:49:54Z" user="BubbaJuice" uid="9941767" lat="19.6499030" lon="-155.9927702"/>
 <node id="12319524393" visible="true" version="1" changeset="158834732" timestamp="2024-11-06T21:49:54Z" user="BubbaJuice" uid="9941767" lat="19.6499043" lon="-155.9928587"/>
 <node id="12319524394" visible="true" version="1" changeset="158834732" timestamp="2024-11-06T21:49:54Z" user="BubbaJuice" uid="9941767" lat="19.6498917" lon="-155.9929298"/>
 <node id="12319524395" visible="true" version="1" changeset="158834732" timestamp="2024-11-06T21:49:54Z" user="BubbaJuice" uid="9941767" lat="19.6499081" lon="-155.9930103"/>
 <node id="12319524396" visible="true" version="1" changeset="158834732" timestamp="2024-11-06T21:49:54Z" user="BubbaJuice" uid="9941767" lat="19.6499018" lon="-155.9930719"/>
 <node id="12319524397" visible="true" version="1" changeset="158834732" timestamp="2024-11-06T21:49:54Z" user="BubbaJuice" uid="9941767" lat="19.6498272" lon="-155.9932087"/>
 <node id="12319524398" visible="true" version="1" changeset="158834732" timestamp="2024-11-06T21:49:54Z" user="BubbaJuice" uid="9941767" lat="19.6498070" lon="-155.9932718"/>
 <node id="12319524399" visible="true" version="1" changeset="158834732" timestamp="2024-11-06T21:49:54Z" user="BubbaJuice" uid="9941767" lat="19.6498007" lon="-155.9933710"/>
 <node id="12319524400" visible="true" version="1" changeset="158834732" timestamp="2024-11-06T21:49:54Z" user="BubbaJuice" uid="9941767" lat="19.6498171" lon="-155.9934381"/>
 <node id="12319524401" visible="true" version="1" changeset="158834732" timestamp="2024-11-06T21:49:54Z" user="BubbaJuice" uid="9941767" lat="19.6498096" lon="-155.9934904"/>
 <node id="12319524402" visible="true" version="1" changeset="158834732" timestamp="2024-11-06T21:49:54Z" user="BubbaJuice" uid="9941767" lat="19.6497843" lon="-155.9935360"/>
 <node id="12319524403" visible="true" version="1" changeset="158834732" timestamp="2024-11-06T21:49:54Z" user="BubbaJuice" uid="9941767" lat="19.6497805" lon="-155.9935789"/>
 <node id="12319524404" visible="true" version="1" changeset="158834732" timestamp="2024-11-06T21:49:54Z" user="BubbaJuice" uid="9941767" lat="19.6497553" lon="-155.9936419"/>
 <node id="12319524405" visible="true" version="1" changeset="158834732" timestamp="2024-11-06T21:49:54Z" user="BubbaJuice" uid="9941767" lat="19.6497212" lon="-155.9936808"/>
 <node id="12319524406" visible="true" version="1" changeset="158834732" timestamp="2024-11-06T21:49:54Z" user="BubbaJuice" uid="9941767" lat="19.6496934" lon="-155.9936996"/>
 <node id="12319524407" visible="true" version="1" changeset="158834732" timestamp="2024-11-06T21:49:54Z" user="BubbaJuice" uid="9941767" lat="19.6496795" lon="-155.9937237"/>
 <node id="12319524408" visible="true" version="1" changeset="158834732" timestamp="2024-11-06T21:49:54Z" user="BubbaJuice" uid="9941767" lat="19.6496706" lon="-155.9938055"/>
 <node id="12319524409" visible="true" version="1" changeset="158834732" timestamp="2024-11-06T21:49:54Z" user="BubbaJuice" uid="9941767" lat="19.6496517" lon="-155.9938632"/>
 <node id="12319524410" visible="true" version="1" changeset="158834732" timestamp="2024-11-06T21:49:54Z" user="BubbaJuice" uid="9941767" lat="19.6495797" lon="-155.9939463"/>
 <node id="12319524411" visible="true" version="1" changeset="158834732" timestamp="2024-11-06T21:49:54Z" user="BubbaJuice" uid="9941767" lat="19.6495696" lon="-155.9940054"/>
 <node id="12319524412" visible="true" version="1" changeset="158834732" timestamp="2024-11-06T21:49:54Z" user="BubbaJuice" uid="9941767" lat="19.6495949" lon="-155.9940711"/>
 <node id="12319524413" visible="true" version="1" changeset="158834732" timestamp="2024-11-06T21:49:54Z" user="BubbaJuice" uid="9941767" lat="19.6495772" lon="-155.9942065"/>
 <node id="12319524414" visible="true" version="1" changeset="158834732" timestamp="2024-11-06T21:49:54Z" user="BubbaJuice" uid="9941767" lat="19.6492993" lon="-155.9944156"/>
 <node id="12319524420" visible="true" version="1" changeset="158834732" timestamp="2024-11-06T21:49:54Z" user="BubbaJuice" uid="9941767" lat="19.6495254" lon="-155.9942622"/>
 <node id="12319524421" visible="true" version="1" changeset="158834732" timestamp="2024-11-06T21:49:54Z" user="BubbaJuice" uid="9941767" lat="19.6491730" lon="-155.9940737"/>
 <node id="12319524422" visible="true" version="1" changeset="158834732" timestamp="2024-11-06T21:49:54Z" user="BubbaJuice" uid="9941767" lat="19.6492230" lon="-155.9944150"/>
 <node id="12319524423" visible="true" version="1" changeset="158834732" timestamp="2024-11-06T21:49:54Z" user="BubbaJuice" uid="9941767" lat="19.6495027" lon="-155.9944171"/>
 <node id="12319524424" visible="true" version="1" changeset="158834732" timestamp="2024-11-06T21:49:54Z" user="BubbaJuice" uid="9941767" lat="19.6495608" lon="-155.9943889"/>
 <node id="12319524425" visible="true" version="1" changeset="158834732" timestamp="2024-11-06T21:49:54Z" user="BubbaJuice" uid="9941767" lat="19.6495961" lon="-155.9943433"/>
 <node id="12319524426" visible="true" version="1" changeset="158834732" timestamp="2024-11-06T21:49:54Z" user="BubbaJuice" uid="9941767" lat="19.6496530" lon="-155.9941314"/>
 <node id="12319524427" visible="true" version="1" changeset="158834732" timestamp="2024-11-06T21:49:54Z" user="BubbaJuice" uid="9941767" lat="19.6496845" lon="-155.9940805"/>
 <node id="12319524428" visible="true" version="1" changeset="158834732" timestamp="2024-11-06T21:49:54Z" user="BubbaJuice" uid="9941767" lat="19.6497313" lon="-155.9940644"/>
 <node id="12319524429" visible="true" version="1" changeset="158834732" timestamp="2024-11-06T21:49:54Z" user="BubbaJuice" uid="9941767" lat="19.6499687" lon="-155.9940577"/>
 <node id="12319524430" visible="true" version="1" changeset="158834732" timestamp="2024-11-06T21:49:54Z" user="BubbaJuice" uid="9941767" lat="19.6500116" lon="-155.9940577"/>
 <node id="12319524431" visible="true" version="1" changeset="158834732" timestamp="2024-11-06T21:49:54Z" user="BubbaJuice" uid="9941767" lat="19.6500571" lon="-155.9940121"/>
 <node id="12319524432" visible="true" version="1" changeset="158834732" timestamp="2024-11-06T21:49:54Z" user="BubbaJuice" uid="9941767" lat="19.6506810" lon="-155.9917054"/>
 <node id="12319524433" visible="true" version="1" changeset="158834732" timestamp="2024-11-06T21:49:54Z" user="BubbaJuice" uid="9941767" lat="19.6509513" lon="-155.9907022"/>
 <node id="12319524434" visible="true" version="1" changeset="158834732" timestamp="2024-11-06T21:49:54Z" user="BubbaJuice" uid="9941767" lat="19.6510069" lon="-155.9906003"/>
 <node id="12319524435" visible="true" version="1" changeset="158834732" timestamp="2024-11-06T21:49:54Z" user="BubbaJuice" uid="9941767" lat="19.6510877" lon="-155.9905520"/>
 <node id="12319524436" visible="true" version="1" changeset="158834732" timestamp="2024-11-06T21:49:54Z" user="BubbaJuice" uid="9941767" lat="19.6511585" lon="-155.9905010"/>
 <node id="12319524437" visible="true" version="1" changeset="158834732" timestamp="2024-11-06T21:49:54Z" user="BubbaJuice" uid="9941767" lat="19.6511736" lon="-155.9904179"/>
 <node id="12319524438" visible="true" version="1" changeset="158834732" timestamp="2024-11-06T21:49:54Z" user="BubbaJuice" uid="9941767" lat="19.6511357" lon="-155.9902865"/>
 <node id="12319524485" visible="true" version="1" changeset="158834732" timestamp="2024-11-06T21:49:54Z" user="BubbaJuice" uid="9941767" lat="19.6497915" lon="-156.0044022"/>
 <node id="12319525031" visible="true" version="1" changeset="158834732" timestamp="2024-11-06T21:49:54Z" user="BubbaJuice" uid="9941767" lat="19.6384775" lon="-155.9978288"/>
 <node id="12319526209" visible="true" version="1" changeset="158834732" timestamp="2024-11-06T21:49:54Z" user="BubbaJuice" uid="9941767" lat="19.6435022" lon="-156.0030296"/>
 <node id="12319526210" visible="true" version="1" changeset="158834732" timestamp="2024-11-06T21:49:54Z" user="BubbaJuice" uid="9941767" lat="19.6421073" lon="-156.0017996"/>
 <node id="13200601534" visible="true" version="1" changeset="172955012" timestamp="2025-10-07T11:36:15Z" user="alokchauhan_Lyft" uid="21943149" lat="19.6715680" lon="-155.9796698"/>
 <node id="13859976446" visible="true" version="1" changeset="183009646" timestamp="2026-05-22T08:14:53Z" user="dia-jules" uid="10209572" lat="19.6625727" lon="-156.0091985"/>
 <node id="13859976447" visible="true" version="1" changeset="183009646" timestamp="2026-05-22T08:14:53Z" user="dia-jules" uid="10209572" lat="19.6626355" lon="-156.0087503"/>
 <node id="13859976448" visible="true" version="1" changeset="183009646" timestamp="2026-05-22T08:14:53Z" user="dia-jules" uid="10209572" lat="19.6612974" lon="-156.0080255"/>
 <node id="13859976449" visible="true" version="1" changeset="183009646" timestamp="2026-05-22T08:14:53Z" user="dia-jules" uid="10209572" lat="19.6617016" lon="-156.0065473"/>
 <node id="13859976450" visible="true" version="1" changeset="183009646" timestamp="2026-05-22T08:14:53Z" user="dia-jules" uid="10209572" lat="19.6615489" lon="-156.0063947"/>
 <node id="13859976451" visible="true" version="1" changeset="183009646" timestamp="2026-05-22T08:14:53Z" user="dia-jules" uid="10209572" lat="19.6617285" lon="-156.0056127"/>
 <node id="13859976452" visible="true" version="1" changeset="183009646" timestamp="2026-05-22T08:14:53Z" user="dia-jules" uid="10209572" lat="19.6614501" lon="-156.0052312"/>
 <node id="13859976453" visible="true" version="1" changeset="183009646" timestamp="2026-05-22T08:14:53Z" user="dia-jules" uid="10209572" lat="19.6618542" lon="-156.0044302"/>
 <node id="13859976454" visible="true" version="1" changeset="183009646" timestamp="2026-05-22T08:14:53Z" user="dia-jules" uid="10209572" lat="19.6621237" lon="-156.0043062"/>
 <node id="13859976455" visible="true" version="1" changeset="183009646" timestamp="2026-05-22T08:14:53Z" user="dia-jules" uid="10209572" lat="19.6623392" lon="-156.0035814"/>
 <node id="13859976456" visible="true" version="1" changeset="183009646" timestamp="2026-05-22T08:14:53Z" user="dia-jules" uid="10209572" lat="19.6622404" lon="-156.0030283"/>
 <node id="13859976457" visible="true" version="1" changeset="183009646" timestamp="2026-05-22T08:14:53Z" user="dia-jules" uid="10209572" lat="19.6625188" lon="-156.0013593"/>
 <node id="13859976458" visible="true" version="1" changeset="183009646" timestamp="2026-05-22T08:14:53Z" user="dia-jules" uid="10209572" lat="19.6630756" lon="-156.0010255"/>
 <node id="13859976459" visible="true" version="1" changeset="183009646" timestamp="2026-05-22T08:14:53Z" user="dia-jules" uid="10209572" lat="19.6646211" lon="-156.0014454"/>
 <node id="13859976460" visible="true" version="1" changeset="183009646" timestamp="2026-05-22T08:14:53Z" user="dia-jules" uid="10209572" lat="19.6644720" lon="-156.0037834"/>
 <node id="13859976461" visible="true" version="1" changeset="183009646" timestamp="2026-05-22T08:14:53Z" user="dia-jules" uid="10209572" lat="19.6644018" lon="-156.0042584"/>
 <node id="13859976462" visible="true" version="1" changeset="183009646" timestamp="2026-05-22T08:14:53Z" user="dia-jules" uid="10209572" lat="19.6650246" lon="-156.0046776"/>
 <node id="13859976463" visible="true" version="1" changeset="183009646" timestamp="2026-05-22T08:14:53Z" user="dia-jules" uid="10209572" lat="19.6654895" lon="-156.0050688"/>
 <node id="13859976464" visible="true" version="1" changeset="183009646" timestamp="2026-05-22T08:14:53Z" user="dia-jules" uid="10209572" lat="19.6655859" lon="-156.0057488"/>
 <node id="13859976465" visible="true" version="1" changeset="183009646" timestamp="2026-05-22T08:14:53Z" user="dia-jules" uid="10209572" lat="19.6647614" lon="-156.0061307"/>
 <node id="13859976466" visible="true" version="1" changeset="183009646" timestamp="2026-05-22T08:14:53Z" user="dia-jules" uid="10209572" lat="19.6644457" lon="-156.0075837"/>
 <node id="13859976467" visible="true" version="1" changeset="183009646" timestamp="2026-05-22T08:14:53Z" user="dia-jules" uid="10209572" lat="19.6637264" lon="-156.0075558"/>
 <node id="13859976468" visible="true" version="1" changeset="183009646" timestamp="2026-05-22T08:14:53Z" user="dia-jules" uid="10209572" lat="19.6631212" lon="-156.0077421"/>
 <node id="13859976469" visible="true" version="1" changeset="183009646" timestamp="2026-05-22T08:14:53Z" user="dia-jules" uid="10209572" lat="19.6634019" lon="-156.0088785"/>
 <node id="13859976470" visible="true" version="1" changeset="183009646" timestamp="2026-05-22T08:14:53Z" user="dia-jules" uid="10209572" lat="19.6630686" lon="-156.0095678"/>
 <node id="13859976471" visible="true" version="1" changeset="183009646" timestamp="2026-05-22T08:14:53Z" user="dia-jules" uid="10209572" lat="19.6652789" lon="-156.0110954"/>
 <node id="13859976472" visible="true" version="1" changeset="183009646" timestamp="2026-05-22T08:14:53Z" user="dia-jules" uid="10209572" lat="19.6709890" lon="-156.0148584"/>
 <node id="13859976473" visible="true" version="1" changeset="183009646" timestamp="2026-05-22T08:14:53Z" user="dia-jules" uid="10209572" lat="19.6713837" lon="-156.0148584"/>
 <node id="13859976474" visible="true" version="1" changeset="183009646" timestamp="2026-05-22T08:14:53Z" user="dia-jules" uid="10209572" lat="19.6716293" lon="-156.0142530"/>
 <node id="13859976475" visible="true" version="1" changeset="183009646" timestamp="2026-05-22T08:14:53Z" user="dia-jules" uid="10209572" lat="19.6713924" lon="-156.0134985"/>
 <node id="13859976476" visible="true" version="1" changeset="183009646" timestamp="2026-05-22T08:14:53Z" user="dia-jules" uid="10209572" lat="19.6711556" lon="-156.0125019"/>
 <node id="13859976477" visible="true" version="1" changeset="183009646" timestamp="2026-05-22T08:14:53Z" user="dia-jules" uid="10209572" lat="19.6716205" lon="-156.0116170"/>
 <node id="13859976478" visible="true" version="1" changeset="183009646" timestamp="2026-05-22T08:14:53Z" user="dia-jules" uid="10209572" lat="19.6719538" lon="-156.0093908"/>
 <node id="13859976479" visible="true" version="1" changeset="183009646" timestamp="2026-05-22T08:14:53Z" user="dia-jules" uid="10209572" lat="19.6724274" lon="-156.0054228"/>
 <node id="13859976480" visible="true" version="1" changeset="183009646" timestamp="2026-05-22T08:14:53Z" user="dia-jules" uid="10209572" lat="19.6726642" lon="-156.0030196"/>
 <node id="13859976481" visible="true" version="1" changeset="183009646" timestamp="2026-05-22T08:14:53Z" user="dia-jules" uid="10209572" lat="19.6717959" lon="-156.0029358"/>
 <node id="13859976482" visible="true" version="1" changeset="183009646" timestamp="2026-05-22T08:14:53Z" user="dia-jules" uid="10209572" lat="19.6708486" lon="-156.0024421"/>
 <node id="13859976483" visible="true" version="1" changeset="183009646" timestamp="2026-05-22T08:14:53Z" user="dia-jules" uid="10209572" lat="19.6670420" lon="-155.9997688"/>
 <node id="13859976484" visible="true" version="1" changeset="183009646" timestamp="2026-05-22T08:14:53Z" user="dia-jules" uid="10209572" lat="19.6656386" lon="-155.9984089"/>
 <node id="13859976485" visible="true" version="1" changeset="183009646" timestamp="2026-05-22T08:14:53Z" user="dia-jules" uid="10209572" lat="19.6647702" lon="-155.9973843"/>
 <node id="13859976486" visible="true" version="1" changeset="183009646" timestamp="2026-05-22T08:14:53Z" user="dia-jules" uid="10209572" lat="19.6641474" lon="-155.9968161"/>
 <node id="13859976487" visible="true" version="1" changeset="183009646" timestamp="2026-05-22T08:14:53Z" user="dia-jules" uid="10209572" lat="19.6614458" lon="-155.9956517"/>
 <node id="13859976488" visible="true" version="1" changeset="183009646" timestamp="2026-05-22T08:14:53Z" user="dia-jules" uid="10209572" lat="19.6602441" lon="-155.9951674"/>
 <node id="13859976489" visible="true" version="1" changeset="183009646" timestamp="2026-05-22T08:14:53Z" user="dia-jules" uid="10209572" lat="19.6559898" lon="-155.9926990"/>
 <node id="13859976490" visible="true" version="1" changeset="183009646" timestamp="2026-05-22T08:14:53Z" user="dia-jules" uid="10209572" lat="19.6528495" lon="-155.9909758"/>
 <node id="13859976491" visible="true" version="1" changeset="183009646" timestamp="2026-05-22T08:14:53Z" user="dia-jules" uid="10209572" lat="19.6510161" lon="-155.9898394"/>
 <node id="13859976492" visible="true" version="1" changeset="183009646" timestamp="2026-05-22T08:14:53Z" user="dia-jules" uid="10209572" lat="19.6474546" lon="-155.9932858"/>
 <node id="13859976493" visible="true" version="1" changeset="183009646" timestamp="2026-05-22T08:14:53Z" user="dia-jules" uid="10209572" lat="19.6469020" lon="-155.9936491"/>
 <node id="13859976494" visible="true" version="1" changeset="183009646" timestamp="2026-05-22T08:14:53Z" user="dia-jules" uid="10209572" lat="19.6468318" lon="-155.9940869"/>
 <node id="13859976495" visible="true" version="1" changeset="183009646" timestamp="2026-05-22T08:14:53Z" user="dia-jules" uid="10209572" lat="19.6491652" lon="-155.9986976"/>
 <node id="13859976496" visible="true" version="1" changeset="183009646" timestamp="2026-05-22T08:14:53Z" user="dia-jules" uid="10209572" lat="19.6505688" lon="-156.0013150"/>
 <node id="13859976497" visible="true" version="1" changeset="183009646" timestamp="2026-05-22T08:14:53Z" user="dia-jules" uid="10209572" lat="19.6519547" lon="-156.0031779"/>
 <node id="13859976498" visible="true" version="1" changeset="183009646" timestamp="2026-05-22T08:14:53Z" user="dia-jules" uid="10209572" lat="19.6542706" lon="-156.0051620"/>
 <node id="13859976499" visible="true" version="1" changeset="183009646" timestamp="2026-05-22T08:14:53Z" user="dia-jules" uid="10209572" lat="19.6565074" lon="-156.0063356"/>
 <node id="13890970028" visible="true" version="1" changeset="183293081" timestamp="2026-05-28T09:00:10Z" user="tkotnala_lyft" uid="21672285" lat="19.6712115" lon="-155.9796355"/>
 <node id="13895028975" visible="true" version="1" changeset="183380790" timestamp="2026-05-30T03:10:19Z" user="sarya_Lyft" uid="18784339" lat="19.6541622" lon="-156.0026859"/>
 <way id="45640972" visible="true" version="2" changeset="14056381" timestamp="2012-11-27T09:30:04Z" user="Tom_Holland" uid="574654">
  <nd ref="581735850"/>
  <nd ref="581748872"/>
  <nd ref="581748881"/>
  <tag k="highway" v="service"/>
  <tag k="tiger:countyfp" v="001"/>
  <tag k="tiger:mtfcc" v="S1400"/>
  <tag k="tiger:statefp" v="15"/>
 </way>
 <way id="45655900" visible="true" version="4" changeset="70846483" timestamp="2019-06-02T01:20:17Z" user="Tom_Holland" uid="574654">
  <nd ref="2036050932"/>
  <nd ref="6515741894"/>
  <nd ref="6515741893"/>
  <nd ref="6515741892"/>
  <nd ref="6515741891"/>
  <nd ref="6515741890"/>
  <nd ref="6515741889"/>
  <nd ref="6515741888"/>
  <nd ref="6515741887"/>
  <nd ref="6515741886"/>
  <nd ref="6515741885"/>
  <nd ref="2036050928"/>
  <tag k="access" v="private"/>
  <tag k="highway" v="service"/>
  <tag k="service" v="driveway"/>
  <tag k="surface" v="asphalt"/>
 </way>
 <way id="45656037" visible="true" version="4" changeset="41729099" timestamp="2016-08-27T07:01:45Z" user="Tom_Holland" uid="574654">
  <nd ref="2086669559"/>
  <nd ref="4368992960"/>
  <nd ref="581838580"/>
  <tag k="highway" v="service"/>
  <tag k="tiger:countyfp" v="001"/>
  <tag k="tiger:mtfcc" v="S1400"/>
  <tag k="tiger:statefp" v="15"/>
 </way>
 <way id="45656040" visible="true" version="6" changeset="67499378" timestamp="2019-02-23T17:43:04Z" user="Arbiter787" uid="2304330">
  <nd ref="582168505"/>
  <nd ref="581838574"/>
  <nd ref="581838575"/>
  <tag k="highway" v="unclassified"/>
  <tag k="lanes" v="2"/>
  <tag k="name" v="Makala Boulevard"/>
  <tag k="surface" v="asphalt"/>
  <tag k="tiger:countyfp" v="001"/>
  <tag k="tiger:mtfcc" v="S1400"/>
  <tag k="tiger:statefp" v="15"/>
 </way>
 <way id="45685751" visible="true" version="3" changeset="88595740" timestamp="2020-07-28T05:20:33Z" user="Your Village Maps" uid="227972">
  <nd ref="582152635"/>
  <nd ref="582170055"/>
  <nd ref="7759972443"/>
  <nd ref="7759972455"/>
  <nd ref="7759981591"/>
  <nd ref="7759981645"/>
  <nd ref="7759981641"/>
  <nd ref="7759981592"/>
  <nd ref="582170054"/>
  <nd ref="2035965930"/>
  <nd ref="7759972470"/>
  <nd ref="582170052"/>
  <nd ref="7759981623"/>
  <nd ref="7759972463"/>
  <nd ref="2035965935"/>
  <nd ref="7759981588"/>
  <nd ref="2035965936"/>
  <nd ref="581780336"/>
  <nd ref="7759972462"/>
  <nd ref="582404443"/>
  <nd ref="582404461"/>
  <nd ref="7759972465"/>
  <nd ref="7759981598"/>
  <nd ref="7759981612"/>
  <nd ref="7759981600"/>
  <nd ref="582404827"/>
  <nd ref="6473055720"/>
  <tag k="fixme" v="shouldn't this be Queens Highway Foot Trail?"/>
  <tag k="highway" v="path"/>
  <tag k="name" v="Kings Highway Foot Trail"/>
  <tag k="tiger:countyfp" v="001"/>
  <tag k="tiger:mtfcc" v="S1710"/>
  <tag k="tiger:statefp" v="15"/>
 </way>
 <way id="45698696" visible="true" version="4" changeset="41729099" timestamp="2016-08-27T07:01:45Z" user="Tom_Holland" uid="574654">
  <nd ref="582239451"/>
  <nd ref="4368992936"/>
  <nd ref="2086669551"/>
  <tag k="highway" v="service"/>
  <tag k="tiger:countyfp" v="001"/>
  <tag k="tiger:mtfcc" v="S1400"/>
  <tag k="tiger:statefp" v="15"/>
 </way>
 <way id="45698698" visible="true" version="4" changeset="41729099" timestamp="2016-08-27T07:01:45Z" user="Tom_Holland" uid="574654">
  <nd ref="582239451"/>
  <nd ref="582239449"/>
  <nd ref="582239448"/>
  <nd ref="582239500"/>
  <nd ref="582239493"/>
  <nd ref="581735850"/>
  <tag k="highway" v="service"/>
  <tag k="tiger:countyfp" v="001"/>
  <tag k="tiger:mtfcc" v="S1400"/>
  <tag k="tiger:statefp" v="15"/>
 </way>
 <way id="45710328" visible="true" version="4" changeset="41729099" timestamp="2016-08-27T07:01:46Z" user="Tom_Holland" uid="574654">
  <nd ref="2086669537"/>
  <nd ref="4368992923"/>
  <nd ref="582321562"/>
  <nd ref="582321537"/>
  <nd ref="582321557"/>
  <nd ref="582321559"/>
  <nd ref="582321539"/>
  <nd ref="582321541"/>
  <nd ref="581735850"/>
  <tag k="highway" v="service"/>
  <tag k="tiger:countyfp" v="001"/>
  <tag k="tiger:mtfcc" v="S1400"/>
  <tag k="tiger:statefp" v="15"/>
 </way>
 <way id="45719307" visible="true" version="8" changeset="88589369" timestamp="2020-07-28T00:18:43Z" user="Your Village Maps" uid="227972">
  <nd ref="582168505"/>
  <nd ref="2084967062"/>
  <tag k="bicycle" v="designated"/>
  <tag k="cycleway" v="lane"/>
  <tag k="highway" v="unclassified"/>
  <tag k="lanes" v="1"/>
  <tag k="name" v="Makala Boulevard"/>
  <tag k="oneway" v="yes"/>
  <tag k="surface" v="asphalt"/>
  <tag k="tiger:countyfp" v="001"/>
  <tag k="tiger:mtfcc" v="S1400"/>
  <tag k="tiger:statefp" v="15"/>
 </way>
 <way id="45719316" visible="true" version="4" changeset="41729099" timestamp="2016-08-27T07:01:45Z" user="Tom_Holland" uid="574654">
  <nd ref="581838574"/>
  <nd ref="4368992996"/>
  <nd ref="4368992995"/>
  <nd ref="4368992991"/>
  <nd ref="4368992987"/>
  <nd ref="4368992985"/>
  <nd ref="4368992982"/>
  <nd ref="4368992977"/>
  <nd ref="4368992973"/>
  <nd ref="4368992971"/>
  <nd ref="581838580"/>
  <tag k="highway" v="service"/>
  <tag k="tiger:countyfp" v="001"/>
  <tag k="tiger:mtfcc" v="S1400"/>
  <tag k="tiger:statefp" v="15"/>
 </way>
 <way id="45719615" visible="true" version="3" changeset="70846483" timestamp="2019-06-02T01:20:17Z" user="Tom_Holland" uid="574654">
  <nd ref="581837924"/>
  <nd ref="6515741881"/>
  <nd ref="6515741880"/>
  <nd ref="6515741879"/>
  <nd ref="6515741878"/>
  <nd ref="6515741877"/>
  <nd ref="6515741876"/>
  <nd ref="6515741875"/>
  <nd ref="6515741874"/>
  <nd ref="6515741873"/>
  <nd ref="6515741872"/>
  <nd ref="6515741871"/>
  <nd ref="6515741870"/>
  <nd ref="6515741869"/>
  <nd ref="6515741868"/>
  <nd ref="6515741867"/>
  <nd ref="6515741866"/>
  <nd ref="6515741865"/>
  <nd ref="6515741864"/>
  <nd ref="6515741863"/>
  <nd ref="6515741862"/>
  <nd ref="6515741861"/>
  <nd ref="6515741860"/>
  <nd ref="6515741859"/>
  <nd ref="6515741858"/>
  <nd ref="6515741857"/>
  <nd ref="6515741856"/>
  <nd ref="6515741855"/>
  <nd ref="6515741854"/>
  <nd ref="6515741853"/>
  <nd ref="6515741852"/>
  <nd ref="6515741851"/>
  <nd ref="6515741850"/>
  <nd ref="6515741849"/>
  <nd ref="6515741848"/>
  <nd ref="6515741847"/>
  <nd ref="6515741846"/>
  <nd ref="6515741845"/>
  <nd ref="6515741844"/>
  <nd ref="6515741843"/>
  <nd ref="6515741842"/>
  <nd ref="6515741841"/>
  <nd ref="6515741840"/>
  <nd ref="6515741839"/>
  <nd ref="6515741838"/>
  <nd ref="6515741837"/>
  <nd ref="6515741836"/>
  <nd ref="6515741835"/>
  <nd ref="6515741834"/>
  <nd ref="6515741833"/>
  <nd ref="6515741832"/>
  <nd ref="6515741831"/>
  <nd ref="6515741830"/>
  <nd ref="6515741829"/>
  <nd ref="6515741828"/>
  <nd ref="6515741827"/>
  <nd ref="6515741826"/>
  <nd ref="6515741825"/>
  <nd ref="6515741824"/>
  <nd ref="6515741823"/>
  <nd ref="6515741822"/>
  <nd ref="6515741821"/>
  <nd ref="6515741820"/>
  <nd ref="6515741819"/>
  <nd ref="6515741818"/>
  <nd ref="6515741817"/>
  <nd ref="6515741816"/>
  <nd ref="6515741815"/>
  <nd ref="6515741814"/>
  <nd ref="6515741813"/>
  <nd ref="6515741812"/>
  <nd ref="6515741811"/>
  <nd ref="6515741810"/>
  <nd ref="6515741809"/>
  <nd ref="6515741808"/>
  <nd ref="6515741807"/>
  <nd ref="6515741806"/>
  <nd ref="6515741805"/>
  <nd ref="6515741804"/>
  <nd ref="6515741803"/>
  <nd ref="6515741802"/>
  <nd ref="6515741801"/>
  <nd ref="6515741800"/>
  <nd ref="6515741799"/>
  <nd ref="6515741798"/>
  <nd ref="6515741797"/>
  <nd ref="6515741796"/>
  <nd ref="6515741795"/>
  <nd ref="6515741794"/>
  <nd ref="6515741793"/>
  <nd ref="6515741792"/>
  <nd ref="6515741791"/>
  <nd ref="6515741790"/>
  <nd ref="6515741789"/>
  <nd ref="6515741788"/>
  <nd ref="6515741787"/>
  <nd ref="6515741786"/>
  <nd ref="6515741785"/>
  <nd ref="6515734084"/>
  <nd ref="6515734083"/>
  <nd ref="6515734082"/>
  <nd ref="6515734081"/>
  <nd ref="6515734080"/>
  <nd ref="6515734079"/>
  <nd ref="6515734078"/>
  <nd ref="6515734077"/>
  <nd ref="6515734076"/>
  <nd ref="6515734075"/>
  <nd ref="6515734074"/>
  <nd ref="6515734073"/>
  <nd ref="6515734072"/>
  <nd ref="6515734071"/>
  <nd ref="581729001"/>
  <tag k="access" v="private"/>
  <tag k="highway" v="service"/>
  <tag k="service" v="driveway"/>
  <tag k="surface" v="asphalt"/>
 </way>
 <way id="45720697" visible="true" version="2" changeset="14055631" timestamp="2012-11-27T08:05:34Z" user="Tom_Holland" uid="574654">
  <nd ref="582098631"/>
  <nd ref="582404455"/>
  <nd ref="582404464"/>
  <nd ref="582152635"/>
  <tag k="highway" v="path"/>
  <tag k="name" v="Kings Highway Foot Trail"/>
  <tag k="tiger:countyfp" v="001"/>
  <tag k="tiger:mtfcc" v="S1710"/>
  <tag k="tiger:statefp" v="15"/>
 </way>
 <way id="45722406" visible="true" version="4" changeset="41729099" timestamp="2016-08-27T07:01:46Z" user="Tom_Holland" uid="574654">
  <nd ref="581838580"/>
  <nd ref="4368992968"/>
  <nd ref="4368992966"/>
  <nd ref="4368992964"/>
  <nd ref="4368992961"/>
  <nd ref="4368992958"/>
  <nd ref="4368992955"/>
  <nd ref="4368992952"/>
  <nd ref="582239451"/>
  <tag k="highway" v="service"/>
  <tag k="tiger:countyfp" v="001"/>
  <tag k="tiger:mtfcc" v="S1400"/>
  <tag k="tiger:statefp" v="15"/>
 </way>
 <way id="45722410" visible="true" version="33" changeset="188028005" timestamp="2026-08-26T08:10:17Z" user="lunar_jaws812" uid="22573733">
  <nd ref="582434514"/>
  <nd ref="13200601534"/>
  <nd ref="13890970028"/>
  <nd ref="582100012"/>
  <nd ref="6505117977"/>
  <nd ref="6505117976"/>
  <nd ref="6505117975"/>
  <nd ref="2415488555"/>
  <nd ref="6505117974"/>
  <nd ref="6505117973"/>
  <nd ref="6505117972"/>
  <nd ref="6505117971"/>
  <nd ref="581757946"/>
  <nd ref="6505117970"/>
  <nd ref="6505117969"/>
  <nd ref="6505117968"/>
  <nd ref="6505117967"/>
  <nd ref="6505117966"/>
  <nd ref="6505117965"/>
  <nd ref="6505117964"/>
  <nd ref="2415488540"/>
  <nd ref="6505117963"/>
  <nd ref="6505117962"/>
  <nd ref="6505117961"/>
  <nd ref="6505117960"/>
  <nd ref="6505117939"/>
  <nd ref="6505117959"/>
  <nd ref="6505117958"/>
  <nd ref="6505117957"/>
  <nd ref="6505117922"/>
  <nd ref="581840155"/>
  <nd ref="6505117956"/>
  <nd ref="6505117955"/>
  <nd ref="6505117954"/>
  <nd ref="6505117953"/>
  <nd ref="6505117952"/>
  <nd ref="6505117951"/>
  <nd ref="6505117950"/>
  <nd ref="582116381"/>
  <nd ref="6505117949"/>
  <nd ref="6505117948"/>
  <nd ref="6505117947"/>
  <nd ref="6505117946"/>
  <nd ref="2415488533"/>
  <nd ref="6505117945"/>
  <nd ref="6505117944"/>
  <nd ref="6505117943"/>
  <nd ref="6505117942"/>
  <nd ref="5606044230"/>
  <nd ref="6505117941"/>
  <nd ref="6505117940"/>
  <nd ref="2415488528"/>
  <nd ref="6505117833"/>
  <nd ref="6505117832"/>
  <nd ref="6505117831"/>
  <nd ref="6505117830"/>
  <nd ref="6505117829"/>
  <nd ref="6505117828"/>
  <nd ref="6505117827"/>
  <nd ref="6505117826"/>
  <nd ref="6505117825"/>
  <nd ref="6505117824"/>
  <nd ref="6505117823"/>
  <nd ref="6505117822"/>
  <nd ref="6505117821"/>
  <nd ref="6505117820"/>
  <nd ref="6505117819"/>
  <nd ref="6505117818"/>
  <nd ref="6505117817"/>
  <nd ref="6505117816"/>
  <nd ref="6505117815"/>
  <nd ref="6505117814"/>
  <nd ref="6505117813"/>
  <nd ref="6505117812"/>
  <nd ref="6505117811"/>
  <nd ref="6505117810"/>
  <nd ref="9526246661"/>
  <tag k="cycleway:both" v="shoulder"/>
  <tag k="highway" v="trunk"/>
  <tag k="lit" v="no"/>
  <tag k="maxspeed" v="35 mph"/>
  <tag k="name" v="Palani Road"/>
  <tag k="oneway" v="no"/>
  <tag k="parking:both" v="no"/>
  <tag k="ref" v="HI 190"/>
  <tag k="sidewalk:both" v="no"/>
  <tag k="surface" v="asphalt"/>
 </way>
 <way id="131567937" visible="true" version="18" changeset="183172710" timestamp="2026-05-25T18:44:14Z" user="dia-jules" uid="10209572">
  <nd ref="4365796686"/>
  <nd ref="581838555"/>
  <nd ref="581840559"/>
  <nd ref="2084989445"/>
  <nd ref="2084989447"/>
  <nd ref="2084989449"/>
  <nd ref="2084989451"/>
  <tag k="alt_name" v="Queen Kaahumanu Highway"/>
  <tag k="bicycle" v="designated"/>
  <tag k="cycleway" v="lane"/>
  <tag k="highway" v="trunk"/>
  <tag k="lanes" v="2"/>
  <tag k="maxspeed" v="35 mph"/>
  <tag k="name" v="Queen Kaʻahumanu Highway"/>
  <tag k="oneway" v="yes"/>
  <tag k="ref" v="HI 19"/>
  <tag k="surface" v="asphalt"/>
  <tag k="tiger:countyfp" v="001"/>
  <tag k="tiger:mtfcc" v="S1200"/>
  <tag k="tiger:statefp" v="15"/>
 </way>
 <way id="193079276" visible="true" version="11" changeset="151077482" timestamp="2024-05-08T22:23:51Z" user="dpaschich" uid="621202">
  <nd ref="2084989529"/>
  <nd ref="7759086336"/>
  <nd ref="581653045"/>
  <nd ref="11889897081"/>
  <nd ref="2084989505"/>
  <tag k="bicycle" v="designated"/>
  <tag k="cycleway" v="shared_lane"/>
  <tag k="highway" v="unclassified"/>
  <tag k="lanes" v="2"/>
  <tag k="name" v="Makala Boulevard"/>
  <tag k="oneway" v="yes"/>
  <tag k="surface" v="asphalt"/>
  <tag k="tiger:countyfp" v="001"/>
  <tag k="tiger:mtfcc" v="S1400"/>
  <tag k="tiger:statefp" v="15"/>
  <tag k="turn:lanes" v="left|through"/>
 </way>
 <way id="198255842" visible="true" version="9" changeset="185615419" timestamp="2026-07-12T21:20:08Z" user="user0944" uid="23088693">
  <nd ref="2084144642"/>
  <nd ref="4134670289"/>
  <nd ref="2084144635"/>
  <nd ref="2084144634"/>
  <nd ref="2084144631"/>
  <nd ref="2084144630"/>
  <nd ref="2084144629"/>
  <nd ref="2084144625"/>
  <nd ref="2084144626"/>
  <nd ref="2084144621"/>
  <nd ref="2084144622"/>
  <nd ref="2084144617"/>
  <nd ref="2084144618"/>
  <nd ref="2084144614"/>
  <nd ref="2084144613"/>
  <nd ref="2084144612"/>
  <nd ref="7882599244"/>
  <nd ref="2084144610"/>
  <nd ref="7882599236"/>
  <nd ref="2084144609"/>
  <nd ref="2084144607"/>
  <nd ref="2084144608"/>
  <nd ref="2084144602"/>
  <nd ref="2084144601"/>
  <nd ref="2084144594"/>
  <nd ref="2084144593"/>
  <nd ref="2084144583"/>
  <nd ref="2084144585"/>
  <nd ref="2084144611"/>
  <nd ref="7882599241"/>
  <nd ref="7882599214"/>
  <nd ref="7882599224"/>
  <nd ref="7882599228"/>
  <nd ref="7882599213"/>
  <nd ref="2084144615"/>
  <nd ref="2084144616"/>
  <nd ref="2084144619"/>
  <nd ref="2084144620"/>
  <nd ref="2084144623"/>
  <nd ref="2084144624"/>
  <nd ref="2084144627"/>
  <nd ref="2084144628"/>
  <nd ref="2084144632"/>
  <nd ref="2084144633"/>
  <nd ref="2084144636"/>
  <nd ref="2084144637"/>
  <nd ref="2084144638"/>
  <nd ref="2084144640"/>
  <nd ref="2084144641"/>
  <nd ref="2084144642"/>
  <tag k="addr:city" v="Kailua-Kona"/>
  <tag k="addr:housenumber" v="74-5444"/>
  <tag k="addr:postcode" v="96740"/>
  <tag k="addr:state" v="HI"/>
  <tag k="addr:street" v="Makala Boulevard"/>
  <tag k="air_conditioning" v="yes"/>
  <tag k="building" v="retail"/>
  <tag k="name" v="Kona Commons Shopping Center"/>
  <tag k="shop" v="mall"/>
 </way>
 <way id="198357002" visible="true" version="5" changeset="88589369" timestamp="2020-07-28T00:18:43Z" user="Your Village Maps" uid="227972">
  <nd ref="581719866"/>
  <nd ref="2084989464"/>
  <tag k="bicycle" v="designated"/>
  <tag k="cycleway" v="lane"/>
  <tag k="highway" v="tertiary"/>
  <tag k="lanes" v="2"/>
  <tag k="name" v="Makala Boulevard"/>
  <tag k="oneway" v="yes"/>
  <tag k="surface" v="asphalt"/>
  <tag k="tiger:countyfp" v="001"/>
  <tag k="tiger:mtfcc" v="S1400"/>
  <tag k="tiger:statefp" v="15"/>
 </way>
 <way id="198357008" visible="true" version="4" changeset="158834732" timestamp="2024-11-06T21:50:00Z" user="BubbaJuice" uid="9941767">
  <nd ref="2036050901"/>
  <nd ref="6515741920"/>
  <nd ref="6515741919"/>
  <nd ref="6515741918"/>
  <nd ref="6515741917"/>
  <nd ref="6515741916"/>
  <nd ref="6515741915"/>
  <nd ref="6515741914"/>
  <nd ref="6515741913"/>
  <nd ref="6515741912"/>
  <nd ref="6515741911"/>
  <nd ref="6515741910"/>
  <nd ref="6515741909"/>
  <nd ref="6515741908"/>
  <nd ref="6515741907"/>
  <nd ref="6515741906"/>
  <nd ref="6515741905"/>
  <nd ref="6515741904"/>
  <nd ref="6515741903"/>
  <nd ref="6515741902"/>
  <nd ref="6515741901"/>
  <nd ref="6515741900"/>
  <nd ref="6515741899"/>
  <nd ref="6515741898"/>
  <nd ref="6515741897"/>
  <nd ref="6515741896"/>
  <nd ref="6515741895"/>
  <nd ref="2036050928"/>
  <tag k="access" v="private"/>
  <tag k="highway" v="service"/>
  <tag k="lanes" v="2"/>
  <tag k="surface" v="asphalt"/>
 </way>
 <way id="198359585" visible="true" version="4" changeset="88589369" timestamp="2020-07-28T00:18:43Z" user="Your Village Maps" uid="227972">
  <nd ref="2084989469"/>
  <nd ref="2657244272"/>
  <nd ref="581630660"/>
  <tag k="bicycle" v="designated"/>
  <tag k="cycleway" v="lane"/>
  <tag k="highway" v="tertiary"/>
  <tag k="lanes" v="2"/>
  <tag k="name" v="Makala Boulevard"/>
  <tag k="oneway" v="yes"/>
  <tag k="surface" v="asphalt"/>
  <tag k="tiger:countyfp" v="001"/>
  <tag k="tiger:mtfcc" v="S1400"/>
  <tag k="tiger:statefp" v="15"/>
 </way>
 <way id="198359589" visible="true" version="6" changeset="88589369" timestamp="2020-07-28T00:18:43Z" user="Your Village Maps" uid="227972">
  <nd ref="2084989481"/>
  <nd ref="2084989496"/>
  <tag k="bicycle" v="designated"/>
  <tag k="cycleway" v="shared_lane"/>
  <tag k="highway" v="tertiary"/>
  <tag k="lanes" v="3"/>
  <tag k="name" v="Makala Boulevard"/>
  <tag k="oneway" v="yes"/>
  <tag k="surface" v="asphalt"/>
  <tag k="tiger:countyfp" v="001"/>
  <tag k="tiger:mtfcc" v="S1400"/>
  <tag k="tiger:statefp" v="15"/>
  <tag k="turn:lanes" v="left|left;through|through"/>
 </way>
 <way id="198359590" visible="true" version="5" changeset="88589369" timestamp="2020-07-28T00:18:43Z" user="Your Village Maps" uid="227972">
  <nd ref="2084989466"/>
  <nd ref="2084967053"/>
  <nd ref="7759086348"/>
  <nd ref="2084989481"/>
  <tag k="bicycle" v="designated"/>
  <tag k="cycleway" v="shared_lane"/>
  <tag k="highway" v="tertiary"/>
  <tag k="lanes" v="3"/>
  <tag k="name" v="Makala Boulevard"/>
  <tag k="oneway" v="yes"/>
  <tag k="surface" v="asphalt"/>
  <tag k="tiger:countyfp" v="001"/>
  <tag k="tiger:mtfcc" v="S1400"/>
  <tag k="tiger:statefp" v="15"/>
  <tag k="turn:lanes" v="left|left;through|through"/>
 </way>
 <way id="198359592" visible="true" version="6" changeset="88769566" timestamp="2020-07-31T08:08:25Z" user="mueschel" uid="616774">
  <nd ref="2084989505"/>
  <nd ref="2084989489"/>
  <tag k="bicycle" v="designated"/>
  <tag k="cycleway" v="shared_lane"/>
  <tag k="highway" v="tertiary"/>
  <tag k="lanes" v="2"/>
  <tag k="name" v="Makala Boulevard"/>
  <tag k="oneway" v="yes"/>
  <tag k="surface" v="asphalt"/>
  <tag k="tiger:countyfp" v="001"/>
  <tag k="tiger:mtfcc" v="S1400"/>
  <tag k="tiger:statefp" v="15"/>
  <tag k="turn:lanes" v="left|through"/>
 </way>
 <way id="198359593" visible="true" version="5" changeset="88589369" timestamp="2020-07-28T00:18:43Z" user="Your Village Maps" uid="227972">
  <nd ref="2084967056"/>
  <nd ref="2084967057"/>
  <nd ref="7759156969"/>
  <tag k="bicycle" v="designated"/>
  <tag k="cycleway" v="lane"/>
  <tag k="highway" v="unclassified"/>
  <tag k="lanes" v="2"/>
  <tag k="name" v="Makala Boulevard"/>
  <tag k="oneway" v="yes"/>
  <tag k="surface" v="asphalt"/>
  <tag k="tiger:countyfp" v="001"/>
  <tag k="tiger:mtfcc" v="S1400"/>
  <tag k="tiger:statefp" v="15"/>
  <tag k="turn:lanes" v="merge_to_right|none"/>
 </way>
 <way id="198359606" visible="true" version="13" changeset="183172710" timestamp="2026-05-25T18:44:14Z" user="dia-jules" uid="10209572">
  <nd ref="2036050932"/>
  <nd ref="2084989549"/>
  <nd ref="7759156974"/>
  <nd ref="7759156976"/>
  <nd ref="7759156971"/>
  <tag k="alt_name" v="Queen Kaahumanu Highway"/>
  <tag k="bicycle" v="designated"/>
  <tag k="cycleway" v="lane"/>
  <tag k="highway" v="trunk"/>
  <tag k="lanes" v="2"/>
  <tag k="maxspeed" v="45 mph"/>
  <tag k="name" v="Queen Kaʻahumanu Highway"/>
  <tag k="oneway" v="yes"/>
  <tag k="ref" v="HI 19"/>
  <tag k="surface" v="asphalt"/>
  <tag k="tiger:countyfp" v="001"/>
  <tag k="tiger:mtfcc" v="S1400"/>
  <tag k="tiger:statefp" v="15"/>
 </way>
 <way id="198359607" visible="true" version="4" changeset="88588425" timestamp="2020-07-27T23:33:07Z" user="Your Village Maps" uid="227972">
  <nd ref="2084989466"/>
  <nd ref="7759086339"/>
  <nd ref="2084989471"/>
  <nd ref="2084989474"/>
  <nd ref="2084989475"/>
  <nd ref="2084989473"/>
  <nd ref="2084989470"/>
  <nd ref="7759086334"/>
  <nd ref="7759086333"/>
  <tag k="highway" v="trunk_link"/>
  <tag k="lanes" v="1"/>
  <tag k="oneway" v="yes"/>
  <tag k="surface" v="asphalt"/>
 </way>
 <way id="198359610" visible="true" version="5" changeset="151077482" timestamp="2024-05-08T22:23:51Z" user="dpaschich" uid="621202">
  <nd ref="2084989529"/>
  <nd ref="2084989519"/>
  <nd ref="2084989517"/>
  <nd ref="11889897079"/>
  <nd ref="2084989516"/>
  <nd ref="2084989518"/>
  <nd ref="2084989520"/>
  <nd ref="7759086341"/>
  <nd ref="7759086340"/>
  <tag k="highway" v="trunk_link"/>
  <tag k="lanes" v="1"/>
  <tag k="oneway" v="yes"/>
  <tag k="surface" v="asphalt"/>
 </way>
 <way id="198541019" visible="true" version="6" changeset="173881124" timestamp="2025-10-28T12:20:39Z" user="ICT_maps" uid="18862646">
  <nd ref="2086666646"/>
  <nd ref="2086666648"/>
  <nd ref="2086666649"/>
  <nd ref="2086666651"/>
  <nd ref="2086666650"/>
  <nd ref="2086666654"/>
  <nd ref="2086666658"/>
  <nd ref="2086666656"/>
  <nd ref="2086666657"/>
  <nd ref="2086666653"/>
  <nd ref="2086666652"/>
  <nd ref="2086666647"/>
  <nd ref="2086666646"/>
  <tag k="addr:city" v="Kailua Kona"/>
  <tag k="addr:housenumber" v="74-5469"/>
  <tag k="addr:postcode" v="96740"/>
  <tag k="addr:state" v="HI"/>
  <tag k="addr:street" v="Kamakaeha Avenue"/>
  <tag k="air_conditioning" v="yes"/>
  <tag k="building" v="retail"/>
  <tag k="old_name" v="Regal Makalapua Stadium 10"/>
  <tag k="opening_hours:covid19" v="closed"/>
  <tag k="was:amenity" v="cinema"/>
  <tag k="was:brand" v="Regal Cinemas"/>
  <tag k="wikidata" v="Q42369524"/>
 </way>
 <way id="198541025" visible="true" version="6" changeset="147262564" timestamp="2024-02-09T15:47:52Z" user="CjMalone" uid="6816132">
  <nd ref="2086666619"/>
  <nd ref="2086666625"/>
  <nd ref="2086666626"/>
  <nd ref="2086666629"/>
  <nd ref="2086666631"/>
  <nd ref="2086666633"/>
  <nd ref="2086666634"/>
  <nd ref="2086666636"/>
  <nd ref="2086666638"/>
  <nd ref="2086666640"/>
  <nd ref="2086666642"/>
  <nd ref="2086666459"/>
  <nd ref="2086666645"/>
  <nd ref="2086666635"/>
  <nd ref="2086666628"/>
  <nd ref="2086666623"/>
  <nd ref="2086666622"/>
  <nd ref="2086666621"/>
  <nd ref="2086666620"/>
  <nd ref="2086666619"/>
  <tag k="brand" v="Macy's"/>
  <tag k="brand:wikidata" v="Q629269"/>
  <tag k="building" v="commercial"/>
  <tag k="name" v="Macy's"/>
  <tag k="operator" v="Macy's"/>
  <tag k="shop" v="department_store"/>
  <tag k="website" v="https://www.macys.com/stores/hi/kailua-kona/makalapua-center_474.html"/>
 </way>
 <way id="198541060" visible="true" version="5" changeset="96345751" timestamp="2020-12-23T20:25:58Z" user="user_8466505" uid="8466505">
  <nd ref="2086666612"/>
  <nd ref="2086666601"/>
  <nd ref="2086666617"/>
  <nd ref="2086666618"/>
  <nd ref="2086666612"/>
  <tag k="brand" v="HPM Building Supply"/>
  <tag k="building" v="commercial"/>
  <tag k="name" v="HPM Building Supply"/>
  <tag k="safety:mask:covid19" v="yes"/>
  <tag k="shop" v="doityourself"/>
  <tag k="short_name" v="HPM"/>
 </way>
 <way id="198541061" visible="true" version="6" changeset="96286055" timestamp="2020-12-23T00:54:24Z" user="user_8466505" uid="8466505">
  <nd ref="2086666663"/>
  <nd ref="2086666659"/>
  <nd ref="2086666655"/>
  <nd ref="4365859324"/>
  <nd ref="4365859323"/>
  <nd ref="4365859325"/>
  <nd ref="4365859326"/>
  <nd ref="2086666660"/>
  <nd ref="2086666458"/>
  <nd ref="2086666662"/>
  <nd ref="2086666663"/>
  <tag k="building" v="retail"/>
  <tag k="disused:brand" v="Kmart"/>
  <tag k="disused:brand:wikidata" v="Q1753080"/>
  <tag k="disused:brand:wikipedia" v="en:Kmart"/>
  <tag k="disused:shop" v="department_store"/>
  <tag k="old_name" v="Kmart"/>
  <tag k="shop" v="vacant"/>
 </way>
 <way id="198544008" visible="true" version="9" changeset="183380790" timestamp="2026-05-30T03:10:19Z" user="sarya_Lyft" uid="18784339">
  <nd ref="13895028975"/>
  <nd ref="8255731034"/>
  <nd ref="9923427003"/>
  <nd ref="8255731031"/>
  <nd ref="8255731033"/>
  <nd ref="8255731030"/>
  <nd ref="8255731032"/>
  <nd ref="582168505"/>
  <nd ref="2086669559"/>
  <nd ref="2086669557"/>
  <nd ref="2086669553"/>
  <nd ref="2086669551"/>
  <nd ref="2086669547"/>
  <nd ref="2086669543"/>
  <nd ref="2086669539"/>
  <nd ref="2086669537"/>
  <nd ref="2086669533"/>
  <nd ref="2086669531"/>
  <nd ref="2086669528"/>
  <nd ref="2086669526"/>
  <nd ref="12319524422"/>
  <nd ref="2086669524"/>
  <nd ref="12319524421"/>
  <nd ref="2086669521"/>
  <nd ref="2086669519"/>
  <nd ref="2086669514"/>
  <nd ref="2086669512"/>
  <nd ref="2086669510"/>
  <nd ref="2086669508"/>
  <nd ref="7759278189"/>
  <nd ref="2086669504"/>
  <tag k="alt_name" v="Kamakaeha Avenue"/>
  <tag k="bicycle" v="yes"/>
  <tag k="foot" v="yes"/>
  <tag k="highway" v="unclassified"/>
  <tag k="lanes" v="2"/>
  <tag k="name" v="Kamakaʻeha Avenue"/>
  <tag k="oneway" v="no"/>
  <tag k="surface" v="asphalt"/>
  <tag k="tiger:countyfp" v="001"/>
  <tag k="tiger:mtfcc" v="S1400"/>
  <tag k="tiger:statefp" v="15"/>
 </way>
 <way id="198546301" visible="true" version="5" changeset="88589369" timestamp="2020-07-28T00:33:32Z" user="Your Village Maps" uid="227972">
  <nd ref="582239907"/>
  <nd ref="6505144724"/>
  <nd ref="6505144723"/>
  <nd ref="6505144722"/>
  <nd ref="6505144721"/>
  <nd ref="6505144720"/>
  <nd ref="6505144719"/>
  <nd ref="6505144718"/>
  <nd ref="6505144717"/>
  <nd ref="6505144716"/>
  <nd ref="6505144715"/>
  <nd ref="6505144714"/>
  <nd ref="6505144713"/>
  <nd ref="6505144712"/>
  <nd ref="6505144711"/>
  <nd ref="6505144710"/>
  <nd ref="2086685676"/>
  <nd ref="2086685675"/>
  <nd ref="2086685674"/>
  <nd ref="2086685673"/>
  <nd ref="2086685672"/>
  <nd ref="2086685671"/>
  <nd ref="2086685670"/>
  <nd ref="2086685669"/>
  <nd ref="6502227351"/>
  <nd ref="7759265680"/>
  <nd ref="7759278193"/>
  <nd ref="2086685666"/>
  <nd ref="2086685665"/>
  <nd ref="7759265675"/>
  <nd ref="2086685664"/>
  <nd ref="581678506"/>
  <tag k="highway" v="tertiary"/>
  <tag k="maxspeed" v="35"/>
  <tag k="name" v="Ane Keohokalole"/>
  <tag k="surface" v="concrete"/>
  <tag k="tiger:countyfp" v="001"/>
  <tag k="tiger:mtfcc" v="S1400"/>
  <tag k="tiger:statefp" v="15"/>
 </way>
 <way id="206232965" visible="true" version="1" changeset="15086683" timestamp="2013-02-19T09:12:09Z" user="Tom_Holland" uid="574654">
  <nd ref="2162367664"/>
  <nd ref="2162367663"/>
  <nd ref="2162367662"/>
  <nd ref="2162367656"/>
  <nd ref="2162367655"/>
  <nd ref="2162367654"/>
  <nd ref="2162367653"/>
  <nd ref="2162367652"/>
  <nd ref="2162367658"/>
  <nd ref="2162367660"/>
  <nd ref="2162367661"/>
  <nd ref="2162367664"/>
  <tag k="landuse" v="commercial"/>
 </way>
 <way id="206232966" visible="true" version="27" changeset="158834732" timestamp="2024-11-06T21:50:00Z" user="BubbaJuice" uid="9941767">
  <nd ref="2162367571"/>
  <nd ref="2162367572"/>
  <nd ref="2162367573"/>
  <nd ref="2162367574"/>
  <nd ref="2162367579"/>
  <nd ref="2162367580"/>
  <nd ref="2162367583"/>
  <nd ref="2162367585"/>
  <nd ref="2162367587"/>
  <nd ref="1034593711"/>
  <nd ref="2162367592"/>
  <nd ref="4367207397"/>
  <nd ref="2162367602"/>
  <nd ref="8409386137"/>
  <nd ref="2162367611"/>
  <nd ref="12016324964"/>
  <nd ref="2162367624"/>
  <nd ref="2162367629"/>
  <nd ref="4365796644"/>
  <nd ref="8285616900"/>
  <nd ref="4365796646"/>
  <nd ref="4365796648"/>
  <nd ref="4365796647"/>
  <nd ref="4365796645"/>
  <nd ref="2162367631"/>
  <nd ref="4365796642"/>
  <nd ref="4365796640"/>
  <nd ref="4365796638"/>
  <nd ref="4365796635"/>
  <nd ref="4365796634"/>
  <nd ref="2162367630"/>
  <nd ref="8287689073"/>
  <nd ref="2162367628"/>
  <nd ref="12016324948"/>
  <nd ref="8285616893"/>
  <nd ref="2657244172"/>
  <nd ref="12016324956"/>
  <nd ref="2162367605"/>
  <nd ref="2162367606"/>
  <nd ref="12308960491"/>
  <nd ref="2162367613"/>
  <nd ref="7816443168"/>
  <nd ref="2162367618"/>
  <nd ref="2162367620"/>
  <nd ref="2162367621"/>
  <nd ref="2162367623"/>
  <nd ref="8975695675"/>
  <nd ref="8975695674"/>
  <nd ref="2162367643"/>
  <nd ref="7833965030"/>
  <nd ref="7833965013"/>
  <nd ref="7833965000"/>
  <nd ref="2162367650"/>
  <nd ref="8401122066"/>
  <nd ref="2084989479"/>
  <nd ref="12308960507"/>
  <nd ref="2162367659"/>
  <nd ref="2162367651"/>
  <nd ref="2162367646"/>
  <nd ref="12308960502"/>
  <nd ref="2162367645"/>
  <nd ref="2162367644"/>
  <nd ref="2162367637"/>
  <nd ref="2162367627"/>
  <nd ref="2162367625"/>
  <nd ref="2162367622"/>
  <nd ref="2162367615"/>
  <nd ref="2162367616"/>
  <nd ref="2162367610"/>
  <nd ref="12319526209"/>
  <nd ref="2162367609"/>
  <nd ref="12319526210"/>
  <nd ref="2162367596"/>
  <nd ref="2162367594"/>
  <nd ref="2162367598"/>
  <nd ref="2162367595"/>
  <nd ref="2162367600"/>
  <nd ref="2162367608"/>
  <nd ref="2162367612"/>
  <nd ref="2162367601"/>
  <nd ref="2162367599"/>
  <nd ref="2162367584"/>
  <nd ref="2162367576"/>
  <nd ref="2162367569"/>
  <nd ref="2162367568"/>
  <nd ref="2162367567"/>
  <nd ref="2162367566"/>
  <nd ref="3943044379"/>
  <nd ref="3943044381"/>
  <nd ref="2036050696"/>
  <nd ref="88997101"/>
  <nd ref="2036050697"/>
  <nd ref="2036050699"/>
  <nd ref="2036050702"/>
  <nd ref="2036050705"/>
  <nd ref="2036050708"/>
  <nd ref="2036050707"/>
  <nd ref="2036050704"/>
  <nd ref="2087575594"/>
  <nd ref="88997105"/>
  <nd ref="2036050700"/>
  <nd ref="2087575595"/>
  <nd ref="2162367512"/>
  <nd ref="2162367528"/>
  <nd ref="2036050711"/>
  <nd ref="12319525031"/>
  <nd ref="2087575596"/>
  <nd ref="2087575601"/>
  <nd ref="1447825866"/>
  <nd ref="2087575602"/>
  <nd ref="2087575603"/>
  <nd ref="1034593827"/>
  <nd ref="3943044390"/>
  <nd ref="88998832"/>
  <nd ref="3943044389"/>
  <nd ref="1447825869"/>
  <nd ref="2036050735"/>
  <nd ref="2036050736"/>
  <nd ref="2087579089"/>
  <nd ref="2087579091"/>
  <nd ref="3943044394"/>
  <nd ref="2087575604"/>
  <nd ref="2087575606"/>
  <nd ref="2087575608"/>
  <nd ref="2087575609"/>
  <nd ref="2087575611"/>
  <nd ref="2087575613"/>
  <nd ref="2087575614"/>
  <nd ref="2087575617"/>
  <nd ref="3943044398"/>
  <nd ref="2087575618"/>
  <nd ref="2087575615"/>
  <nd ref="88998834"/>
  <nd ref="88998791"/>
  <nd ref="3943044393"/>
  <nd ref="3943044392"/>
  <nd ref="1447825867"/>
  <nd ref="1034593722"/>
  <nd ref="2036050714"/>
  <nd ref="88998829"/>
  <nd ref="2036050713"/>
  <nd ref="1034593694"/>
  <nd ref="2036050739"/>
  <nd ref="1034593696"/>
  <nd ref="2087575625"/>
  <nd ref="2087575627"/>
  <nd ref="1447825875"/>
  <nd ref="2087575630"/>
  <nd ref="2036077014"/>
  <nd ref="88998786"/>
  <nd ref="1447825877"/>
  <nd ref="1447825876"/>
  <nd ref="2036077015"/>
  <nd ref="2036077013"/>
  <nd ref="88998788"/>
  <nd ref="1447825872"/>
  <nd ref="2611693320"/>
  <nd ref="3943044401"/>
  <nd ref="3943044399"/>
  <nd ref="3943044402"/>
  <nd ref="1447825871"/>
  <nd ref="2611693325"/>
  <nd ref="3943044397"/>
  <nd ref="1447825870"/>
  <nd ref="2036077012"/>
  <nd ref="12319524362"/>
  <nd ref="88998782"/>
  <nd ref="12319524361"/>
  <nd ref="1447825864"/>
  <nd ref="1447825861"/>
  <nd ref="1447825860"/>
  <nd ref="1447825859"/>
  <nd ref="1447825858"/>
  <nd ref="88998784"/>
  <nd ref="2036050692"/>
  <nd ref="2036050691"/>
  <nd ref="2036050690"/>
  <nd ref="1034593703"/>
  <nd ref="2036050686"/>
  <nd ref="2036050689"/>
  <nd ref="2036050688"/>
  <nd ref="2036050687"/>
  <nd ref="2036050685"/>
  <nd ref="12308960384"/>
  <nd ref="2036050684"/>
  <nd ref="88998777"/>
  <nd ref="2162367498"/>
  <nd ref="2036077009"/>
  <nd ref="2162367500"/>
  <nd ref="6449863084"/>
  <nd ref="6449863083"/>
  <nd ref="6449863082"/>
  <nd ref="6449863081"/>
  <nd ref="6449863080"/>
  <nd ref="6449863079"/>
  <nd ref="6449863078"/>
  <nd ref="6449863077"/>
  <nd ref="6449863076"/>
  <nd ref="6449863075"/>
  <nd ref="6449863074"/>
  <nd ref="6449863073"/>
  <nd ref="6449863072"/>
  <nd ref="6449804133"/>
  <nd ref="4367344763"/>
  <nd ref="4367344765"/>
  <nd ref="6449804134"/>
  <nd ref="6449864487"/>
  <nd ref="6449864486"/>
  <nd ref="2162367502"/>
  <nd ref="2162367503"/>
  <nd ref="2162367496"/>
  <nd ref="2162367497"/>
  <nd ref="2162367501"/>
  <nd ref="2162367504"/>
  <nd ref="2162367505"/>
  <nd ref="2162367517"/>
  <nd ref="2162367506"/>
  <nd ref="2162367564"/>
  <nd ref="2162367558"/>
  <nd ref="2162367565"/>
  <nd ref="4367052140"/>
  <nd ref="2162367570"/>
  <nd ref="4367206275"/>
  <nd ref="4367207302"/>
  <nd ref="4367052141"/>
  <nd ref="4367207364"/>
  <nd ref="4367052142"/>
  <nd ref="4367052144"/>
  <nd ref="4367052143"/>
  <nd ref="2162367597"/>
  <nd ref="2162367593"/>
  <nd ref="2162367589"/>
  <nd ref="8285332073"/>
  <nd ref="2162367588"/>
  <nd ref="2162367586"/>
  <nd ref="2162367582"/>
  <nd ref="2162367571"/>
  <tag k="area" v="yes"/>
  <tag k="boundary" v="zoning"/>
  <tag k="name" v="Kona Industrial Area"/>
 </way>
 <way id="384093059" visible="true" version="1" changeset="35716142" timestamp="2015-12-02T22:02:52Z" user="Mission Aware Technologies" uid="2139707">
  <nd ref="3873858825"/>
  <nd ref="3873858826"/>
  <nd ref="3873858827"/>
  <nd ref="3873858828"/>
  <nd ref="3873858825"/>
  <tag k="building" v="yes"/>
 </way>
 <way id="411869905" visible="true" version="4" changeset="158834732" timestamp="2024-11-06T21:50:00Z" user="BubbaJuice" uid="9941767">
  <nd ref="3017353913"/>
  <nd ref="4134670221"/>
  <nd ref="4134670218"/>
  <nd ref="4134670219"/>
  <nd ref="4134670226"/>
  <nd ref="12319524485"/>
  <nd ref="2084967052"/>
  <nd ref="4134670231"/>
  <nd ref="4134670236"/>
  <nd ref="4134670238"/>
  <nd ref="4134670240"/>
  <nd ref="4134670242"/>
  <nd ref="4134670244"/>
  <nd ref="4134670246"/>
  <nd ref="9776518841"/>
  <nd ref="4134670248"/>
  <nd ref="4134670220"/>
  <tag k="highway" v="service"/>
  <tag k="service" v="parking_aisle"/>
  <tag k="surface" v="asphalt"/>
 </way>
 <way id="411869911" visible="true" version="3" changeset="121597169" timestamp="2022-05-28T00:18:33Z" user="gimicky" uid="55980">
  <nd ref="4134670231"/>
  <nd ref="4134670232"/>
  <nd ref="4134670237"/>
  <nd ref="4134670239"/>
  <nd ref="4134670241"/>
  <nd ref="4134670243"/>
  <nd ref="4134670245"/>
  <nd ref="4134670247"/>
  <nd ref="4134670249"/>
  <nd ref="4134670234"/>
  <nd ref="9181467048"/>
  <nd ref="9181467047"/>
  <nd ref="9181467049"/>
  <nd ref="9181467050"/>
  <nd ref="9181467046"/>
  <nd ref="4134670235"/>
  <nd ref="4134670220"/>
  <tag k="highway" v="service"/>
  <tag k="service" v="parking_aisle"/>
  <tag k="surface" v="asphalt"/>
 </way>
 <way id="411869913" visible="true" version="2" changeset="121597169" timestamp="2022-05-28T00:18:36Z" user="gimicky" uid="55980">
  <nd ref="4134670236"/>
  <nd ref="4134670237"/>
  <tag k="highway" v="service"/>
  <tag k="service" v="parking_aisle"/>
  <tag k="surface" v="asphalt"/>
 </way>
 <way id="411869914" visible="true" version="2" changeset="121597169" timestamp="2022-05-28T00:18:35Z" user="gimicky" uid="55980">
  <nd ref="4134670238"/>
  <nd ref="4134670239"/>
  <tag k="highway" v="service"/>
  <tag k="service" v="parking_aisle"/>
  <tag k="surface" v="asphalt"/>
 </way>
 <way id="411869916" visible="true" version="2" changeset="121597169" timestamp="2022-05-28T00:18:35Z" user="gimicky" uid="55980">
  <nd ref="4134670240"/>
  <nd ref="4134670241"/>
  <tag k="highway" v="service"/>
  <tag k="service" v="parking_aisle"/>
  <tag k="surface" v="asphalt"/>
 </way>
 <way id="411869918" visible="true" version="2" changeset="121597169" timestamp="2022-05-28T00:18:34Z" user="gimicky" uid="55980">
  <nd ref="4134670242"/>
  <nd ref="4134670243"/>
  <tag k="highway" v="service"/>
  <tag k="service" v="parking_aisle"/>
  <tag k="surface" v="asphalt"/>
 </way>
 <way id="411869920" visible="true" version="2" changeset="121597169" timestamp="2022-05-28T00:18:32Z" user="gimicky" uid="55980">
  <nd ref="4134670244"/>
  <nd ref="4134670245"/>
  <tag k="highway" v="service"/>
  <tag k="service" v="parking_aisle"/>
  <tag k="surface" v="asphalt"/>
 </way>
 <way id="411869921" visible="true" version="2" changeset="121597169" timestamp="2022-05-28T00:18:34Z" user="gimicky" uid="55980">
  <nd ref="4134670246"/>
  <nd ref="4134670247"/>
  <tag k="highway" v="service"/>
  <tag k="service" v="parking_aisle"/>
  <tag k="surface" v="asphalt"/>
 </way>
 <way id="411869923" visible="true" version="2" changeset="121597169" timestamp="2022-05-28T00:18:33Z" user="gimicky" uid="55980">
  <nd ref="4134670248"/>
  <nd ref="4134670249"/>
  <tag k="highway" v="service"/>
  <tag k="service" v="parking_aisle"/>
  <tag k="surface" v="asphalt"/>
 </way>
 <way id="411869925" visible="true" version="2" changeset="121597169" timestamp="2022-05-28T00:18:37Z" user="gimicky" uid="55980">
  <nd ref="4134670220"/>
  <nd ref="4134670250"/>
  <tag k="highway" v="service"/>
  <tag k="service" v="parking_aisle"/>
  <tag k="surface" v="asphalt"/>
 </way>
 <way id="411869927" visible="true" version="1" changeset="38715438" timestamp="2016-04-20T01:42:08Z" user="Arbiter787" uid="2304330">
  <nd ref="4134670250"/>
  <nd ref="4134670251"/>
  <nd ref="4134670252"/>
  <nd ref="4134670253"/>
  <tag k="highway" v="service"/>
 </way>
 <way id="411869951" visible="true" version="6" changeset="126067579" timestamp="2022-09-11T23:54:37Z" user="Tom_Holland" uid="574654">
  <nd ref="4134670287"/>
  <nd ref="4134670288"/>
  <nd ref="4134670295"/>
  <nd ref="4134670294"/>
  <nd ref="10017072052"/>
  <nd ref="10017072050"/>
  <nd ref="10017072051"/>
  <nd ref="4134670289"/>
  <nd ref="2084144642"/>
  <nd ref="4134670290"/>
  <nd ref="4134670291"/>
  <nd ref="4134670292"/>
  <nd ref="4134670293"/>
  <nd ref="4134670287"/>
  <tag k="access" v="customers"/>
  <tag k="amenity" v="parking"/>
  <tag k="fee" v="no"/>
  <tag k="parking" v="surface"/>
 </way>
 <way id="439269436" visible="true" version="1" changeset="41729099" timestamp="2016-08-27T07:01:43Z" user="Tom_Holland" uid="574654">
  <nd ref="4368992926"/>
  <nd ref="4368992939"/>
  <nd ref="4368992948"/>
  <nd ref="4368992954"/>
  <nd ref="4368992950"/>
  <nd ref="4368992974"/>
  <nd ref="4368992976"/>
  <nd ref="4368992978"/>
  <nd ref="4368992981"/>
  <nd ref="4368992992"/>
  <nd ref="4368993003"/>
  <nd ref="4368993005"/>
  <nd ref="4368993001"/>
  <nd ref="4368993000"/>
  <nd ref="4368992998"/>
  <nd ref="4368992993"/>
  <nd ref="4368992984"/>
  <nd ref="4368992990"/>
  <nd ref="4368992979"/>
  <nd ref="4368992956"/>
  <nd ref="4368992941"/>
  <nd ref="4368992945"/>
  <nd ref="4368992931"/>
  <nd ref="4368992928"/>
  <nd ref="4368992922"/>
  <nd ref="4368992919"/>
  <nd ref="4368992917"/>
  <nd ref="4368992915"/>
  <nd ref="4368992913"/>
  <nd ref="4368992912"/>
  <nd ref="4368992926"/>
  <tag k="amenity" v="parking"/>
  <tag k="parking" v="surface"/>
  <tag k="surface" v="asphalt"/>
 </way>
 <way id="439269437" visible="true" version="1" changeset="41729099" timestamp="2016-08-27T07:01:43Z" user="Tom_Holland" uid="574654">
  <nd ref="4368992952"/>
  <nd ref="4368992938"/>
  <tag k="highway" v="service"/>
  <tag k="service" v="parking_aisle"/>
 </way>
 <way id="439269438" visible="true" version="1" changeset="41729099" timestamp="2016-08-27T07:01:43Z" user="Tom_Holland" uid="574654">
  <nd ref="4368992949"/>
  <nd ref="4368992943"/>
  <tag k="highway" v="service"/>
 </way>
 <way id="439269439" visible="true" version="1" changeset="41729099" timestamp="2016-08-27T07:01:43Z" user="Tom_Holland" uid="574654">
  <nd ref="4368992973"/>
  <nd ref="4368992962"/>
  <tag k="highway" v="service"/>
  <tag k="service" v="parking_aisle"/>
 </way>
 <way id="439269440" visible="true" version="1" changeset="41729099" timestamp="2016-08-27T07:01:43Z" user="Tom_Holland" uid="574654">
  <nd ref="4368992925"/>
  <nd ref="4368992937"/>
  <tag k="highway" v="service"/>
  <tag k="service" v="parking_aisle"/>
 </way>
 <way id="439269441" visible="true" version="1" changeset="41729099" timestamp="2016-08-27T07:01:43Z" user="Tom_Holland" uid="574654">
  <nd ref="4368992964"/>
  <nd ref="4368992946"/>
  <tag k="highway" v="service"/>
  <tag k="service" v="parking_aisle"/>
 </way>
 <way id="439269442" visible="true" version="1" changeset="41729099" timestamp="2016-08-27T07:01:43Z" user="Tom_Holland" uid="574654">
  <nd ref="4368992932"/>
  <nd ref="4368992934"/>
  <tag k="highway" v="service"/>
 </way>
 <way id="439269443" visible="true" version="1" changeset="41729099" timestamp="2016-08-27T07:01:43Z" user="Tom_Holland" uid="574654">
  <nd ref="4368992947"/>
  <nd ref="582239493"/>
  <tag k="highway" v="service"/>
 </way>
 <way id="439269444" visible="true" version="1" changeset="41729099" timestamp="2016-08-27T07:01:43Z" user="Tom_Holland" uid="574654">
  <nd ref="4368992958"/>
  <nd ref="4368992944"/>
  <tag k="highway" v="service"/>
  <tag k="service" v="parking_aisle"/>
 </way>
 <way id="439269445" visible="true" version="1" changeset="41729099" timestamp="2016-08-27T07:01:43Z" user="Tom_Holland" uid="574654">
  <nd ref="4368992982"/>
  <nd ref="4368992967"/>
  <tag k="highway" v="service"/>
  <tag k="service" v="parking_aisle"/>
 </way>
 <way id="439269446" visible="true" version="1" changeset="41729099" timestamp="2016-08-27T07:01:43Z" user="Tom_Holland" uid="574654">
  <nd ref="4368992983"/>
  <nd ref="4368992972"/>
  <tag k="highway" v="service"/>
  <tag k="service" v="parking_aisle"/>
 </way>
 <way id="439269447" visible="true" version="1" changeset="41729099" timestamp="2016-08-27T07:01:43Z" user="Tom_Holland" uid="574654">
  <nd ref="4368992920"/>
  <nd ref="4368992927"/>
  <tag k="highway" v="service"/>
  <tag k="service" v="parking_aisle"/>
 </way>
 <way id="439269448" visible="true" version="1" changeset="41729099" timestamp="2016-08-27T07:01:43Z" user="Tom_Holland" uid="574654">
  <nd ref="4368992968"/>
  <nd ref="4368992957"/>
  <tag k="highway" v="service"/>
  <tag k="service" v="parking_aisle"/>
 </way>
 <way id="439269449" visible="true" version="1" changeset="41729099" timestamp="2016-08-27T07:01:43Z" user="Tom_Holland" uid="574654">
  <nd ref="4368992940"/>
  <nd ref="4368992947"/>
  <tag k="highway" v="service"/>
 </way>
 <way id="439269450" visible="true" version="1" changeset="41729099" timestamp="2016-08-27T07:01:43Z" user="Tom_Holland" uid="574654">
  <nd ref="4368992971"/>
  <nd ref="4368992963"/>
  <tag k="highway" v="service"/>
  <tag k="service" v="parking_aisle"/>
 </way>
 <way id="439269451" visible="true" version="1" changeset="41729099" timestamp="2016-08-27T07:01:44Z" user="Tom_Holland" uid="574654">
  <nd ref="4368992936"/>
  <nd ref="4368992934"/>
  <tag k="highway" v="service"/>
 </way>
 <way id="439269452" visible="true" version="1" changeset="41729099" timestamp="2016-08-27T07:01:44Z" user="Tom_Holland" uid="574654">
  <nd ref="4368992918"/>
  <nd ref="4368992933"/>
  <tag k="highway" v="service"/>
  <tag k="service" v="parking_aisle"/>
 </way>
 <way id="439269453" visible="true" version="1" changeset="41729099" timestamp="2016-08-27T07:01:44Z" user="Tom_Holland" uid="574654">
  <nd ref="4368992963"/>
  <nd ref="4368992959"/>
  <tag k="highway" v="service"/>
 </way>
 <way id="439269454" visible="true" version="1" changeset="41729099" timestamp="2016-08-27T07:01:44Z" user="Tom_Holland" uid="574654">
  <nd ref="4368992986"/>
  <nd ref="4368992975"/>
  <tag k="highway" v="service"/>
  <tag k="service" v="parking_aisle"/>
 </way>
 <way id="439269455" visible="true" version="1" changeset="41729099" timestamp="2016-08-27T07:01:44Z" user="Tom_Holland" uid="574654">
  <nd ref="4368992987"/>
  <nd ref="4368992970"/>
  <tag k="highway" v="service"/>
  <tag k="service" v="parking_aisle"/>
 </way>
 <way id="439269456" visible="true" version="1" changeset="41729099" timestamp="2016-08-27T07:01:44Z" user="Tom_Holland" uid="574654">
  <nd ref="4368992955"/>
  <nd ref="4368992942"/>
  <tag k="highway" v="service"/>
  <tag k="service" v="parking_aisle"/>
 </way>
 <way id="439269457" visible="true" version="1" changeset="41729099" timestamp="2016-08-27T07:01:44Z" user="Tom_Holland" uid="574654">
  <nd ref="4368992977"/>
  <nd ref="4368992965"/>
  <tag k="highway" v="service"/>
  <tag k="service" v="parking_aisle"/>
 </way>
 <way id="439269458" visible="true" version="1" changeset="41729099" timestamp="2016-08-27T07:01:44Z" user="Tom_Holland" uid="574654">
  <nd ref="4368992988"/>
  <nd ref="4368992980"/>
  <tag k="highway" v="service"/>
 </way>
 <way id="439269459" visible="true" version="1" changeset="41729099" timestamp="2016-08-27T07:01:44Z" user="Tom_Holland" uid="574654">
  <nd ref="4368992914"/>
  <nd ref="4368992916"/>
  <tag k="highway" v="service"/>
  <tag k="service" v="parking_aisle"/>
 </way>
 <way id="439269460" visible="true" version="1" changeset="41729099" timestamp="2016-08-27T07:01:44Z" user="Tom_Holland" uid="574654">
  <nd ref="4368992914"/>
  <nd ref="4368992920"/>
  <tag k="highway" v="service"/>
  <tag k="service" v="parking_aisle"/>
 </way>
 <way id="439269461" visible="true" version="1" changeset="41729099" timestamp="2016-08-27T07:01:44Z" user="Tom_Holland" uid="574654">
  <nd ref="4368992921"/>
  <nd ref="4368992935"/>
  <tag k="highway" v="service"/>
  <tag k="service" v="parking_aisle"/>
 </way>
 <way id="439269462" visible="true" version="1" changeset="41729099" timestamp="2016-08-27T07:01:44Z" user="Tom_Holland" uid="574654">
  <nd ref="4368992966"/>
  <nd ref="4368992951"/>
  <tag k="highway" v="service"/>
  <tag k="service" v="parking_aisle"/>
 </way>
 <way id="439269463" visible="true" version="1" changeset="41729099" timestamp="2016-08-27T07:01:44Z" user="Tom_Holland" uid="574654">
  <nd ref="4368992934"/>
  <nd ref="582239449"/>
  <tag k="highway" v="service"/>
  <tag k="service" v="parking_aisle"/>
 </way>
 <way id="439269464" visible="true" version="1" changeset="41729099" timestamp="2016-08-27T07:01:44Z" user="Tom_Holland" uid="574654">
  <nd ref="4368992991"/>
  <nd ref="4368992983"/>
  <tag k="highway" v="service"/>
 </way>
 <way id="439269465" visible="true" version="1" changeset="41729099" timestamp="2016-08-27T07:01:44Z" user="Tom_Holland" uid="574654">
  <nd ref="4368992961"/>
  <nd ref="4368992949"/>
  <tag k="highway" v="service"/>
  <tag k="service" v="parking_aisle"/>
 </way>
 <way id="439269466" visible="true" version="1" changeset="41729099" timestamp="2016-08-27T07:01:44Z" user="Tom_Holland" uid="574654">
  <nd ref="4368992957"/>
  <nd ref="4368992953"/>
  <tag k="highway" v="service"/>
 </way>
 <way id="439269467" visible="true" version="1" changeset="41729099" timestamp="2016-08-27T07:01:44Z" user="Tom_Holland" uid="574654">
  <nd ref="4368992985"/>
  <nd ref="4368992969"/>
  <tag k="highway" v="service"/>
  <tag k="service" v="parking_aisle"/>
 </way>
 <way id="439269468" visible="true" version="1" changeset="41729099" timestamp="2016-08-27T07:01:44Z" user="Tom_Holland" uid="574654">
  <nd ref="4368992916"/>
  <nd ref="4368992927"/>
  <nd ref="4368992930"/>
  <tag k="highway" v="service"/>
 </way>
 <way id="439269469" visible="true" version="1" changeset="41729099" timestamp="2016-08-27T07:01:44Z" user="Tom_Holland" uid="574654">
  <nd ref="4368992983"/>
  <nd ref="4368992986"/>
  <nd ref="4368992988"/>
  <tag k="highway" v="service"/>
 </way>
 <way id="439269470" visible="true" version="2" changeset="41739334" timestamp="2016-08-27T16:12:38Z" user="Tom_Holland" uid="574654">
  <nd ref="4368992929"/>
  <nd ref="4368992932"/>
  <tag k="highway" v="service"/>
 </way>
 <way id="439269471" visible="true" version="1" changeset="41729099" timestamp="2016-08-27T07:01:44Z" user="Tom_Holland" uid="574654">
  <nd ref="4368993002"/>
  <nd ref="4368992994"/>
  <nd ref="4368992991"/>
  <tag k="highway" v="service"/>
 </way>
 <way id="439269472" visible="true" version="1" changeset="41729099" timestamp="2016-08-27T07:01:44Z" user="Tom_Holland" uid="574654">
  <nd ref="4368992963"/>
  <nd ref="4368992960"/>
  <nd ref="4368992957"/>
  <tag k="highway" v="service"/>
 </way>
 <way id="439269473" visible="true" version="1" changeset="41729099" timestamp="2016-08-27T07:01:44Z" user="Tom_Holland" uid="574654">
  <nd ref="4368992953"/>
  <nd ref="4368992951"/>
  <nd ref="4368992946"/>
  <nd ref="4368992943"/>
  <tag k="highway" v="service"/>
 </way>
 <way id="439269474" visible="true" version="1" changeset="41729099" timestamp="2016-08-27T07:01:45Z" user="Tom_Holland" uid="574654">
  <nd ref="4368992916"/>
  <nd ref="4368992918"/>
  <nd ref="4368992921"/>
  <nd ref="4368992925"/>
  <nd ref="4368992929"/>
  <tag k="highway" v="service"/>
 </way>
 <way id="439269475" visible="true" version="1" changeset="41729099" timestamp="2016-08-27T07:01:45Z" user="Tom_Holland" uid="574654">
  <nd ref="4368992949"/>
  <nd ref="4368992944"/>
  <nd ref="4368992942"/>
  <nd ref="4368992938"/>
  <nd ref="4368992936"/>
  <tag k="highway" v="service"/>
 </way>
 <way id="439269476" visible="true" version="3" changeset="90275623" timestamp="2020-09-02T04:59:42Z" user="user_8466505" uid="8466505">
  <nd ref="581748881"/>
  <nd ref="4368992989"/>
  <nd ref="7866971273"/>
  <nd ref="4368993002"/>
  <nd ref="4368993004"/>
  <nd ref="4368992999"/>
  <nd ref="4368992997"/>
  <nd ref="4368992994"/>
  <tag k="highway" v="service"/>
 </way>
 <way id="439269477" visible="true" version="1" changeset="41729099" timestamp="2016-08-27T07:01:45Z" user="Tom_Holland" uid="574654">
  <nd ref="4368992923"/>
  <nd ref="4368992924"/>
  <nd ref="4368992930"/>
  <nd ref="4368992933"/>
  <nd ref="4368992935"/>
  <nd ref="4368992937"/>
  <nd ref="4368992940"/>
  <tag k="highway" v="service"/>
 </way>
 <way id="439269478" visible="true" version="1" changeset="41729099" timestamp="2016-08-27T07:01:45Z" user="Tom_Holland" uid="574654">
  <nd ref="4368992980"/>
  <nd ref="4368992975"/>
  <nd ref="4368992972"/>
  <nd ref="4368992970"/>
  <nd ref="4368992969"/>
  <nd ref="4368992967"/>
  <nd ref="4368992965"/>
  <nd ref="4368992962"/>
  <nd ref="4368992959"/>
  <tag k="highway" v="service"/>
 </way>
 <way id="439378908" visible="true" version="1" changeset="41739334" timestamp="2016-08-27T16:12:38Z" user="Tom_Holland" uid="574654">
  <nd ref="4368992932"/>
  <nd ref="4368992940"/>
  <tag k="highway" v="service"/>
  <tag k="service" v="parking_aisle"/>
 </way>
 <way id="540798627" visible="true" version="1" changeset="53816346" timestamp="2017-11-15T19:51:05Z" user="mbyte" uid="505942">
  <nd ref="5231093134"/>
  <nd ref="5231093131"/>
  <nd ref="5231093132"/>
  <nd ref="5231093133"/>
  <nd ref="5231093134"/>
  <tag k="building" v="yes"/>
 </way>
 <way id="692601689" visible="true" version="1" changeset="70635210" timestamp="2019-05-26T15:29:39Z" user="Tom_Holland" uid="574654">
  <nd ref="6502227207"/>
  <nd ref="6502227046"/>
  <nd ref="6502227202"/>
  <nd ref="6502227084"/>
  <nd ref="6502227068"/>
  <nd ref="6502227188"/>
  <nd ref="6502227078"/>
  <nd ref="6502227058"/>
  <nd ref="6502227199"/>
  <nd ref="6502227063"/>
  <nd ref="6502227055"/>
  <nd ref="6502227207"/>
  <tag k="building" v="yes"/>
 </way>
 <way id="692601690" visible="true" version="1" changeset="70635210" timestamp="2019-05-26T15:29:39Z" user="Tom_Holland" uid="574654">
  <nd ref="6502227208"/>
  <nd ref="6502227205"/>
  <nd ref="6502227196"/>
  <nd ref="6502227070"/>
  <nd ref="6502227210"/>
  <nd ref="6502227060"/>
  <nd ref="6502227208"/>
  <tag k="building" v="yes"/>
 </way>
 <way id="692601691" visible="true" version="1" changeset="70635210" timestamp="2019-05-26T15:29:39Z" user="Tom_Holland" uid="574654">
  <nd ref="6502227073"/>
  <nd ref="6502227054"/>
  <nd ref="6502227057"/>
  <nd ref="6502227074"/>
  <nd ref="6502227049"/>
  <nd ref="6502227077"/>
  <nd ref="6502227076"/>
  <nd ref="6502227193"/>
  <nd ref="6502227206"/>
  <nd ref="6502227059"/>
  <nd ref="6502227209"/>
  <nd ref="6502227051"/>
  <nd ref="6502227073"/>
  <tag k="building" v="yes"/>
 </way>
 <way id="692601692" visible="true" version="1" changeset="70635210" timestamp="2019-05-26T15:29:39Z" user="Tom_Holland" uid="574654">
  <nd ref="6502227080"/>
  <nd ref="6502227071"/>
  <nd ref="6502227191"/>
  <nd ref="6502227075"/>
  <nd ref="6502227050"/>
  <nd ref="6502227198"/>
  <nd ref="6502227053"/>
  <nd ref="6502227081"/>
  <nd ref="6502227200"/>
  <nd ref="6502227067"/>
  <nd ref="6502227064"/>
  <nd ref="6502227079"/>
  <nd ref="6502227048"/>
  <nd ref="6502227065"/>
  <nd ref="6502227197"/>
  <nd ref="6502227083"/>
  <nd ref="6502227080"/>
  <tag k="building" v="yes"/>
 </way>
 <way id="692601693" visible="true" version="1" changeset="70635210" timestamp="2019-05-26T15:29:39Z" user="Tom_Holland" uid="574654">
  <nd ref="6502227190"/>
  <nd ref="6502227062"/>
  <nd ref="6502227195"/>
  <nd ref="6502227082"/>
  <nd ref="6502227192"/>
  <nd ref="6502227072"/>
  <nd ref="6502227186"/>
  <nd ref="6502227190"/>
  <tag k="building" v="yes"/>
 </way>
 <way id="692601694" visible="true" version="1" changeset="70635210" timestamp="2019-05-26T15:29:39Z" user="Tom_Holland" uid="574654">
  <nd ref="6502227056"/>
  <nd ref="6502227194"/>
  <nd ref="6502227187"/>
  <nd ref="6502227185"/>
  <nd ref="6502227201"/>
  <nd ref="6502227189"/>
  <nd ref="6502227204"/>
  <nd ref="6502227052"/>
  <nd ref="6502227061"/>
  <nd ref="6502227211"/>
  <nd ref="6502227203"/>
  <nd ref="6502227066"/>
  <nd ref="6502227069"/>
  <nd ref="6502227047"/>
  <nd ref="6502227056"/>
  <tag k="building" v="yes"/>
 </way>
 <way id="692601695" visible="true" version="1" changeset="70635210" timestamp="2019-05-26T15:29:39Z" user="Tom_Holland" uid="574654">
  <nd ref="6502227215"/>
  <nd ref="6502227212"/>
  <nd ref="6502227213"/>
  <nd ref="6502227214"/>
  <nd ref="6502227215"/>
  <tag k="building" v="apartments"/>
 </way>
 <way id="692601696" visible="true" version="1" changeset="70635210" timestamp="2019-05-26T15:29:39Z" user="Tom_Holland" uid="574654">
  <nd ref="6502227225"/>
  <nd ref="6502227224"/>
  <nd ref="6502227223"/>
  <nd ref="6502227222"/>
  <nd ref="6502227221"/>
  <nd ref="6502227220"/>
  <nd ref="6502227219"/>
  <nd ref="6502227218"/>
  <nd ref="6502227217"/>
  <nd ref="6502227216"/>
  <nd ref="6502227225"/>
  <tag k="building" v="apartments"/>
 </way>
 <way id="692601697" visible="true" version="1" changeset="70635210" timestamp="2019-05-26T15:29:39Z" user="Tom_Holland" uid="574654">
  <nd ref="6502227235"/>
  <nd ref="6502227234"/>
  <nd ref="6502227233"/>
  <nd ref="6502227232"/>
  <nd ref="6502227231"/>
  <nd ref="6502227230"/>
  <nd ref="6502227229"/>
  <nd ref="6502227228"/>
  <nd ref="6502227227"/>
  <nd ref="6502227226"/>
  <nd ref="6502227235"/>
  <tag k="building" v="apartments"/>
 </way>
 <way id="692601698" visible="true" version="1" changeset="70635210" timestamp="2019-05-26T15:29:39Z" user="Tom_Holland" uid="574654">
  <nd ref="6502227251"/>
  <nd ref="6502227249"/>
  <nd ref="6502227238"/>
  <nd ref="6502227248"/>
  <nd ref="6502227247"/>
  <nd ref="6502227239"/>
  <nd ref="6502227240"/>
  <nd ref="6502227246"/>
  <nd ref="6502227245"/>
  <nd ref="6502227241"/>
  <nd ref="6502227237"/>
  <nd ref="6502227244"/>
  <nd ref="6502227243"/>
  <nd ref="6502227242"/>
  <nd ref="6502227236"/>
  <nd ref="6502227250"/>
  <nd ref="6502227251"/>
  <tag k="building" v="apartments"/>
 </way>
 <way id="692601699" visible="true" version="1" changeset="70635210" timestamp="2019-05-26T15:29:40Z" user="Tom_Holland" uid="574654">
  <nd ref="6502227261"/>
  <nd ref="6502227260"/>
  <nd ref="6502227259"/>
  <nd ref="6502227258"/>
  <nd ref="6502227257"/>
  <nd ref="6502227256"/>
  <nd ref="6502227255"/>
  <nd ref="6502227254"/>
  <nd ref="6502227253"/>
  <nd ref="6502227252"/>
  <nd ref="6502227261"/>
  <tag k="building" v="apartments"/>
 </way>
 <way id="692601700" visible="true" version="1" changeset="70635210" timestamp="2019-05-26T15:29:40Z" user="Tom_Holland" uid="574654">
  <nd ref="6502227268"/>
  <nd ref="6502227266"/>
  <nd ref="6502227264"/>
  <nd ref="6502227269"/>
  <nd ref="6502227270"/>
  <nd ref="6502227271"/>
  <nd ref="6502227263"/>
  <nd ref="6502227265"/>
  <nd ref="6502227262"/>
  <nd ref="6502227267"/>
  <nd ref="6502227268"/>
  <tag k="building" v="apartments"/>
 </way>
 <way id="692601701" visible="true" version="1" changeset="70635210" timestamp="2019-05-26T15:29:40Z" user="Tom_Holland" uid="574654">
  <nd ref="6502227287"/>
  <nd ref="6502227285"/>
  <tag k="access" v="private"/>
  <tag k="highway" v="service"/>
  <tag k="service" v="parking_aisle"/>
 </way>
 <way id="692601702" visible="true" version="1" changeset="70635210" timestamp="2019-05-26T15:29:40Z" user="Tom_Holland" uid="574654">
  <nd ref="6502227288"/>
  <nd ref="6502227293"/>
  <tag k="access" v="private"/>
  <tag k="highway" v="service"/>
  <tag k="service" v="parking_aisle"/>
 </way>
 <way id="692601703" visible="true" version="1" changeset="70635210" timestamp="2019-05-26T15:29:40Z" user="Tom_Holland" uid="574654">
  <nd ref="6502227290"/>
  <nd ref="6502227289"/>
  <nd ref="6502227287"/>
  <nd ref="6502227286"/>
  <tag k="access" v="private"/>
  <tag k="highway" v="service"/>
  <tag k="service" v="parking_aisle"/>
 </way>
 <way id="692601704" visible="true" version="1" changeset="70635210" timestamp="2019-05-26T15:29:40Z" user="Tom_Holland" uid="574654">
  <nd ref="6502227292"/>
  <nd ref="6502227290"/>
  <tag k="access" v="private"/>
  <tag k="highway" v="service"/>
  <tag k="service" v="parking_aisle"/>
 </way>
 <way id="692601705" visible="true" version="1" changeset="70635210" timestamp="2019-05-26T15:29:40Z" user="Tom_Holland" uid="574654">
  <nd ref="6502227294"/>
  <nd ref="6502227293"/>
  <nd ref="6502227292"/>
  <nd ref="6502227285"/>
  <nd ref="6502227283"/>
  <nd ref="6502227282"/>
  <nd ref="6502227291"/>
  <nd ref="6502227281"/>
  <nd ref="6502227284"/>
  <nd ref="6502227280"/>
  <nd ref="6502227277"/>
  <nd ref="6502227276"/>
  <nd ref="6502227279"/>
  <nd ref="6502227275"/>
  <nd ref="6502227274"/>
  <nd ref="6502227273"/>
  <nd ref="6502227278"/>
  <nd ref="6502227272"/>
  <tag k="access" v="private"/>
  <tag k="highway" v="service"/>
  <tag k="service" v="parking_aisle"/>
  <tag k="sidewalk" v="both"/>
 </way>
 <way id="692601706" visible="true" version="1" changeset="70635210" timestamp="2019-05-26T15:29:40Z" user="Tom_Holland" uid="574654">
  <nd ref="6502227296"/>
  <nd ref="6502227297"/>
  <nd ref="6502227295"/>
  <tag k="access" v="private"/>
  <tag k="highway" v="service"/>
  <tag k="service" v="parking_aisle"/>
 </way>
 <way id="692601707" visible="true" version="1" changeset="70635210" timestamp="2019-05-26T15:29:40Z" user="Tom_Holland" uid="574654">
  <nd ref="6502227298"/>
  <nd ref="6502227297"/>
  <tag k="access" v="private"/>
  <tag k="highway" v="service"/>
  <tag k="service" v="parking_aisle"/>
 </way>
 <way id="692601708" visible="true" version="1" changeset="70635210" timestamp="2019-05-26T15:29:40Z" user="Tom_Holland" uid="574654">
  <nd ref="6502227300"/>
  <nd ref="6502227301"/>
  <nd ref="6502227298"/>
  <nd ref="6502227299"/>
  <tag k="access" v="private"/>
  <tag k="highway" v="service"/>
  <tag k="service" v="parking_aisle"/>
  <tag k="sidewalk" v="both"/>
 </way>
 <way id="692601709" visible="true" version="1" changeset="70635210" timestamp="2019-05-26T15:29:40Z" user="Tom_Holland" uid="574654">
  <nd ref="6502227302"/>
  <nd ref="6502227301"/>
  <tag k="access" v="private"/>
  <tag k="highway" v="service"/>
  <tag k="service" v="parking_aisle"/>
 </way>
 <way id="692601710" visible="true" version="2" changeset="88823011" timestamp="2020-08-01T19:20:34Z" user="Tom_Holland" uid="574654">
  <nd ref="6502227315"/>
  <nd ref="7776129121"/>
  <nd ref="7776129122"/>
  <nd ref="7776129118"/>
  <nd ref="7776129119"/>
  <nd ref="7776129120"/>
  <nd ref="6502227315"/>
  <tag k="landuse" v="residential"/>
  <tag k="name" v="Lei Kupuna"/>
  <tag k="place" v="plot"/>
 </way>
 <way id="692601711" visible="true" version="3" changeset="140395639" timestamp="2023-08-26T04:16:08Z" user="BlueOddish" uid="18668804">
  <nd ref="6502227350"/>
  <nd ref="6502227272"/>
  <nd ref="6502227349"/>
  <tag k="alt_name" v="Manawalea Street"/>
  <tag k="cycleway" v="lane"/>
  <tag k="highway" v="tertiary"/>
  <tag k="name" v="Manawaleʻa Street"/>
  <tag k="sidewalk" v="both"/>
 </way>
 <way id="692601712" visible="true" version="2" changeset="88823011" timestamp="2020-08-01T19:20:34Z" user="Tom_Holland" uid="574654">
  <nd ref="6502227350"/>
  <nd ref="6502227302"/>
  <nd ref="6502227334"/>
  <tag k="highway" v="residential"/>
  <tag k="name" v="Ka ʻEka Street"/>
  <tag k="sidewalk" v="both"/>
 </way>
 <way id="692601713" visible="true" version="2" changeset="88823011" timestamp="2020-08-01T19:20:34Z" user="Tom_Holland" uid="574654">
  <nd ref="6502227335"/>
  <nd ref="6502227350"/>
  <tag k="highway" v="residential"/>
  <tag k="name" v="Ka ʻEka Street"/>
  <tag k="sidewalk" v="both"/>
 </way>
 <way id="692601714" visible="true" version="3" changeset="140395639" timestamp="2023-08-26T04:16:08Z" user="BlueOddish" uid="18668804">
  <nd ref="2087676381"/>
  <nd ref="7775882355"/>
  <nd ref="7775882354"/>
  <nd ref="7775882353"/>
  <nd ref="7775882352"/>
  <nd ref="7775882351"/>
  <nd ref="7775882350"/>
  <nd ref="7775882349"/>
  <nd ref="7775882348"/>
  <nd ref="7775882347"/>
  <nd ref="7775882346"/>
  <nd ref="7775882345"/>
  <nd ref="7775882344"/>
  <nd ref="7775882343"/>
  <nd ref="7775882342"/>
  <nd ref="7775882341"/>
  <nd ref="7775882340"/>
  <nd ref="7775882339"/>
  <nd ref="7775882338"/>
  <nd ref="7775882337"/>
  <nd ref="7775882336"/>
  <nd ref="6502227349"/>
  <tag k="alt_name" v="Manawalea Street"/>
  <tag k="cycleway" v="lane"/>
  <tag k="highway" v="tertiary"/>
  <tag k="name" v="Manawaleʻa Street"/>
  <tag k="sidewalk" v="both"/>
 </way>
 <way id="692601715" visible="true" version="3" changeset="140395639" timestamp="2023-08-26T04:16:08Z" user="BlueOddish" uid="18668804">
  <nd ref="6502227351"/>
  <nd ref="6502227350"/>
  <tag k="alt_name" v="Manawalea Street"/>
  <tag k="cycleway" v="lane"/>
  <tag k="highway" v="tertiary"/>
  <tag k="name" v="Manawaleʻa Street"/>
  <tag k="sidewalk" v="both"/>
 </way>
 <way id="693993200" visible="true" version="1" changeset="70846483" timestamp="2019-06-02T01:20:17Z" user="Tom_Holland" uid="574654">
  <nd ref="2036050928"/>
  <nd ref="6515741884"/>
  <nd ref="6515741883"/>
  <nd ref="6515741882"/>
  <nd ref="581837924"/>
  <tag k="access" v="private"/>
  <tag k="highway" v="service"/>
  <tag k="service" v="driveway"/>
  <tag k="surface" v="asphalt"/>
 </way>
 <way id="828321269" visible="true" version="1" changeset="88272019" timestamp="2020-07-21T03:21:09Z" user="user_6771650" uid="6771650">
  <nd ref="7732795967"/>
  <nd ref="7732788281"/>
  <nd ref="7732793191"/>
  <nd ref="7732790441"/>
  <nd ref="7732787659"/>
  <nd ref="7732781337"/>
  <nd ref="7732778574"/>
  <nd ref="7732783451"/>
  <nd ref="7732793858"/>
  <nd ref="7732791080"/>
  <nd ref="7732790139"/>
  <nd ref="7732782480"/>
  <nd ref="7732787353"/>
  <nd ref="7732779724"/>
  <nd ref="7732784595"/>
  <nd ref="7732795027"/>
  <nd ref="7732792237"/>
  <nd ref="7732783140"/>
  <nd ref="7732793536"/>
  <nd ref="7732780372"/>
  <nd ref="7732790774"/>
  <nd ref="7732787969"/>
  <nd ref="7732786066"/>
  <nd ref="7732796455"/>
  <nd ref="7732783295"/>
  <nd ref="7732793701"/>
  <nd ref="7732780531"/>
  <nd ref="7732795810"/>
  <nd ref="7732788121"/>
  <nd ref="7732779069"/>
  <nd ref="7732789497"/>
  <nd ref="7732794371"/>
  <nd ref="7732795967"/>
 </way>
 <way id="828321278" visible="true" version="3" changeset="93587378" timestamp="2020-11-05T08:18:01Z" user="stevea" uid="123633">
  <nd ref="7732792688"/>
  <nd ref="7732787777"/>
  <nd ref="7732795462"/>
  <nd ref="7732781360"/>
  <nd ref="7732786247"/>
  <nd ref="7732783472"/>
  <nd ref="7732791105"/>
  <nd ref="7732791924"/>
  <nd ref="7732784271"/>
  <nd ref="7732789184"/>
  <nd ref="7732786410"/>
  <nd ref="7732783622"/>
  <nd ref="7732795355"/>
  <nd ref="7732782181"/>
  <nd ref="7732779409"/>
  <nd ref="7732794714"/>
  <nd ref="7732787034"/>
  <nd ref="7732783323"/>
  <nd ref="7732780554"/>
  <nd ref="7732790951"/>
  <nd ref="7732795835"/>
  <nd ref="7732788145"/>
  <nd ref="7732789524"/>
  <nd ref="7732794393"/>
  <nd ref="7732791594"/>
  <nd ref="7732783957"/>
  <nd ref="7732788858"/>
  <nd ref="7732781203"/>
  <nd ref="7732782018"/>
  <nd ref="7732792420"/>
  <nd ref="7732779250"/>
  <nd ref="7732789678"/>
  <nd ref="7732794552"/>
  <nd ref="7732786886"/>
  <nd ref="7732784106"/>
  <nd ref="7732793065"/>
  <nd ref="7732790310"/>
  <nd ref="7732782664"/>
  <nd ref="7732787531"/>
  <nd ref="7732779898"/>
  <nd ref="7732784775"/>
  <nd ref="7732794240"/>
  <nd ref="7732786576"/>
  <nd ref="7732792688"/>
  <tag k="boundary" v="aboriginal_lands"/>
  <tag k="name" v="Keahuolu Hawaiian Home Land"/>
  <tag k="population" v="0"/>
 </way>
 <way id="828321308" visible="true" version="6" changeset="88826980" timestamp="2020-08-01T23:26:57Z" user="Tom_Holland" uid="574654">
  <nd ref="7732789432"/>
  <nd ref="7732781768"/>
  <nd ref="7732786647"/>
  <nd ref="7732779004"/>
  <nd ref="7732783871"/>
  <nd ref="7732794306"/>
  <nd ref="7732795110"/>
  <nd ref="7732787438"/>
  <nd ref="7732784683"/>
  <nd ref="7732789582"/>
  <nd ref="7732786795"/>
  <nd ref="7732779157"/>
  <nd ref="7732788054"/>
  <nd ref="7732782572"/>
  <nd ref="7732792966"/>
  <nd ref="7732790222"/>
  <nd ref="7732781623"/>
  <nd ref="7732794139"/>
  <nd ref="7732779498"/>
  <nd ref="7732789924"/>
  <nd ref="7732794809"/>
  <nd ref="7732787128"/>
  <nd ref="7732792020"/>
  <nd ref="7776191749"/>
  <nd ref="7776191748"/>
  <nd ref="7776191747"/>
  <nd ref="7776191746"/>
  <nd ref="7776191745"/>
  <nd ref="7776191744"/>
  <nd ref="7776191743"/>
  <nd ref="7776191742"/>
  <nd ref="7776191741"/>
  <nd ref="7776191740"/>
  <nd ref="7776191739"/>
  <nd ref="7776191738"/>
  <nd ref="7776191737"/>
  <nd ref="7776191736"/>
  <nd ref="7776191735"/>
  <nd ref="7776191734"/>
  <nd ref="7776191733"/>
  <nd ref="7776191732"/>
  <nd ref="7776191731"/>
  <nd ref="7776191730"/>
  <nd ref="7776191729"/>
  <nd ref="7776191728"/>
  <nd ref="7776191727"/>
  <nd ref="7776191726"/>
  <nd ref="7776191725"/>
  <nd ref="7776191724"/>
  <nd ref="7776191723"/>
  <nd ref="7776191722"/>
  <nd ref="7776191721"/>
  <nd ref="7776191720"/>
  <nd ref="7776191719"/>
  <nd ref="7776191718"/>
  <nd ref="7776191717"/>
  <nd ref="7776191716"/>
  <nd ref="7776191715"/>
  <nd ref="7776191714"/>
  <nd ref="7776191713"/>
  <nd ref="7776191712"/>
  <nd ref="7776191711"/>
  <nd ref="7776191710"/>
  <nd ref="7776191709"/>
  <nd ref="7776191708"/>
  <nd ref="7732779702"/>
  <nd ref="7732790116"/>
  <nd ref="7732795002"/>
  <nd ref="7732792214"/>
  <nd ref="7732781816"/>
  <nd ref="7732783112"/>
  <nd ref="7732787944"/>
  <nd ref="7732780348"/>
  <nd ref="7732785228"/>
  <nd ref="7732795639"/>
  <nd ref="7732782460"/>
  <nd ref="7776129123"/>
  <nd ref="7732784241"/>
  <nd ref="7732786383"/>
  <nd ref="7732778731"/>
  <nd ref="7732783597"/>
  <nd ref="7776191689"/>
  <nd ref="7732794019"/>
  <nd ref="7732784910"/>
  <nd ref="7776191698"/>
  <nd ref="7732795332"/>
  <nd ref="7776191694"/>
  <nd ref="7732782154"/>
  <nd ref="7732792548"/>
  <nd ref="7732789812"/>
  <nd ref="7732787799"/>
  <nd ref="7732785070"/>
  <nd ref="7732795487"/>
  <nd ref="7732792712"/>
  <nd ref="7732779541"/>
  <nd ref="7732780842"/>
  <nd ref="7775882356"/>
  <nd ref="7775882357"/>
  <nd ref="7775882358"/>
  <nd ref="7775882359"/>
  <nd ref="7775882360"/>
  <nd ref="7775882361"/>
  <nd ref="7775882362"/>
  <nd ref="7775882363"/>
  <nd ref="7775882364"/>
  <nd ref="7775882365"/>
  <nd ref="7775882366"/>
  <nd ref="7775882367"/>
  <nd ref="7775882368"/>
  <nd ref="7775882369"/>
  <nd ref="7732785411"/>
  <nd ref="7732790288"/>
  <nd ref="7732782638"/>
  <nd ref="7732787506"/>
  <nd ref="7732779871"/>
  <nd ref="7732784748"/>
  <nd ref="7732795178"/>
  <nd ref="7732789432"/>
 </way>
 <way id="830970631" visible="true" version="4" changeset="106675305" timestamp="2021-06-20T17:38:48Z" user="ratrun" uid="474183">
  <nd ref="8253313958"/>
  <nd ref="8253313956"/>
  <nd ref="7759086349"/>
  <nd ref="2084989494"/>
  <nd ref="2084989491"/>
  <nd ref="2084989486"/>
  <nd ref="2084989482"/>
  <nd ref="2084989479"/>
  <tag k="highway" v="trunk_link"/>
  <tag k="lanes" v="1"/>
  <tag k="oneway" v="yes"/>
  <tag k="surface" v="asphalt"/>
 </way>
 <way id="830970632" visible="true" version="2" changeset="88588425" timestamp="2020-07-27T23:33:07Z" user="Your Village Maps" uid="227972">
  <nd ref="7759086331"/>
  <nd ref="2084989492"/>
  <nd ref="2084989495"/>
  <nd ref="7759086337"/>
  <nd ref="2084989502"/>
  <nd ref="2084989507"/>
  <nd ref="2084989509"/>
  <nd ref="2084967056"/>
  <tag k="highway" v="trunk_link"/>
  <tag k="lanes" v="1"/>
  <tag k="oneway" v="yes"/>
  <tag k="surface" v="asphalt"/>
 </way>
 <way id="830971770" visible="true" version="2" changeset="88589369" timestamp="2020-07-28T00:18:43Z" user="Your Village Maps" uid="227972">
  <nd ref="2084989464"/>
  <nd ref="7759156973"/>
  <nd ref="2084989466"/>
  <tag k="bicycle" v="designated"/>
  <tag k="cycleway" v="lane"/>
  <tag k="highway" v="tertiary"/>
  <tag k="lanes" v="3"/>
  <tag k="name" v="Makala Boulevard"/>
  <tag k="oneway" v="yes"/>
  <tag k="surface" v="asphalt"/>
  <tag k="tiger:countyfp" v="001"/>
  <tag k="tiger:mtfcc" v="S1400"/>
  <tag k="tiger:statefp" v="15"/>
  <tag k="turn:lanes" v="left|left;through|through;right"/>
 </way>
 <way id="830971771" visible="true" version="5" changeset="183172710" timestamp="2026-05-25T18:44:14Z" user="dia-jules" uid="10209572">
  <nd ref="7759086331"/>
  <nd ref="2084989493"/>
  <nd ref="11384813243"/>
  <nd ref="7759086347"/>
  <nd ref="2084989496"/>
  <tag k="alt_name" v="Queen Kaahumanu Highway"/>
  <tag k="bicycle" v="designated"/>
  <tag k="cycleway" v="lane"/>
  <tag k="highway" v="trunk"/>
  <tag k="lanes" v="4"/>
  <tag k="maxspeed" v="35 mph"/>
  <tag k="name" v="Queen Kaʻahumanu Highway"/>
  <tag k="oneway" v="yes"/>
  <tag k="ref" v="HI 19"/>
  <tag k="surface" v="asphalt"/>
  <tag k="tiger:countyfp" v="001"/>
  <tag k="tiger:mtfcc" v="S1200"/>
  <tag k="tiger:statefp" v="15"/>
  <tag k="turn:lanes" v="left|left|through|through"/>
 </way>
 <way id="830971772" visible="true" version="4" changeset="183172710" timestamp="2026-05-25T18:44:14Z" user="dia-jules" uid="10209572">
  <nd ref="2084989496"/>
  <nd ref="2084989505"/>
  <tag k="alt_name" v="Queen Kaahumanu Highway"/>
  <tag k="bicycle" v="designated"/>
  <tag k="cycleway" v="lane"/>
  <tag k="highway" v="trunk"/>
  <tag k="lanes" v="4"/>
  <tag k="maxspeed" v="35 mph"/>
  <tag k="name" v="Queen Kaʻahumanu Highway"/>
  <tag k="oneway" v="yes"/>
  <tag k="ref" v="HI 19"/>
  <tag k="surface" v="asphalt"/>
  <tag k="tiger:countyfp" v="001"/>
  <tag k="tiger:mtfcc" v="S1200"/>
  <tag k="tiger:statefp" v="15"/>
  <tag k="turn:lanes" v="left|left|through|through"/>
 </way>
 <way id="830971773" visible="true" version="4" changeset="183172710" timestamp="2026-05-25T18:44:14Z" user="dia-jules" uid="10209572">
  <nd ref="2084989451"/>
  <nd ref="2084989459"/>
  <tag k="alt_name" v="Queen Kaahumanu Highway"/>
  <tag k="bicycle" v="designated"/>
  <tag k="cycleway" v="lane"/>
  <tag k="highway" v="trunk"/>
  <tag k="lanes" v="3"/>
  <tag k="maxspeed" v="35 mph"/>
  <tag k="name" v="Queen Kaʻahumanu Highway"/>
  <tag k="oneway" v="yes"/>
  <tag k="ref" v="HI 19"/>
  <tag k="surface" v="asphalt"/>
  <tag k="tiger:countyfp" v="001"/>
  <tag k="tiger:mtfcc" v="S1200"/>
  <tag k="tiger:statefp" v="15"/>
  <tag k="turn:lanes" v="left|none|none"/>
 </way>
 <way id="830971774" visible="true" version="5" changeset="183172710" timestamp="2026-05-25T18:44:14Z" user="dia-jules" uid="10209572">
  <nd ref="2084989459"/>
  <nd ref="2084989461"/>
  <nd ref="2084989472"/>
  <nd ref="7759086331"/>
  <tag k="alt_name" v="Queen Kaahumanu Highway"/>
  <tag k="bicycle" v="designated"/>
  <tag k="cycleway" v="lane"/>
  <tag k="highway" v="trunk"/>
  <tag k="lanes" v="5"/>
  <tag k="maxspeed" v="35 mph"/>
  <tag k="name" v="Queen Kaʻahumanu Highway"/>
  <tag k="oneway" v="yes"/>
  <tag k="ref" v="HI 19"/>
  <tag k="surface" v="asphalt"/>
  <tag k="tiger:countyfp" v="001"/>
  <tag k="tiger:mtfcc" v="S1200"/>
  <tag k="tiger:statefp" v="15"/>
  <tag k="turn:lanes" v="left|left|through|through|right"/>
 </way>
 <way id="830971775" visible="true" version="2" changeset="88589369" timestamp="2020-07-28T00:18:43Z" user="Your Village Maps" uid="227972">
  <nd ref="7759156969"/>
  <nd ref="2084967061"/>
  <nd ref="582168505"/>
  <tag k="bicycle" v="designated"/>
  <tag k="cycleway" v="lane"/>
  <tag k="highway" v="unclassified"/>
  <tag k="lanes" v="1"/>
  <tag k="name" v="Makala Boulevard"/>
  <tag k="oneway" v="yes"/>
  <tag k="surface" v="asphalt"/>
  <tag k="tiger:countyfp" v="001"/>
  <tag k="tiger:mtfcc" v="S1400"/>
  <tag k="tiger:statefp" v="15"/>
 </way>
 <way id="830971776" visible="true" version="4" changeset="183172710" timestamp="2026-05-25T18:44:14Z" user="dia-jules" uid="10209572">
  <nd ref="7759156971"/>
  <nd ref="7759156972"/>
  <nd ref="7759156977"/>
  <nd ref="7759156978"/>
  <tag k="alt_name" v="Queen Kaahumanu Highway"/>
  <tag k="bicycle" v="designated"/>
  <tag k="cycleway" v="lane"/>
  <tag k="highway" v="trunk"/>
  <tag k="lanes" v="3"/>
  <tag k="maxspeed" v="35 mph"/>
  <tag k="name" v="Queen Kaʻahumanu Highway"/>
  <tag k="oneway" v="yes"/>
  <tag k="ref" v="HI 19"/>
  <tag k="surface" v="asphalt"/>
  <tag k="tiger:countyfp" v="001"/>
  <tag k="tiger:mtfcc" v="S1400"/>
  <tag k="tiger:statefp" v="15"/>
  <tag k="turn:lanes" v="none|none|right"/>
 </way>
 <way id="830971777" visible="true" version="3" changeset="96287203" timestamp="2020-12-23T01:53:46Z" user="user_8466505" uid="8466505">
  <nd ref="2084989489"/>
  <nd ref="7759086335"/>
  <nd ref="2084989479"/>
  <nd ref="2084989469"/>
  <tag k="bicycle" v="designated"/>
  <tag k="cycleway" v="shared_lane"/>
  <tag k="highway" v="tertiary"/>
  <tag k="lanes" v="2"/>
  <tag k="name" v="Makala Boulevard"/>
  <tag k="oneway" v="yes"/>
  <tag k="surface" v="asphalt"/>
  <tag k="tiger:countyfp" v="001"/>
  <tag k="tiger:mtfcc" v="S1400"/>
  <tag k="tiger:statefp" v="15"/>
 </way>
 <way id="830971778" visible="true" version="2" changeset="88589369" timestamp="2020-07-28T00:18:43Z" user="Your Village Maps" uid="227972">
  <nd ref="582168550"/>
  <nd ref="2084989529"/>
  <tag k="bicycle" v="designated"/>
  <tag k="cycleway" v="lane"/>
  <tag k="highway" v="unclassified"/>
  <tag k="lanes" v="2"/>
  <tag k="name" v="Makala Boulevard"/>
  <tag k="oneway" v="yes"/>
  <tag k="surface" v="asphalt"/>
  <tag k="tiger:countyfp" v="001"/>
  <tag k="tiger:mtfcc" v="S1400"/>
  <tag k="tiger:statefp" v="15"/>
  <tag k="turn:lanes" v="left|through;right"/>
 </way>
 <way id="830971779" visible="true" version="3" changeset="151077482" timestamp="2024-05-08T22:23:51Z" user="dpaschich" uid="621202">
  <nd ref="2084989496"/>
  <nd ref="11889897080"/>
  <nd ref="2084967055"/>
  <nd ref="2084967056"/>
  <tag k="bicycle" v="designated"/>
  <tag k="cycleway" v="shared_lane"/>
  <tag k="highway" v="unclassified"/>
  <tag k="lanes" v="2"/>
  <tag k="name" v="Makala Boulevard"/>
  <tag k="oneway" v="yes"/>
  <tag k="surface" v="asphalt"/>
  <tag k="tiger:countyfp" v="001"/>
  <tag k="tiger:mtfcc" v="S1400"/>
  <tag k="tiger:statefp" v="15"/>
 </way>
 <way id="830971780" visible="true" version="4" changeset="183172710" timestamp="2026-05-25T18:44:14Z" user="dia-jules" uid="10209572">
  <nd ref="2084989505"/>
  <nd ref="7759086340"/>
  <tag k="alt_name" v="Queen Kaahumanu Highway"/>
  <tag k="bicycle" v="designated"/>
  <tag k="cycleway" v="lane"/>
  <tag k="highway" v="trunk"/>
  <tag k="lanes" v="2"/>
  <tag k="maxspeed" v="35 mph"/>
  <tag k="name" v="Queen Kaʻahumanu Highway"/>
  <tag k="oneway" v="yes"/>
  <tag k="ref" v="HI 19"/>
  <tag k="surface" v="asphalt"/>
  <tag k="tiger:countyfp" v="001"/>
  <tag k="tiger:mtfcc" v="S1200"/>
  <tag k="tiger:statefp" v="15"/>
 </way>
 <way id="830971781" visible="true" version="5" changeset="183172710" timestamp="2026-05-25T18:44:14Z" user="dia-jules" uid="10209572">
  <nd ref="2084989481"/>
  <nd ref="7759086344"/>
  <nd ref="11384813244"/>
  <nd ref="7759086333"/>
  <tag k="alt_name" v="Queen Kaahumanu Highway"/>
  <tag k="bicycle" v="designated"/>
  <tag k="cycleway" v="lane"/>
  <tag k="highway" v="trunk"/>
  <tag k="lanes" v="2"/>
  <tag k="maxspeed" v="35 mph"/>
  <tag k="name" v="Queen Kaʻahumanu Highway"/>
  <tag k="oneway" v="yes"/>
  <tag k="ref" v="HI 19"/>
  <tag k="surface" v="asphalt"/>
  <tag k="tiger:countyfp" v="001"/>
  <tag k="tiger:mtfcc" v="S1400"/>
  <tag k="tiger:statefp" v="15"/>
 </way>
 <way id="830971782" visible="true" version="5" changeset="183172710" timestamp="2026-05-25T18:44:14Z" user="dia-jules" uid="10209572">
  <nd ref="7759156978"/>
  <nd ref="2084989535"/>
  <nd ref="7759156970"/>
  <nd ref="7759156975"/>
  <nd ref="8253313958"/>
  <nd ref="2084989513"/>
  <nd ref="7759086346"/>
  <tag k="alt_name" v="Queen Kaahumanu Highway"/>
  <tag k="bicycle" v="designated"/>
  <tag k="cycleway" v="lane"/>
  <tag k="highway" v="trunk"/>
  <tag k="lanes" v="4"/>
  <tag k="maxspeed" v="35 mph"/>
  <tag k="name" v="Queen Kaʻahumanu Highway"/>
  <tag k="oneway" v="yes"/>
  <tag k="ref" v="HI 19"/>
  <tag k="surface" v="asphalt"/>
  <tag k="tiger:countyfp" v="001"/>
  <tag k="tiger:mtfcc" v="S1400"/>
  <tag k="tiger:statefp" v="15"/>
  <tag k="turn:lanes" v="left|through|through|right"/>
 </way>
 <way id="830971783" visible="true" version="4" changeset="183172710" timestamp="2026-05-25T18:44:14Z" user="dia-jules" uid="10209572">
  <nd ref="7759086346"/>
  <nd ref="2084989504"/>
  <nd ref="7759086342"/>
  <nd ref="2084989489"/>
  <tag k="alt_name" v="Queen Kaahumanu Highway"/>
  <tag k="bicycle" v="designated"/>
  <tag k="cycleway" v="lane"/>
  <tag k="highway" v="trunk"/>
  <tag k="lanes" v="3"/>
  <tag k="maxspeed" v="35 mph"/>
  <tag k="name" v="Queen Kaʻahumanu Highway"/>
  <tag k="oneway" v="yes"/>
  <tag k="ref" v="HI 19"/>
  <tag k="surface" v="asphalt"/>
  <tag k="tiger:countyfp" v="001"/>
  <tag k="tiger:mtfcc" v="S1400"/>
  <tag k="tiger:statefp" v="15"/>
  <tag k="turn:lanes" v="left|through|through"/>
 </way>
 <way id="830971784" visible="true" version="2" changeset="88589369" timestamp="2020-07-28T00:18:43Z" user="Your Village Maps" uid="227972">
  <nd ref="2084967062"/>
  <nd ref="582168550"/>
  <tag k="bicycle" v="designated"/>
  <tag k="cycleway" v="lane"/>
  <tag k="highway" v="unclassified"/>
  <tag k="lanes" v="2"/>
  <tag k="name" v="Makala Boulevard"/>
  <tag k="oneway" v="yes"/>
  <tag k="surface" v="asphalt"/>
  <tag k="tiger:countyfp" v="001"/>
  <tag k="tiger:mtfcc" v="S1400"/>
  <tag k="tiger:statefp" v="15"/>
 </way>
 <way id="830971785" visible="true" version="4" changeset="183172710" timestamp="2026-05-25T18:44:14Z" user="dia-jules" uid="10209572">
  <nd ref="2084989489"/>
  <nd ref="2084989481"/>
  <tag k="alt_name" v="Queen Kaahumanu Highway"/>
  <tag k="bicycle" v="designated"/>
  <tag k="cycleway" v="lane"/>
  <tag k="highway" v="trunk"/>
  <tag k="lanes" v="3"/>
  <tag k="maxspeed" v="35 mph"/>
  <tag k="name" v="Queen Kaʻahumanu Highway"/>
  <tag k="oneway" v="yes"/>
  <tag k="ref" v="HI 19"/>
  <tag k="surface" v="asphalt"/>
  <tag k="tiger:countyfp" v="001"/>
  <tag k="tiger:mtfcc" v="S1400"/>
  <tag k="tiger:statefp" v="15"/>
  <tag k="turn:lanes" v="left|through|through"/>
 </way>
 <way id="830985393" visible="true" version="3" changeset="183172710" timestamp="2026-05-25T18:44:14Z" user="dia-jules" uid="10209572">
  <nd ref="7759086340"/>
  <nd ref="2084989530"/>
  <nd ref="2084989533"/>
  <nd ref="2084989539"/>
  <nd ref="2084989544"/>
  <nd ref="2084989547"/>
  <tag k="alt_name" v="Queen Kaahumanu Highway"/>
  <tag k="bicycle" v="designated"/>
  <tag k="cycleway" v="lane"/>
  <tag k="highway" v="trunk"/>
  <tag k="lanes" v="3"/>
  <tag k="maxspeed" v="35 mph"/>
  <tag k="name" v="Queen Kaʻahumanu Highway"/>
  <tag k="oneway" v="yes"/>
  <tag k="ref" v="HI 19"/>
  <tag k="surface" v="asphalt"/>
  <tag k="tiger:countyfp" v="001"/>
  <tag k="tiger:mtfcc" v="S1200"/>
  <tag k="tiger:statefp" v="15"/>
  <tag k="turn:lanes" v="none|none|merge_to_left"/>
 </way>
 <way id="830985404" visible="true" version="4" changeset="183172710" timestamp="2026-05-25T18:44:14Z" user="dia-jules" uid="10209572">
  <nd ref="2084989547"/>
  <nd ref="2084989550"/>
  <nd ref="2084989553"/>
  <nd ref="2084989556"/>
  <nd ref="2084989558"/>
  <nd ref="2084989560"/>
  <nd ref="2084989562"/>
  <nd ref="2084989564"/>
  <nd ref="2084989566"/>
  <nd ref="7759921977"/>
  <nd ref="582388847"/>
  <nd ref="7759921983"/>
  <nd ref="7759921931"/>
  <tag k="alt_name" v="Queen Kaahumanu Highway"/>
  <tag k="bicycle" v="designated"/>
  <tag k="cycleway" v="lane"/>
  <tag k="highway" v="trunk"/>
  <tag k="lanes" v="2"/>
  <tag k="maxspeed" v="45 mph"/>
  <tag k="name" v="Queen Kaʻahumanu Highway"/>
  <tag k="oneway" v="yes"/>
  <tag k="ref" v="HI 19"/>
  <tag k="surface" v="asphalt"/>
  <tag k="tiger:countyfp" v="001"/>
  <tag k="tiger:mtfcc" v="S1200"/>
  <tag k="tiger:statefp" v="15"/>
 </way>
 <way id="830985408" visible="true" version="3" changeset="183172710" timestamp="2026-05-25T18:44:14Z" user="dia-jules" uid="10209572">
  <nd ref="7759086333"/>
  <nd ref="2084989463"/>
  <nd ref="2084989456"/>
  <nd ref="2084989453"/>
  <nd ref="2084989448"/>
  <nd ref="7759260924"/>
  <tag k="alt_name" v="Queen Kaahumanu Highway"/>
  <tag k="bicycle" v="designated"/>
  <tag k="cycleway" v="lane"/>
  <tag k="highway" v="trunk"/>
  <tag k="lanes" v="3"/>
  <tag k="maxspeed" v="35 mph"/>
  <tag k="name" v="Queen Kaʻahumanu Highway"/>
  <tag k="oneway" v="yes"/>
  <tag k="ref" v="HI 19"/>
  <tag k="surface" v="asphalt"/>
  <tag k="tiger:countyfp" v="001"/>
  <tag k="tiger:mtfcc" v="S1400"/>
  <tag k="tiger:statefp" v="15"/>
  <tag k="turn:lanes" v="none|none|merge_to_left"/>
 </way>
 <way id="831081187" visible="true" version="4" changeset="183172710" timestamp="2026-05-25T18:44:14Z" user="dia-jules" uid="10209572">
  <nd ref="7759921984"/>
  <nd ref="7759921933"/>
  <nd ref="7759921981"/>
  <nd ref="6473024595"/>
  <tag k="alt_name" v="Queen Kaahumanu Highway"/>
  <tag k="bicycle" v="designated"/>
  <tag k="cycleway" v="shared_lane"/>
  <tag k="highway" v="trunk"/>
  <tag k="lanes" v="3"/>
  <tag k="maxspeed" v="45 mph"/>
  <tag k="name" v="Queen Kaʻahumanu Highway"/>
  <tag k="oneway" v="yes"/>
  <tag k="ref" v="HI 19"/>
  <tag k="surface" v="asphalt"/>
  <tag k="tiger:countyfp" v="001"/>
  <tag k="tiger:mtfcc" v="S1400"/>
  <tag k="tiger:statefp" v="15"/>
 </way>
 <way id="831081188" visible="true" version="4" changeset="183172710" timestamp="2026-05-25T18:44:14Z" user="dia-jules" uid="10209572">
  <nd ref="7759921978"/>
  <nd ref="7759931196"/>
  <nd ref="7759931219"/>
  <nd ref="7759921984"/>
  <tag k="alt_name" v="Queen Kaahumanu Highway"/>
  <tag k="bicycle" v="designated"/>
  <tag k="cycleway" v="lane"/>
  <tag k="highway" v="trunk"/>
  <tag k="lanes" v="3"/>
  <tag k="maxspeed" v="45 mph"/>
  <tag k="name" v="Queen Kaʻahumanu Highway"/>
  <tag k="oneway" v="yes"/>
  <tag k="ref" v="HI 19"/>
  <tag k="surface" v="asphalt"/>
  <tag k="tiger:countyfp" v="001"/>
  <tag k="tiger:mtfcc" v="S1400"/>
  <tag k="tiger:statefp" v="15"/>
 </way>
 <way id="831081191" visible="true" version="4" changeset="183172710" timestamp="2026-05-25T18:44:14Z" user="dia-jules" uid="10209572">
  <nd ref="6473024595"/>
  <nd ref="7759921968"/>
  <nd ref="6473024594"/>
  <tag k="alt_name" v="Queen Kaahumanu Highway"/>
  <tag k="bicycle" v="designated"/>
  <tag k="cycleway" v="shared_lane"/>
  <tag k="highway" v="trunk"/>
  <tag k="lanes" v="3"/>
  <tag k="maxspeed" v="45 mph"/>
  <tag k="name" v="Queen Kaʻahumanu Highway"/>
  <tag k="oneway" v="yes"/>
  <tag k="ref" v="HI 19"/>
  <tag k="surface" v="asphalt"/>
  <tag k="tiger:countyfp" v="001"/>
  <tag k="tiger:mtfcc" v="S1400"/>
  <tag k="tiger:statefp" v="15"/>
  <tag k="turn:lanes" v="none|none|merge_to_left"/>
 </way>
 <way id="831081194" visible="true" version="3" changeset="147117948" timestamp="2024-02-06T04:31:10Z" user="pürierstab" uid="4393065">
  <nd ref="2084989570"/>
  <nd ref="7759928242"/>
  <nd ref="7759921982"/>
  <nd ref="582318916"/>
  <nd ref="582318937"/>
  <nd ref="7759928251"/>
  <nd ref="7759928236"/>
  <nd ref="2035965908"/>
  <nd ref="7759928237"/>
  <nd ref="2035965905"/>
  <nd ref="582170058"/>
  <nd ref="582170060"/>
  <nd ref="2035965900"/>
  <nd ref="2035965901"/>
  <nd ref="581822635"/>
  <tag k="highway" v="unclassified"/>
  <tag k="surface" v="asphalt"/>
  <tag k="tiger:countyfp" v="001"/>
  <tag k="tiger:mtfcc" v="S1400"/>
  <tag k="tiger:statefp" v="15"/>
 </way>
 <way id="831081195" visible="true" version="4" changeset="183172710" timestamp="2026-05-25T18:44:14Z" user="dia-jules" uid="10209572">
  <nd ref="6473024594"/>
  <nd ref="6473024593"/>
  <nd ref="6473024592"/>
  <nd ref="6473024591"/>
  <nd ref="6473024590"/>
  <nd ref="6473024589"/>
  <nd ref="6473024588"/>
  <nd ref="6473024587"/>
  <nd ref="2036050932"/>
  <tag k="alt_name" v="Queen Kaahumanu Highway"/>
  <tag k="bicycle" v="designated"/>
  <tag k="cycleway" v="lane"/>
  <tag k="highway" v="trunk"/>
  <tag k="lanes" v="2"/>
  <tag k="maxspeed" v="45 mph"/>
  <tag k="name" v="Queen Kaʻahumanu Highway"/>
  <tag k="oneway" v="yes"/>
  <tag k="ref" v="HI 19"/>
  <tag k="surface" v="asphalt"/>
  <tag k="tiger:countyfp" v="001"/>
  <tag k="tiger:mtfcc" v="S1400"/>
  <tag k="tiger:statefp" v="15"/>
 </way>
 <way id="831081196" visible="true" version="4" changeset="120766455" timestamp="2022-05-09T21:33:15Z" user="Local-Mapper" uid="10661773">
  <nd ref="7759260948"/>
  <nd ref="7759260971"/>
  <nd ref="7759260941"/>
  <nd ref="7759260934"/>
  <nd ref="7759260976"/>
  <nd ref="7759260970"/>
  <nd ref="7759260912"/>
  <nd ref="7759260917"/>
  <nd ref="7759260950"/>
  <nd ref="7759260956"/>
  <nd ref="7759260915"/>
  <nd ref="7759260974"/>
  <nd ref="7759260973"/>
  <nd ref="7759260945"/>
  <nd ref="7759260975"/>
  <nd ref="7759260952"/>
  <nd ref="7759931185"/>
  <nd ref="7759921962"/>
  <nd ref="7759931216"/>
  <nd ref="7759931197"/>
  <nd ref="7759931208"/>
  <nd ref="7759921969"/>
  <nd ref="7759931213"/>
  <nd ref="7759921959"/>
  <nd ref="7759931204"/>
  <nd ref="7759921926"/>
  <nd ref="7759921928"/>
  <nd ref="7759972444"/>
  <nd ref="7759981648"/>
  <nd ref="7759981627"/>
  <nd ref="7759981649"/>
  <nd ref="7759972473"/>
  <nd ref="7759981594"/>
  <nd ref="7759981642"/>
  <nd ref="7759972439"/>
  <nd ref="7759981587"/>
  <nd ref="7759981630"/>
  <nd ref="7759981603"/>
  <nd ref="7759972481"/>
  <nd ref="7759972430"/>
  <nd ref="7759972433"/>
  <nd ref="7759972467"/>
  <nd ref="7759972448"/>
  <nd ref="7759981633"/>
  <nd ref="7759972431"/>
  <nd ref="7759981595"/>
  <nd ref="7759981593"/>
  <nd ref="7759972450"/>
  <nd ref="7759981620"/>
  <nd ref="7759981616"/>
  <nd ref="7759972438"/>
  <nd ref="7759981585"/>
  <nd ref="7759972436"/>
  <nd ref="7759972432"/>
  <nd ref="7759981597"/>
  <nd ref="7759981586"/>
  <nd ref="7759981604"/>
  <nd ref="7759981640"/>
  <nd ref="7759981615"/>
  <nd ref="7759972476"/>
  <nd ref="7759981601"/>
  <nd ref="7759972429"/>
  <nd ref="7759972447"/>
  <nd ref="7759972474"/>
  <nd ref="7759981596"/>
  <nd ref="7759972480"/>
  <nd ref="7759981617"/>
  <nd ref="7759981613"/>
  <nd ref="7759981621"/>
  <nd ref="7759981643"/>
  <nd ref="7759972440"/>
  <nd ref="7759981618"/>
  <nd ref="7759981636"/>
  <nd ref="7759972468"/>
  <nd ref="7759981631"/>
  <nd ref="7759972441"/>
  <nd ref="7759981607"/>
  <nd ref="7759981625"/>
  <nd ref="7759981626"/>
  <nd ref="7759981624"/>
  <nd ref="7759972477"/>
  <nd ref="7759981646"/>
  <nd ref="7759981614"/>
  <nd ref="7759972442"/>
  <nd ref="7759972435"/>
  <nd ref="7759972445"/>
  <nd ref="7759981611"/>
  <nd ref="7759981622"/>
  <nd ref="7759972437"/>
  <nd ref="7759972451"/>
  <nd ref="7759972449"/>
  <nd ref="7759972446"/>
  <nd ref="7759972475"/>
  <nd ref="7759972452"/>
  <nd ref="7759981628"/>
  <nd ref="7759972484"/>
  <nd ref="7759981637"/>
  <nd ref="7759981609"/>
  <nd ref="7759972459"/>
  <nd ref="7759972456"/>
  <nd ref="7759972469"/>
  <nd ref="7759981647"/>
  <nd ref="7759972471"/>
  <nd ref="7759981605"/>
  <nd ref="7759972479"/>
  <nd ref="7759981608"/>
  <nd ref="7759981606"/>
  <nd ref="7759981644"/>
  <nd ref="9503250712"/>
  <nd ref="9503250713"/>
  <nd ref="9503250714"/>
  <nd ref="9503250715"/>
  <nd ref="9503250716"/>
  <nd ref="9503265817"/>
  <nd ref="9503265818"/>
  <nd ref="9503265819"/>
  <nd ref="9503265820"/>
  <nd ref="9503265821"/>
  <nd ref="9503265822"/>
  <nd ref="9503265823"/>
  <nd ref="9503265824"/>
  <nd ref="9503265825"/>
  <nd ref="9503265826"/>
  <nd ref="9503265827"/>
  <tag k="cables" v="6"/>
  <tag k="circuits" v="2"/>
  <tag k="operator" v="Hawaiian Electric Company"/>
  <tag k="operator:wikidata" v="Q5684524"/>
  <tag k="power" v="line"/>
  <tag k="voltage" v="69000"/>
 </way>
 <way id="831081197" visible="true" version="3" changeset="183172710" timestamp="2026-05-25T18:44:14Z" user="dia-jules" uid="10209572">
  <nd ref="7759921931"/>
  <nd ref="7759931212"/>
  <nd ref="7759921957"/>
  <nd ref="582096403"/>
  <tag k="alt_name" v="Queen Kaahumanu Highway"/>
  <tag k="bicycle" v="designated"/>
  <tag k="cycleway" v="lane"/>
  <tag k="highway" v="trunk"/>
  <tag k="lanes" v="3"/>
  <tag k="maxspeed" v="45 mph"/>
  <tag k="name" v="Queen Kaʻahumanu Highway"/>
  <tag k="oneway" v="yes"/>
  <tag k="ref" v="HI 19"/>
  <tag k="surface" v="asphalt"/>
  <tag k="tiger:countyfp" v="001"/>
  <tag k="tiger:mtfcc" v="S1200"/>
  <tag k="tiger:statefp" v="15"/>
  <tag k="turn:lanes" v="none|none|right"/>
 </way>
 <way id="831081202" visible="true" version="5" changeset="183172710" timestamp="2026-05-25T18:44:14Z" user="dia-jules" uid="10209572">
  <nd ref="582096403"/>
  <nd ref="7759931215"/>
  <nd ref="7759931187"/>
  <nd ref="7759931207"/>
  <nd ref="7759931224"/>
  <nd ref="7759921943"/>
  <tag k="alt_name" v="Queen Kaahumanu Highway"/>
  <tag k="bicycle:lanes" v="yes|yes|yes|yes|designated|yes"/>
  <tag k="cycleway" v="no|no|no|no|yes|no|"/>
  <tag k="highway" v="trunk"/>
  <tag k="lanes" v="5"/>
  <tag k="maxspeed" v="45 mph"/>
  <tag k="name" v="Queen Kaʻahumanu Highway"/>
  <tag k="oneway" v="yes"/>
  <tag k="ref" v="HI 19"/>
  <tag k="surface" v="asphalt"/>
  <tag k="tiger:countyfp" v="001"/>
  <tag k="tiger:mtfcc" v="S1200"/>
  <tag k="tiger:statefp" v="15"/>
  <tag k="turn:lanes" v="reverse;left|left|through|through|through|right"/>
  <tag k="vehicle:lanes" v="yes|yes|yes|yes|no|yes"/>
 </way>
 <way id="832985492" visible="true" version="1" changeset="88823011" timestamp="2020-08-01T19:20:34Z" user="Tom_Holland" uid="574654">
  <nd ref="7776129121"/>
  <nd ref="6502227315"/>
  <nd ref="7776129111"/>
  <nd ref="7776129112"/>
  <nd ref="7776129113"/>
  <nd ref="7776129114"/>
  <nd ref="7776129115"/>
  <nd ref="7776129116"/>
  <nd ref="7776129117"/>
  <nd ref="7776129121"/>
  <tag k="landuse" v="residential"/>
  <tag k="name" v="Lei Ohana"/>
  <tag k="place" v="plot"/>
 </way>
 <way id="837925695" visible="true" version="1" changeset="89528597" timestamp="2020-08-17T16:20:02Z" user="ottwiz" uid="3087157">
  <nd ref="7820701464"/>
  <nd ref="7820701461"/>
  <nd ref="7820701462"/>
  <nd ref="7820701463"/>
  <nd ref="7820701464"/>
  <tag k="building" v="yes"/>
 </way>
 <way id="837925696" visible="true" version="1" changeset="89528597" timestamp="2020-08-17T16:20:02Z" user="ottwiz" uid="3087157">
  <nd ref="7820701468"/>
  <nd ref="7820701465"/>
  <nd ref="7820701466"/>
  <nd ref="7820701467"/>
  <nd ref="7820701468"/>
  <tag k="building" v="yes"/>
 </way>
 <way id="837925697" visible="true" version="1" changeset="89528597" timestamp="2020-08-17T16:20:02Z" user="ottwiz" uid="3087157">
  <nd ref="7820701472"/>
  <nd ref="7820701469"/>
  <nd ref="7820701470"/>
  <nd ref="7820701471"/>
  <nd ref="7820701472"/>
  <tag k="building" v="yes"/>
 </way>
 <way id="837925698" visible="true" version="1" changeset="89528597" timestamp="2020-08-17T16:20:02Z" user="ottwiz" uid="3087157">
  <nd ref="7820701476"/>
  <nd ref="7820701475"/>
  <nd ref="7820701474"/>
  <nd ref="7820701473"/>
  <nd ref="7820701476"/>
  <tag k="building" v="yes"/>
 </way>
 <way id="837925699" visible="true" version="1" changeset="89528597" timestamp="2020-08-17T16:20:02Z" user="ottwiz" uid="3087157">
  <nd ref="7820701481"/>
  <nd ref="7820701477"/>
  <nd ref="7820701478"/>
  <nd ref="7820701482"/>
  <nd ref="7820701479"/>
  <nd ref="7820701480"/>
  <nd ref="7820701483"/>
  <nd ref="7820701475"/>
  <nd ref="7820701476"/>
  <nd ref="7820701484"/>
  <nd ref="7820701481"/>
  <tag k="building" v="yes"/>
 </way>
 <way id="837925700" visible="true" version="1" changeset="89528597" timestamp="2020-08-17T16:20:02Z" user="ottwiz" uid="3087157">
  <nd ref="7820710094"/>
  <nd ref="7820710087"/>
  <nd ref="7820710086"/>
  <nd ref="7820710085"/>
  <nd ref="7820710094"/>
  <tag k="building" v="yes"/>
 </way>
 <way id="837925701" visible="true" version="1" changeset="89528597" timestamp="2020-08-17T16:20:02Z" user="ottwiz" uid="3087157">
  <nd ref="7820710095"/>
  <nd ref="7820710090"/>
  <nd ref="7820710089"/>
  <nd ref="7820710088"/>
  <nd ref="7820710091"/>
  <nd ref="7820710092"/>
  <nd ref="7820710093"/>
  <nd ref="7820710087"/>
  <nd ref="7820710094"/>
  <nd ref="7820710095"/>
  <tag k="building" v="yes"/>
 </way>
 <way id="837925702" visible="true" version="1" changeset="89528597" timestamp="2020-08-17T16:20:02Z" user="ottwiz" uid="3087157">
  <nd ref="7820710099"/>
  <nd ref="7820710096"/>
  <nd ref="7820710097"/>
  <nd ref="7820710098"/>
  <nd ref="7820710099"/>
  <tag k="building" v="yes"/>
 </way>
 <way id="837925703" visible="true" version="1" changeset="89528597" timestamp="2020-08-17T16:20:02Z" user="ottwiz" uid="3087157">
  <nd ref="7820710103"/>
  <nd ref="7820710100"/>
  <nd ref="7820710101"/>
  <nd ref="7820710102"/>
  <nd ref="7820710103"/>
  <tag k="building" v="yes"/>
 </way>
 <way id="837925704" visible="true" version="1" changeset="89528597" timestamp="2020-08-17T16:20:02Z" user="ottwiz" uid="3087157">
  <nd ref="7820710107"/>
  <nd ref="7820710111"/>
  <nd ref="7820710106"/>
  <nd ref="7820710109"/>
  <nd ref="7820710105"/>
  <nd ref="7820710112"/>
  <nd ref="7820710113"/>
  <nd ref="7820710114"/>
  <nd ref="7820710104"/>
  <nd ref="7820710110"/>
  <nd ref="7820710108"/>
  <nd ref="7820710107"/>
  <tag k="building" v="yes"/>
 </way>
 <way id="837925705" visible="true" version="1" changeset="89528597" timestamp="2020-08-17T16:20:02Z" user="ottwiz" uid="3087157">
  <nd ref="7820710120"/>
  <nd ref="7820710117"/>
  <nd ref="7820710118"/>
  <nd ref="7820710119"/>
  <nd ref="7820710116"/>
  <nd ref="7820710115"/>
  <nd ref="7820710120"/>
  <tag k="building" v="yes"/>
 </way>
 <way id="837925706" visible="true" version="1" changeset="89528597" timestamp="2020-08-17T16:20:02Z" user="ottwiz" uid="3087157">
  <nd ref="7820710124"/>
  <nd ref="7820710123"/>
  <nd ref="7820710122"/>
  <nd ref="7820710121"/>
  <nd ref="7820710124"/>
  <tag k="building" v="yes"/>
 </way>
 <way id="904610934" visible="true" version="1" changeset="98836186" timestamp="2021-02-07T01:39:44Z" user="user_8466505" uid="8466505">
  <nd ref="8401122042"/>
  <nd ref="8401117694"/>
  <nd ref="8401117704"/>
  <nd ref="8401117713"/>
  <nd ref="8401122023"/>
  <nd ref="8401122032"/>
  <nd ref="7833960543"/>
  <nd ref="8401122058"/>
  <nd ref="7833960544"/>
  <nd ref="7833960545"/>
  <nd ref="7833960546"/>
  <nd ref="2162367657"/>
  <nd ref="7833960547"/>
  <nd ref="7833960548"/>
  <nd ref="7833960549"/>
  <nd ref="7833960550"/>
  <nd ref="7833960551"/>
  <nd ref="8401122031"/>
  <nd ref="8401122050"/>
  <nd ref="8401122041"/>
  <nd ref="7833960577"/>
  <nd ref="8401122022"/>
  <nd ref="7833960578"/>
  <nd ref="8401117712"/>
  <nd ref="7833960579"/>
  <nd ref="7833960580"/>
  <nd ref="7833960581"/>
  <nd ref="7833960582"/>
  <nd ref="7833960583"/>
  <nd ref="7833960584"/>
  <nd ref="7833964985"/>
  <nd ref="7833964986"/>
  <nd ref="7833964987"/>
  <nd ref="7833964988"/>
  <nd ref="7833964989"/>
  <nd ref="7833964990"/>
  <nd ref="7833964991"/>
  <nd ref="7833964992"/>
  <nd ref="7833964993"/>
  <nd ref="7833964994"/>
  <nd ref="7833964995"/>
  <nd ref="7833964996"/>
  <nd ref="8401117703"/>
  <nd ref="7833964998"/>
  <tag k="bicycle" v="yes"/>
  <tag k="dog" v="yes"/>
  <tag k="foot" v="designated"/>
  <tag k="footway" v="sidewalk"/>
  <tag k="highway" v="footway"/>
  <tag k="motor_vehicle" v="no"/>
  <tag k="surface" v="concrete"/>
 </way>
 <way id="969926993" visible="true" version="1" changeset="109054194" timestamp="2021-08-02T23:05:45Z" user="ottwiz" uid="3087157">
  <nd ref="8975695641"/>
  <nd ref="8975695640"/>
  <nd ref="8975695639"/>
  <nd ref="8975695638"/>
  <nd ref="8975695637"/>
  <nd ref="8975695636"/>
  <nd ref="8975695635"/>
  <nd ref="8975695634"/>
  <nd ref="8975695633"/>
  <nd ref="8975695632"/>
  <nd ref="8975695631"/>
  <nd ref="8975695630"/>
  <nd ref="8975695629"/>
  <nd ref="8975695628"/>
  <nd ref="8975695627"/>
  <nd ref="8975695626"/>
  <nd ref="8975695625"/>
  <nd ref="8975695624"/>
  <nd ref="8975695623"/>
  <nd ref="8975695622"/>
  <nd ref="8975695621"/>
  <nd ref="8975695620"/>
  <nd ref="8975695619"/>
  <nd ref="8975695618"/>
  <nd ref="8975695617"/>
  <nd ref="8975695616"/>
  <nd ref="8975695615"/>
  <nd ref="8975695614"/>
  <nd ref="8975695613"/>
  <nd ref="8975695612"/>
  <nd ref="8975695611"/>
  <nd ref="8975695610"/>
  <nd ref="8975695609"/>
  <nd ref="8975695608"/>
  <nd ref="8975695607"/>
  <nd ref="8975695606"/>
  <nd ref="8975695605"/>
  <nd ref="8975695604"/>
  <nd ref="8975695603"/>
  <nd ref="8975695602"/>
  <nd ref="8975695601"/>
  <nd ref="8975695600"/>
  <nd ref="8975695599"/>
  <nd ref="8975695598"/>
  <nd ref="8975695597"/>
  <nd ref="8975695596"/>
  <nd ref="8975695595"/>
  <nd ref="8975695594"/>
  <nd ref="8975695593"/>
  <nd ref="8975695592"/>
  <nd ref="8975695591"/>
  <nd ref="8975695590"/>
  <nd ref="8975695589"/>
  <nd ref="8975695588"/>
  <nd ref="8975695587"/>
  <nd ref="8975695586"/>
  <nd ref="8975695585"/>
  <nd ref="8975695584"/>
  <nd ref="8975695583"/>
  <nd ref="8975695582"/>
  <nd ref="8975695581"/>
  <nd ref="8975695580"/>
  <nd ref="8975695579"/>
  <nd ref="8975695578"/>
  <nd ref="8975695577"/>
  <nd ref="8975695576"/>
  <nd ref="8975695575"/>
  <nd ref="8975695574"/>
  <nd ref="8975695573"/>
  <nd ref="8975695572"/>
  <nd ref="8975695571"/>
  <nd ref="8975695570"/>
  <nd ref="8975695569"/>
  <nd ref="8975695568"/>
  <nd ref="8975695567"/>
  <nd ref="8975695566"/>
  <nd ref="8975695565"/>
  <nd ref="8975695641"/>
  <tag k="natural" v="wood"/>
 </way>
 <way id="969926996" visible="true" version="1" changeset="109054194" timestamp="2021-08-02T23:05:45Z" user="ottwiz" uid="3087157">
  <nd ref="8975695694"/>
  <nd ref="8975695693"/>
  <nd ref="8975695692"/>
  <nd ref="8975695691"/>
  <nd ref="8975695690"/>
  <nd ref="8975695689"/>
  <nd ref="8975695688"/>
  <nd ref="8975695687"/>
  <nd ref="8975695686"/>
  <nd ref="8975695685"/>
  <nd ref="8975695684"/>
  <nd ref="8975695683"/>
  <nd ref="8975695682"/>
  <nd ref="8975695681"/>
  <nd ref="8975695680"/>
  <nd ref="8975695679"/>
  <nd ref="8975695678"/>
  <nd ref="8975695677"/>
  <nd ref="8975695676"/>
  <nd ref="8975695694"/>
  <tag k="natural" v="wood"/>
 </way>
 <way id="1034066959" visible="true" version="4" changeset="188028786" timestamp="2026-08-26T08:07:33Z" user="lunar_jaws812" uid="22573733">
  <nd ref="9526246661"/>
  <nd ref="9526246662"/>
  <tag k="highway" v="trunk"/>
  <tag k="lanes" v="3"/>
  <tag k="lanes:backward" v="1"/>
  <tag k="lanes:forward" v="2"/>
  <tag k="maxspeed" v="35 mph"/>
  <tag k="name" v="Palani Road"/>
  <tag k="ref" v="HI 190"/>
  <tag k="sidewalk:both" v="no"/>
  <tag k="surface" v="asphalt"/>
 </way>
 <way id="1082779137" visible="true" version="1" changeset="124321424" timestamp="2022-08-01T00:07:27Z" user="wmss" uid="16696805">
  <nd ref="9923426985"/>
  <nd ref="9923426986"/>
  <nd ref="9923426987"/>
  <nd ref="9923426988"/>
  <nd ref="9923426989"/>
  <nd ref="9923426990"/>
  <nd ref="9923426991"/>
  <nd ref="9923426992"/>
  <nd ref="9923426993"/>
  <nd ref="9923426994"/>
  <nd ref="9923426995"/>
  <nd ref="9923426996"/>
  <nd ref="9923426997"/>
  <nd ref="9923426998"/>
  <nd ref="9923426999"/>
  <nd ref="9923427000"/>
  <nd ref="9923427001"/>
  <nd ref="9923427002"/>
  <nd ref="9923426985"/>
  <tag k="addr:city" v="Kailua-Kona"/>
  <tag k="addr:housenumber" v="74-5451"/>
  <tag k="addr:postcode" v="96740"/>
  <tag k="addr:state" v="HI"/>
  <tag k="addr:street" v="Kamakaeha Avenue"/>
  <tag k="amenity" v="courthouse"/>
  <tag k="building" v="public"/>
  <tag k="name" v="Keahuolū Courthouse"/>
 </way>
 <way id="1082779138" visible="true" version="1" changeset="124321424" timestamp="2022-08-01T00:07:27Z" user="wmss" uid="16696805">
  <nd ref="9923427003"/>
  <nd ref="9923452167"/>
  <nd ref="9923452121"/>
  <nd ref="9923427004"/>
  <nd ref="9923452128"/>
  <nd ref="9923427005"/>
  <nd ref="9923427008"/>
  <nd ref="9923427006"/>
  <nd ref="9923452150"/>
  <nd ref="9923427012"/>
  <nd ref="9923427007"/>
  <nd ref="9923427011"/>
  <nd ref="9923427009"/>
  <nd ref="9923427010"/>
  <tag k="highway" v="service"/>
  <tag k="surface" v="asphalt"/>
 </way>
 <way id="1082779139" visible="true" version="1" changeset="124321424" timestamp="2022-08-01T00:07:27Z" user="wmss" uid="16696805">
  <nd ref="9923427012"/>
  <nd ref="9923427013"/>
  <nd ref="9923427014"/>
  <nd ref="9923452141"/>
  <nd ref="9923427015"/>
  <nd ref="9923427016"/>
  <nd ref="9923452145"/>
  <nd ref="9923452117"/>
  <tag k="highway" v="service"/>
  <tag k="surface" v="asphalt"/>
 </way>
 <way id="1082779140" visible="true" version="1" changeset="124321424" timestamp="2022-08-01T00:07:27Z" user="wmss" uid="16696805">
  <nd ref="9923452119"/>
  <nd ref="9923452166"/>
  <nd ref="9923452135"/>
  <nd ref="9923452132"/>
  <nd ref="9923452148"/>
  <nd ref="9923452137"/>
  <nd ref="9923452140"/>
  <nd ref="9923452120"/>
  <nd ref="9923452121"/>
  <tag k="highway" v="service"/>
  <tag k="surface" v="asphalt"/>
 </way>
 <way id="1082779141" visible="true" version="1" changeset="124321424" timestamp="2022-08-01T00:07:27Z" user="wmss" uid="16696805">
  <nd ref="9923452132"/>
  <nd ref="9923452133"/>
  <nd ref="9923452134"/>
  <nd ref="9923452136"/>
  <nd ref="9923452118"/>
  <tag k="highway" v="service"/>
  <tag k="service" v="parking_aisle"/>
  <tag k="surface" v="asphalt"/>
 </way>
 <way id="1082779142" visible="true" version="1" changeset="124321424" timestamp="2022-08-01T00:07:27Z" user="wmss" uid="16696805">
  <nd ref="9923452135"/>
  <nd ref="9923452136"/>
  <tag k="highway" v="service"/>
  <tag k="service" v="parking_aisle"/>
  <tag k="surface" v="asphalt"/>
 </way>
 <way id="1082779143" visible="true" version="1" changeset="124321424" timestamp="2022-08-01T00:07:27Z" user="wmss" uid="16696805">
  <nd ref="9923452137"/>
  <nd ref="9923452138"/>
  <nd ref="9923452139"/>
  <nd ref="9923452140"/>
  <tag k="highway" v="service"/>
  <tag k="service" v="parking_aisle"/>
  <tag k="surface" v="asphalt"/>
 </way>
 <way id="1082779144" visible="true" version="1" changeset="124321424" timestamp="2022-08-01T00:07:27Z" user="wmss" uid="16696805">
  <nd ref="9923452141"/>
  <nd ref="9923452142"/>
  <nd ref="9923452146"/>
  <nd ref="9923452143"/>
  <nd ref="9923452144"/>
  <nd ref="9923452147"/>
  <nd ref="9923452145"/>
  <tag k="highway" v="service"/>
  <tag k="surface" v="asphalt"/>
 </way>
 <way id="1082779145" visible="true" version="1" changeset="124321424" timestamp="2022-08-01T00:07:27Z" user="wmss" uid="16696805">
  <nd ref="9923452146"/>
  <nd ref="9923452147"/>
  <tag k="highway" v="service"/>
  <tag k="service" v="parking_aisle"/>
  <tag k="surface" v="asphalt"/>
 </way>
 <way id="1082779146" visible="true" version="1" changeset="124321424" timestamp="2022-08-01T00:07:27Z" user="wmss" uid="16696805">
  <nd ref="9923452148"/>
  <nd ref="9923452149"/>
  <nd ref="9923452150"/>
  <nd ref="9923452151"/>
  <nd ref="9923452152"/>
  <nd ref="9923452153"/>
  <nd ref="9923452154"/>
  <nd ref="9923452155"/>
  <tag k="highway" v="service"/>
  <tag k="surface" v="asphalt"/>
 </way>
 <way id="1082779147" visible="true" version="1" changeset="124321424" timestamp="2022-08-01T00:07:27Z" user="wmss" uid="16696805">
  <nd ref="9923452156"/>
  <nd ref="9923452157"/>
  <nd ref="9923452158"/>
  <nd ref="9923452159"/>
  <nd ref="9923452160"/>
  <nd ref="9923452161"/>
  <nd ref="9923452156"/>
  <tag k="amenity" v="parking"/>
  <tag k="parking" v="surface"/>
  <tag k="surface" v="asphalt"/>
 </way>
 <way id="1082779148" visible="true" version="1" changeset="124321424" timestamp="2022-08-01T00:07:27Z" user="wmss" uid="16696805">
  <nd ref="9923452162"/>
  <nd ref="9923452163"/>
  <nd ref="9923452164"/>
  <nd ref="9923452165"/>
  <nd ref="9923452162"/>
  <tag k="amenity" v="parking"/>
  <tag k="parking" v="surface"/>
  <tag k="surface" v="asphalt"/>
 </way>
 <way id="1082779149" visible="true" version="1" changeset="124321424" timestamp="2022-08-01T00:07:27Z" user="wmss" uid="16696805">
  <nd ref="9923452118"/>
  <nd ref="9923452119"/>
  <tag k="highway" v="service"/>
  <tag k="service" v="parking_aisle"/>
  <tag k="surface" v="asphalt"/>
 </way>
 <way id="1082779150" visible="true" version="1" changeset="124321424" timestamp="2022-08-01T00:07:27Z" user="wmss" uid="16696805">
  <nd ref="9923452121"/>
  <nd ref="9923452130"/>
  <nd ref="9923452122"/>
  <nd ref="9923452123"/>
  <nd ref="9923452131"/>
  <nd ref="9923452124"/>
  <nd ref="9923452125"/>
  <nd ref="9923452129"/>
  <nd ref="9923452126"/>
  <nd ref="9923452127"/>
  <nd ref="9923452128"/>
  <tag k="highway" v="service"/>
  <tag k="oneway" v="yes"/>
  <tag k="surface" v="asphalt"/>
 </way>
 <way id="1227698344" visible="true" version="2" changeset="158834732" timestamp="2024-11-06T21:50:00Z" user="BubbaJuice" uid="9941767">
  <nd ref="11384813218"/>
  <nd ref="11384813220"/>
  <nd ref="11384813221"/>
  <nd ref="11384813222"/>
  <nd ref="11384813223"/>
  <nd ref="11384813224"/>
  <nd ref="11384813225"/>
  <nd ref="11384813226"/>
  <nd ref="11384813227"/>
  <nd ref="11384813228"/>
  <nd ref="11384813229"/>
  <nd ref="11384813230"/>
  <nd ref="11384813231"/>
  <nd ref="11384813232"/>
  <nd ref="11384813233"/>
  <tag k="footway" v="sidewalk"/>
  <tag k="highway" v="footway"/>
 </way>
 <way id="1227698345" visible="true" version="1" changeset="144608132" timestamp="2023-11-30T00:40:00Z" user="JTeerow" uid="18560218">
  <nd ref="11384813233"/>
  <nd ref="2084989486"/>
  <nd ref="11384813234"/>
  <nd ref="11384813235"/>
  <nd ref="7759086335"/>
  <nd ref="7759086348"/>
  <nd ref="11384813236"/>
  <nd ref="11384813237"/>
  <nd ref="2084989473"/>
  <nd ref="8401122050"/>
  <tag k="crossing" v="uncontrolled"/>
  <tag k="crossing:markings" v="yes"/>
  <tag k="footway" v="crossing"/>
  <tag k="highway" v="footway"/>
 </way>
 <way id="1227698346" visible="true" version="2" changeset="151077482" timestamp="2024-05-08T22:23:51Z" user="dpaschich" uid="621202">
  <nd ref="11384813238"/>
  <nd ref="11889897079"/>
  <nd ref="11384813239"/>
  <nd ref="11889897081"/>
  <nd ref="11384813240"/>
  <nd ref="11889897080"/>
  <nd ref="11384813241"/>
  <nd ref="2084989495"/>
  <nd ref="11384813242"/>
  <tag k="crossing" v="uncontrolled"/>
  <tag k="crossing:markings" v="yes"/>
  <tag k="footway" v="crossing"/>
  <tag k="highway" v="footway"/>
 </way>
 <way id="1227698347" visible="true" version="1" changeset="144608132" timestamp="2023-11-30T00:40:00Z" user="JTeerow" uid="18560218">
  <nd ref="11384813241"/>
  <nd ref="11384813243"/>
  <nd ref="11384813244"/>
  <nd ref="11384813237"/>
  <tag k="crossing" v="uncontrolled"/>
  <tag k="crossing:markings" v="yes"/>
  <tag k="footway" v="crossing"/>
  <tag k="highway" v="footway"/>
 </way>
 <way id="1330349124" visible="true" version="1" changeset="158686317" timestamp="2024-11-03T06:35:36Z" user="BubbaJuice" uid="9941767">
  <nd ref="2162367646"/>
  <nd ref="2162367651"/>
  <nd ref="2162367659"/>
  <nd ref="12308960507"/>
  <nd ref="12308960506"/>
  <nd ref="12308960505"/>
  <nd ref="12308960504"/>
  <nd ref="12308960503"/>
  <nd ref="12308960502"/>
  <nd ref="2162367646"/>
  <tag k="landuse" v="retail"/>
 </way>
 <way id="1330349216" visible="true" version="1" changeset="158686317" timestamp="2024-11-03T06:35:36Z" user="BubbaJuice" uid="9941767">
  <nd ref="12308963237"/>
  <nd ref="12308963236"/>
  <nd ref="12308963235"/>
  <nd ref="12308963234"/>
  <nd ref="12308963233"/>
  <nd ref="12308963232"/>
  <nd ref="12308963231"/>
  <nd ref="12308963230"/>
  <nd ref="12308963229"/>
  <nd ref="12308963228"/>
  <nd ref="12308963227"/>
  <nd ref="12308963226"/>
  <nd ref="12308963237"/>
  <tag k="building" v="yes"/>
 </way>
 <way id="1331478332" visible="true" version="1" changeset="158834732" timestamp="2024-11-06T21:49:56Z" user="BubbaJuice" uid="9941767">
  <nd ref="12319524420"/>
  <nd ref="12319524369"/>
  <nd ref="12319524413"/>
  <nd ref="12319524412"/>
  <nd ref="12319524411"/>
  <nd ref="12319524410"/>
  <nd ref="12319524409"/>
  <nd ref="12319524408"/>
  <nd ref="12319524407"/>
  <nd ref="12319524406"/>
  <nd ref="12319524405"/>
  <nd ref="12319524404"/>
  <nd ref="12319524403"/>
  <nd ref="12319524402"/>
  <nd ref="12319524401"/>
  <nd ref="12319524400"/>
  <nd ref="12319524399"/>
  <nd ref="12319524398"/>
  <nd ref="12319524397"/>
  <nd ref="12319524396"/>
  <nd ref="12319524395"/>
  <nd ref="12319524394"/>
  <nd ref="12319524393"/>
  <nd ref="12319524392"/>
  <nd ref="12319524391"/>
  <nd ref="12319524390"/>
  <nd ref="12319524389"/>
  <nd ref="12319524388"/>
  <nd ref="12319524387"/>
  <nd ref="12319524386"/>
  <nd ref="12319524385"/>
  <nd ref="12319524384"/>
  <nd ref="12319524383"/>
  <nd ref="12319524382"/>
  <nd ref="12319524381"/>
  <nd ref="12319524380"/>
  <nd ref="12319524379"/>
  <nd ref="12319524378"/>
  <nd ref="12319524377"/>
  <nd ref="12319524376"/>
  <nd ref="12319524375"/>
  <nd ref="12319524374"/>
  <nd ref="12319524372"/>
  <nd ref="12319524373"/>
  <nd ref="12319524371"/>
  <nd ref="12319524370"/>
  <tag k="highway" v="path"/>
 </way>
 <way id="1331478335" visible="true" version="1" changeset="158834732" timestamp="2024-11-06T21:49:56Z" user="BubbaJuice" uid="9941767">
  <nd ref="12319524438"/>
  <nd ref="12319524437"/>
  <nd ref="12319524436"/>
  <nd ref="12319524435"/>
  <nd ref="12319524434"/>
  <nd ref="12319524433"/>
  <nd ref="12319524432"/>
  <nd ref="12319524431"/>
  <nd ref="12319524430"/>
  <nd ref="12319524429"/>
  <nd ref="12319524428"/>
  <nd ref="12319524427"/>
  <nd ref="12319524426"/>
  <nd ref="12319524425"/>
  <nd ref="12319524424"/>
  <nd ref="12319524423"/>
  <nd ref="12319524414"/>
  <nd ref="12319524422"/>
  <tag k="highway" v="service"/>
 </way>
 <way id="1518637003" visible="true" version="1" changeset="183009646" timestamp="2026-05-22T08:14:53Z" user="dia-jules" uid="10209572">
  <nd ref="13859976446"/>
  <nd ref="13859976447"/>
  <nd ref="13859976448"/>
  <nd ref="13859976449"/>
  <nd ref="13859976450"/>
  <nd ref="13859976451"/>
  <nd ref="13859976452"/>
  <nd ref="13859976453"/>
  <nd ref="13859976454"/>
  <nd ref="13859976455"/>
  <nd ref="13859976456"/>
  <nd ref="13859976457"/>
  <nd ref="13859976458"/>
  <nd ref="13859976459"/>
  <nd ref="13859976460"/>
  <nd ref="13859976461"/>
  <nd ref="13859976462"/>
  <nd ref="13859976463"/>
  <nd ref="13859976464"/>
  <nd ref="13859976465"/>
  <nd ref="13859976466"/>
  <nd ref="13859976467"/>
  <nd ref="13859976468"/>
  <nd ref="13859976469"/>
  <nd ref="13859976470"/>
  <nd ref="13859976471"/>
  <nd ref="13859976472"/>
  <nd ref="13859976473"/>
  <nd ref="13859976474"/>
  <nd ref="13859976475"/>
  <nd ref="13859976476"/>
  <nd ref="13859976477"/>
  <nd ref="13859976478"/>
  <nd ref="13859976479"/>
  <nd ref="13859976480"/>
  <nd ref="13859976481"/>
  <nd ref="13859976482"/>
  <nd ref="13859976483"/>
  <nd ref="13859976484"/>
  <nd ref="13859976485"/>
  <nd ref="13859976486"/>
  <nd ref="13859976487"/>
  <nd ref="13859976488"/>
  <nd ref="13859976489"/>
  <nd ref="13859976490"/>
  <nd ref="13859976491"/>
  <nd ref="8975695686"/>
  <nd ref="8975695687"/>
  <nd ref="8975695688"/>
  <nd ref="8975695689"/>
  <nd ref="8975695690"/>
  <nd ref="8975695691"/>
  <nd ref="8975695692"/>
  <nd ref="8975695693"/>
  <nd ref="8975695694"/>
  <nd ref="8975695676"/>
  <nd ref="13859976492"/>
  <nd ref="13859976493"/>
  <nd ref="13859976494"/>
  <nd ref="13859976495"/>
  <nd ref="13859976496"/>
  <nd ref="13859976497"/>
  <nd ref="13859976498"/>
  <nd ref="13859976499"/>
  <nd ref="13859976446"/>
  <tag k="natural" v="scrub"/>
 </way>
 <relation id="166562" visible="true" version="19" changeset="176506160" timestamp="2025-12-27T22:06:58Z" user="Dren ar Frankig" uid="11707888">
  <member type="way" ref="992021865" role="outer"/>
  <member type="relation" ref="6526888" role="subarea"/>
  <member type="relation" ref="6520862" role="subarea"/>
  <member type="relation" ref="6526514" role="subarea"/>
  <member type="relation" ref="6526870" role="subarea"/>
  <member type="relation" ref="6526871" role="subarea"/>
  <member type="relation" ref="6527543" role="subarea"/>
  <member type="relation" ref="6520255" role="subarea"/>
  <member type="relation" ref="6526819" role="subarea"/>
  <member type="relation" ref="6520435" role="subarea"/>
  <member type="node" ref="21445111" role="admin_centre"/>
  <member type="node" ref="316949917" role="label"/>
  <member type="node" ref="2189450439" role="highest_point"/>
  <tag k="admin_level" v="6"/>
  <tag k="border_type" v="county"/>
  <tag k="boundary" v="administrative"/>
  <tag k="name" v="Hawaiʻi County"/>
  <tag k="name:ar" v="مقاطعة هاواي"/>
  <tag k="name:az-Arab" v="هاوایی بؤلگه‌سی"/>
  <tag k="name:azb" v="هاوایی بؤلگه‌سی"/>
  <tag k="name:br" v="Kontelezh Hawaii"/>
  <tag k="name:en" v="Hawaiʻi County"/>
  <tag k="name:es" v="Condado de Hawái"/>
  <tag k="name:fa" v="شهرستان هاوایی"/>
  <tag k="name:haw" v="kalana Hawaiʻi"/>
  <tag k="name:ja" v="ハワイ郡"/>
  <tag k="name:ko" v="하와이군"/>
  <tag k="name:ks" v="ہوائی کاؤنٹی"/>
  <tag k="name:pnb" v="ہوائی کاؤنٹی"/>
  <tag k="name:ru" v="округ Гавайи"/>
  <tag k="name:ur" v="ہوائی کاؤنٹی"/>
  <tag k="nist:fips_code" v="15001"/>
  <tag k="nist:state_fips" v="15"/>
  <tag k="place" v="county"/>
  <tag k="population" v="196428"/>
  <tag k="source:population" v="https://www.census.gov/programs-surveys/popest.html"/>
  <tag k="type" v="boundary"/>
  <tag k="wikidata" v="Q487334"/>
  <tag k="wikipedia" v="en:Hawaii County, Hawaii"/>
 </relation>
 <relation id="2582821" visible="true" version="20" changeset="188397272" timestamp="2026-09-02T02:51:14Z" user="TeslaJohn" uid="24503903">
  <member type="way" ref="45724093" role=""/>
  <member type="way" ref="1520014663" role=""/>
  <member type="way" ref="844873023" role=""/>
  <member type="way" ref="844873028" role=""/>
  <member type="way" ref="199558802" role=""/>
  <member type="way" ref="45653460" role=""/>
  <member type="way" ref="45682361" role=""/>
  <member type="way" ref="45720986" role=""/>
  <member type="way" ref="45720996" role=""/>
  <member type="way" ref="509453956" role=""/>
  <member type="way" ref="438306845" role=""/>
  <member type="way" ref="45701314" role=""/>
  <member type="way" ref="509456666" role=""/>
  <member type="way" ref="814595249" role=""/>
  <member type="way" ref="814595256" role=""/>
  <member type="way" ref="814595257" role=""/>
  <member type="way" ref="814595258" role=""/>
  <member type="way" ref="814595259" role=""/>
  <member type="way" ref="814595260" role=""/>
  <member type="way" ref="814595248" role=""/>
  <member type="way" ref="814595255" role=""/>
  <member type="way" ref="814595254" role=""/>
  <member type="way" ref="814595253" role=""/>
  <member type="way" ref="814595252" role=""/>
  <member type="way" ref="814595251" role=""/>
  <member type="way" ref="814595250" role=""/>
  <member type="way" ref="1554377271" role=""/>
  <member type="way" ref="1554377272" role=""/>
  <member type="way" ref="509456649" role=""/>
  <member type="way" ref="1520014664" role=""/>
  <member type="way" ref="1520014665" role=""/>
  <member type="way" ref="360750559" role=""/>
  <member type="way" ref="1552473530" role=""/>
  <member type="way" ref="45722410" role=""/>
  <member type="way" ref="1034066959" role=""/>
  <member type="way" ref="1034066960" role=""/>
  <member type="way" ref="1034066958" role=""/>
  <member type="way" ref="830987032" role=""/>
  <member type="way" ref="438938600" role=""/>
  <member type="way" ref="438938602" role=""/>
  <member type="way" ref="438938604" role=""/>
  <member type="way" ref="45656099" role="forward"/>
  <member type="way" ref="438942635" role="forward"/>
  <member type="way" ref="438938603" role="forward"/>
  <member type="way" ref="438942637" role="forward"/>
  <member type="way" ref="131567936" role="forward"/>
  <tag k="name" v="Hawaii Route 190"/>
  <tag k="network" v="US:HI"/>
  <tag k="ref" v="190"/>
  <tag k="route" v="road"/>
  <tag k="type" v="route"/>
  <tag k="wikidata" v="Q1591603"/>
 </relation>
 <relation id="2582850" visible="true" version="100" changeset="183084089" timestamp="2026-05-23T20:46:05Z" user="dia-jules" uid="10209572">
  <member type="way" ref="45622328" role=""/>
  <member type="way" ref="836433004" role=""/>
  <member type="way" ref="836433005" role=""/>
  <member type="way" ref="430665918" role=""/>
  <member type="way" ref="45652743" role=""/>
  <member type="way" ref="430665919" role=""/>
  <member type="way" ref="430665920" role=""/>
  <member type="way" ref="45692213" role=""/>
  <member type="way" ref="687500769" role="forward"/>
  <member type="way" ref="687500767" role="forward"/>
  <member type="way" ref="687500761" role="forward"/>
  <member type="way" ref="232499532" role="forward"/>
  <member type="way" ref="232499535" role="forward"/>
  <member type="way" ref="430669153" role="forward"/>
  <member type="way" ref="687500758" role="forward"/>
  <member type="way" ref="430669152" role="forward"/>
  <member type="way" ref="687500766" role="forward"/>
  <member type="way" ref="146668667" role="forward"/>
  <member type="way" ref="232499534" role="forward"/>
  <member type="way" ref="687500759" role=""/>
  <member type="way" ref="232499533" role=""/>
  <member type="way" ref="45681055" role=""/>
  <member type="way" ref="45684405" role=""/>
  <member type="way" ref="438286231" role=""/>
  <member type="way" ref="595900184" role=""/>
  <member type="way" ref="595900189" role=""/>
  <member type="way" ref="45692275" role=""/>
  <member type="way" ref="687500768" role=""/>
  <member type="way" ref="595900196" role=""/>
  <member type="way" ref="280426129" role=""/>
  <member type="way" ref="45700437" role="forward"/>
  <member type="way" ref="1294905776" role="forward"/>
  <member type="way" ref="45700465" role="forward"/>
  <member type="way" ref="595900200" role=""/>
  <member type="way" ref="208513189" role=""/>
  <member type="way" ref="596079605" role=""/>
  <member type="way" ref="212278803" role=""/>
  <member type="way" ref="208513187" role=""/>
  <member type="way" ref="212278801" role=""/>
  <member type="way" ref="596079609" role=""/>
  <member type="way" ref="596079606" role=""/>
  <member type="way" ref="212423460" role=""/>
  <member type="way" ref="212278776" role=""/>
  <member type="way" ref="596079607" role=""/>
  <member type="way" ref="259157696" role=""/>
  <member type="way" ref="259157699" role=""/>
  <member type="way" ref="217336852" role=""/>
  <member type="way" ref="596079608" role=""/>
  <member type="way" ref="217511847" role=""/>
  <member type="way" ref="217336827" role=""/>
  <member type="way" ref="260237012" role=""/>
  <member type="way" ref="260237013" role=""/>
  <member type="way" ref="1520064936" role=""/>
  <member type="way" ref="1520064937" role=""/>
  <member type="way" ref="289852694" role=""/>
  <member type="way" ref="289852696" role=""/>
  <member type="way" ref="289852693" role=""/>
  <member type="way" ref="289852695" role=""/>
  <member type="way" ref="217560241" role=""/>
  <member type="way" ref="260237024" role=""/>
  <member type="way" ref="217556340" role=""/>
  <member type="way" ref="1520064939" role=""/>
  <member type="way" ref="1520064938" role=""/>
  <member type="way" ref="596083322" role=""/>
  <member type="way" ref="217556341" role=""/>
  <member type="way" ref="217556338" role=""/>
  <member type="way" ref="1520064940" role=""/>
  <member type="way" ref="1520064941" role=""/>
  <member type="way" ref="596083324" role=""/>
  <member type="way" ref="217389243" role=""/>
  <member type="way" ref="596138644" role=""/>
  <member type="way" ref="217389245" role=""/>
  <member type="way" ref="217389242" role=""/>
  <member type="way" ref="1180468546" role=""/>
  <member type="way" ref="1180468545" role=""/>
  <member type="way" ref="289836580" role=""/>
  <member type="way" ref="596138645" role=""/>
  <member type="way" ref="596138647" role=""/>
  <member type="way" ref="596138648" role=""/>
  <member type="way" ref="596138651" role=""/>
  <member type="way" ref="596138652" role=""/>
  <member type="way" ref="1180541205" role=""/>
  <member type="way" ref="1180541206" role=""/>
  <member type="way" ref="596138653" role=""/>
  <member type="way" ref="1506188052" role=""/>
  <member type="way" ref="289835659" role=""/>
  <member type="way" ref="289836579" role=""/>
  <member type="way" ref="289836466" role=""/>
  <member type="way" ref="289836467" role=""/>
  <member type="way" ref="289835989" role=""/>
  <member type="way" ref="596138654" role=""/>
  <member type="way" ref="289835444" role=""/>
  <member type="way" ref="1346721707" role=""/>
  <member type="way" ref="289835443" role=""/>
  <member type="way" ref="1346721706" role=""/>
  <member type="way" ref="1520064942" role=""/>
  <member type="way" ref="1346721705" role=""/>
  <member type="way" ref="1346719316" role=""/>
  <member type="way" ref="1346719264" role=""/>
  <member type="way" ref="596138655" role=""/>
  <member type="way" ref="1346719154" role=""/>
  <member type="way" ref="1346719072" role=""/>
  <member type="way" ref="281611457" role=""/>
  <member type="way" ref="281611454" role=""/>
  <member type="way" ref="281611456" role=""/>
  <member type="way" ref="281611455" role=""/>
  <member type="way" ref="260233564" role=""/>
  <member type="way" ref="260233565" role=""/>
  <member type="way" ref="260233719" role=""/>
  <member type="way" ref="260233720" role=""/>
  <member type="way" ref="188390540" role=""/>
  <member type="way" ref="375880796" role=""/>
  <member type="way" ref="375880795" role=""/>
  <member type="way" ref="1520064943" role=""/>
  <member type="way" ref="45621999" role=""/>
  <member type="way" ref="45621743" role=""/>
  <member type="way" ref="260231693" role=""/>
  <member type="way" ref="1520064944" role=""/>
  <member type="way" ref="253752876" role=""/>
  <member type="way" ref="253752874" role=""/>
  <member type="way" ref="253582948" role=""/>
  <member type="way" ref="253582946" role=""/>
  <member type="way" ref="253586537" role=""/>
  <member type="way" ref="253586538" role=""/>
  <member type="way" ref="1520064945" role=""/>
  <member type="way" ref="290404103" role=""/>
  <member type="way" ref="670658945" role=""/>
  <member type="way" ref="670658946" role=""/>
  <member type="way" ref="290404105" role=""/>
  <member type="way" ref="290404185" role=""/>
  <member type="way" ref="290404186" role=""/>
  <member type="way" ref="1520064946" role=""/>
  <member type="way" ref="231645488" role=""/>
  <member type="way" ref="438309346" role=""/>
  <member type="way" ref="1520064947" role=""/>
  <member type="way" ref="1080085088" role=""/>
  <member type="way" ref="1080085087" role=""/>
  <member type="way" ref="697697272" role=""/>
  <member type="way" ref="1520064948" role=""/>
  <member type="way" ref="697697271" role=""/>
  <member type="way" ref="231751756" role=""/>
  <member type="way" ref="231751757" role=""/>
  <member type="way" ref="290395903" role=""/>
  <member type="way" ref="45682168" role=""/>
  <member type="way" ref="290395901" role=""/>
  <member type="way" ref="287183255" role=""/>
  <member type="way" ref="1520064949" role=""/>
  <member type="way" ref="1520064950" role=""/>
  <member type="way" ref="287183253" role=""/>
  <member type="way" ref="1080086265" role=""/>
  <member type="way" ref="199163262" role=""/>
  <member type="way" ref="199365027" role=""/>
  <member type="way" ref="1520064951" role=""/>
  <member type="way" ref="686960480" role=""/>
  <member type="way" ref="45709137" role=""/>
  <member type="way" ref="45681953" role=""/>
  <member type="way" ref="192976791" role=""/>
  <member type="way" ref="239946294" role=""/>
  <member type="way" ref="290387362" role=""/>
  <member type="way" ref="290380599" role=""/>
  <member type="way" ref="290380601" role=""/>
  <member type="way" ref="290380595" role=""/>
  <member type="way" ref="438300652" role=""/>
  <member type="way" ref="360764074" role=""/>
  <member type="way" ref="817892951" role=""/>
  <member type="way" ref="335868500" role=""/>
  <member type="way" ref="335868491" role=""/>
  <member type="way" ref="335868497" role=""/>
  <member type="way" ref="817892950" role=""/>
  <member type="way" ref="238528901" role=""/>
  <member type="way" ref="335868482" role=""/>
  <member type="way" ref="817892949" role=""/>
  <member type="way" ref="817892948" role=""/>
  <member type="way" ref="335868481" role=""/>
  <member type="way" ref="817892947" role=""/>
  <member type="way" ref="817892941" role=""/>
  <member type="way" ref="335868484" role=""/>
  <member type="way" ref="335868489" role=""/>
  <member type="way" ref="817892942" role=""/>
  <member type="way" ref="238528900" role=""/>
  <member type="way" ref="817892943" role=""/>
  <member type="way" ref="817892946" role=""/>
  <member type="way" ref="817892944" role=""/>
  <member type="way" ref="335868490" role=""/>
  <member type="way" ref="817892945" role=""/>
  <member type="way" ref="335868488" role=""/>
  <member type="way" ref="242428378" role=""/>
  <member type="way" ref="335868502" role=""/>
  <member type="way" ref="242428373" role=""/>
  <member type="way" ref="335868483" role=""/>
  <member type="way" ref="242428372" role=""/>
  <member type="way" ref="242428376" role=""/>
  <member type="way" ref="242428380" role=""/>
  <member type="way" ref="242428375" role=""/>
  <member type="way" ref="335868486" role=""/>
  <member type="way" ref="242428370" role=""/>
  <member type="way" ref="242428371" role=""/>
  <member type="way" ref="242428379" role=""/>
  <member type="way" ref="335868480" role=""/>
  <member type="way" ref="335868495" role=""/>
  <member type="way" ref="242428382" role=""/>
  <member type="way" ref="438300651" role=""/>
  <member type="way" ref="813931854" role=""/>
  <member type="way" ref="813931851" role=""/>
  <member type="way" ref="813931853" role=""/>
  <member type="way" ref="813931852" role=""/>
  <member type="way" ref="813931850" role=""/>
  <member type="way" ref="813931849" role=""/>
  <member type="way" ref="813931848" role=""/>
  <member type="way" ref="813931847" role=""/>
  <member type="way" ref="813931846" role=""/>
  <member type="way" ref="813931845" role=""/>
  <member type="way" ref="813931844" role=""/>
  <member type="way" ref="813931843" role=""/>
  <member type="way" ref="192507062" role=""/>
  <member type="way" ref="813799650" role=""/>
  <member type="way" ref="813799651" role=""/>
  <member type="way" ref="813799649" role=""/>
  <member type="way" ref="813799646" role=""/>
  <member type="way" ref="813799648" role=""/>
  <member type="way" ref="813799645" role=""/>
  <member type="way" ref="813799647" role=""/>
  <member type="way" ref="813799643" role=""/>
  <member type="way" ref="813799642" role=""/>
  <member type="way" ref="45653215" role=""/>
  <member type="way" ref="813799640" role=""/>
  <member type="way" ref="813799639" role=""/>
  <member type="way" ref="813799633" role=""/>
  <member type="way" ref="813799629" role=""/>
  <member type="way" ref="813799638" role=""/>
  <member type="way" ref="813799641" role=""/>
  <member type="way" ref="813799635" role=""/>
  <member type="way" ref="813799636" role=""/>
  <member type="way" ref="813799637" role=""/>
  <member type="way" ref="45653265" role=""/>
  <member type="way" ref="428872822" role="forward"/>
  <member type="way" ref="242008784" role="forward"/>
  <member type="way" ref="242008787" role="forward"/>
  <member type="way" ref="45681638" role="forward"/>
  <member type="way" ref="428872823" role="forward"/>
  <member type="way" ref="428872824" role="forward"/>
  <member type="way" ref="428872832" role="forward"/>
  <member type="way" ref="242008793" role="forward"/>
  <member type="way" ref="689959948" role="forward"/>
  <member type="way" ref="45716426" role="forward"/>
  <member type="way" ref="689959945" role="forward"/>
  <member type="way" ref="242008790" role="forward"/>
  <member type="way" ref="689959950" role="forward"/>
  <member type="way" ref="242008786" role="forward"/>
  <member type="way" ref="689959942" role="forward"/>
  <member type="way" ref="428872830" role="forward"/>
  <member type="way" ref="242008781" role="forward"/>
  <member type="way" ref="689959934" role="forward"/>
  <member type="way" ref="1168289786" role="forward"/>
  <member type="way" ref="1168289788" role="forward"/>
  <member type="way" ref="438347597" role="forward"/>
  <member type="way" ref="689959870" role="forward"/>
  <member type="way" ref="1469637909" role="forward"/>
  <member type="way" ref="689959863" role="forward"/>
  <member type="way" ref="689959856" role="forward"/>
  <member type="way" ref="689959811" role="forward"/>
  <member type="way" ref="689959807" role="forward"/>
  <member type="way" ref="690054430" role="forward"/>
  <member type="way" ref="690054428" role="forward"/>
  <member type="way" ref="690054429" role="forward"/>
  <member type="way" ref="689959924" role="forward"/>
  <member type="way" ref="831081198" role="forward"/>
  <member type="way" ref="831081190" role="forward"/>
  <member type="way" ref="960881558" role="forward"/>
  <member type="way" ref="831081201" role="forward"/>
  <member type="way" ref="831081188" role="forward"/>
  <member type="way" ref="831081187" role="forward"/>
  <member type="way" ref="831081191" role="forward"/>
  <member type="way" ref="831081195" role="forward"/>
  <member type="way" ref="198359606" role="forward"/>
  <member type="way" ref="830971776" role="forward"/>
  <member type="way" ref="830971782" role="forward"/>
  <member type="way" ref="830971783" role="forward"/>
  <member type="way" ref="830971785" role="forward"/>
  <member type="way" ref="830971781" role="forward"/>
  <member type="way" ref="830985408" role="forward"/>
  <member type="way" ref="830985401" role="forward"/>
  <member type="way" ref="830985398" role="forward"/>
  <member type="way" ref="830985410" role="forward"/>
  <member type="way" ref="438938605" role="forward"/>
  <member type="way" ref="438938608" role="forward"/>
  <member type="way" ref="438942640" role="forward"/>
  <member type="way" ref="428872840" role="forward"/>
  <member type="way" ref="689959959" role="forward"/>
  <member type="way" ref="428872831" role="forward"/>
  <member type="way" ref="428872829" role="forward"/>
  <member type="way" ref="689959956" role="forward"/>
  <member type="way" ref="428872837" role="forward"/>
  <member type="way" ref="689959953" role="forward"/>
  <member type="way" ref="689959940" role="forward"/>
  <member type="way" ref="428872834" role="forward"/>
  <member type="way" ref="428872836" role="forward"/>
  <member type="way" ref="689959937" role="forward"/>
  <member type="way" ref="242008795" role="forward"/>
  <member type="way" ref="242008794" role="forward"/>
  <member type="way" ref="242008780" role="forward"/>
  <member type="way" ref="689959928" role="forward"/>
  <member type="way" ref="689959931" role="forward"/>
  <member type="way" ref="461582522" role="forward"/>
  <member type="way" ref="689959874" role="forward"/>
  <member type="way" ref="193044688" role="forward"/>
  <member type="way" ref="689959877" role="forward"/>
  <member type="way" ref="689959888" role="forward"/>
  <member type="way" ref="689959894" role="forward"/>
  <member type="way" ref="689959911" role="forward"/>
  <member type="way" ref="193044686" role="forward"/>
  <member type="way" ref="193044687" role="forward"/>
  <member type="way" ref="193044685" role="forward"/>
  <member type="way" ref="193044683" role="forward"/>
  <member type="way" ref="193044681" role="forward"/>
  <member type="way" ref="689959814" role="forward"/>
  <member type="way" ref="260237710" role="forward"/>
  <member type="way" ref="689959832" role="forward"/>
  <member type="way" ref="689959836" role="forward"/>
  <member type="way" ref="689959841" role="forward"/>
  <member type="way" ref="260237709" role="forward"/>
  <member type="way" ref="198660028" role="forward"/>
  <member type="way" ref="198660027" role="forward"/>
  <member type="way" ref="831081186" role="forward"/>
  <member type="way" ref="831081189" role="forward"/>
  <member type="way" ref="831081182" role="forward"/>
  <member type="way" ref="831081192" role="forward"/>
  <member type="way" ref="831081203" role="forward"/>
  <member type="way" ref="831081202" role="forward"/>
  <member type="way" ref="831081197" role="forward"/>
  <member type="way" ref="830985404" role="forward"/>
  <member type="way" ref="830985393" role="forward"/>
  <member type="way" ref="830971780" role="forward"/>
  <member type="way" ref="830971772" role="forward"/>
  <member type="way" ref="830971771" role="forward"/>
  <member type="way" ref="830971774" role="forward"/>
  <member type="way" ref="830971773" role="forward"/>
  <member type="way" ref="131567937" role="forward"/>
  <member type="way" ref="438938606" role="forward"/>
  <member type="way" ref="438942639" role="forward"/>
  <member type="way" ref="438938607" role="forward"/>
  <tag k="fixme" v="Need to add/refactor forward/backward roles after new queen k alignment"/>
  <tag k="name" v="Hawaii Route 19"/>
  <tag k="network" v="US:HI"/>
  <tag k="ref" v="19"/>
  <tag k="route" v="road"/>
  <tag k="type" v="route"/>
 </relation>
 <relation id="6520862" visible="true" version="44" changeset="183660584" timestamp="2026-06-04T18:30:45Z" user="tyler_expedia" uid="12379599">
  <member type="way" ref="1120591154" role="outer"/>
  <member type="way" ref="1382683036" role="outer"/>
  <member type="way" ref="438306844" role="outer"/>
  <member type="way" ref="438306839" role="outer"/>
  <member type="way" ref="438306853" role="outer"/>
  <member type="way" ref="438306840" role="outer"/>
  <member type="way" ref="438306845" role="outer"/>
  <member type="way" ref="509453956" role="outer"/>
  <member type="way" ref="45720996" role="outer"/>
  <member type="way" ref="45720986" role="outer"/>
  <member type="way" ref="45653455" role="outer"/>
  <member type="way" ref="45682364" role="outer"/>
  <member type="way" ref="45693676" role="outer"/>
  <member type="way" ref="438306852" role="outer"/>
  <member type="way" ref="438300650" role="outer"/>
  <member type="way" ref="813931854" role="outer"/>
  <member type="way" ref="438300651" role="outer"/>
  <member type="way" ref="242428382" role="outer"/>
  <member type="way" ref="335868495" role="outer"/>
  <member type="way" ref="335868480" role="outer"/>
  <member type="way" ref="242428379" role="outer"/>
  <member type="way" ref="242428371" role="outer"/>
  <member type="way" ref="242428370" role="outer"/>
  <member type="way" ref="335868486" role="outer"/>
  <member type="way" ref="242428375" role="outer"/>
  <member type="way" ref="242428380" role="outer"/>
  <member type="way" ref="242428376" role="outer"/>
  <member type="way" ref="242428372" role="outer"/>
  <member type="way" ref="335868483" role="outer"/>
  <member type="way" ref="242428373" role="outer"/>
  <member type="way" ref="335868502" role="outer"/>
  <member type="way" ref="242428378" role="outer"/>
  <member type="way" ref="335868488" role="outer"/>
  <member type="way" ref="817892945" role="outer"/>
  <member type="way" ref="335868490" role="outer"/>
  <member type="way" ref="817892944" role="outer"/>
  <member type="way" ref="817892946" role="outer"/>
  <member type="way" ref="817892943" role="outer"/>
  <member type="way" ref="238528900" role="outer"/>
  <member type="way" ref="817892942" role="outer"/>
  <member type="way" ref="335868489" role="outer"/>
  <member type="way" ref="335868484" role="outer"/>
  <member type="way" ref="817892941" role="outer"/>
  <member type="way" ref="817892947" role="outer"/>
  <member type="way" ref="335868481" role="outer"/>
  <member type="way" ref="817892948" role="outer"/>
  <member type="way" ref="817892949" role="outer"/>
  <member type="way" ref="335868482" role="outer"/>
  <member type="way" ref="238528901" role="outer"/>
  <member type="way" ref="817892950" role="outer"/>
  <member type="way" ref="335868497" role="outer"/>
  <member type="way" ref="335868491" role="outer"/>
  <member type="way" ref="335868500" role="outer"/>
  <member type="way" ref="817892951" role="outer"/>
  <member type="way" ref="360764074" role="outer"/>
  <member type="way" ref="438300652" role="outer"/>
  <member type="way" ref="240713189" role="outer"/>
  <member type="way" ref="45709222" role="outer"/>
  <member type="way" ref="45716466" role="outer"/>
  <member type="way" ref="992037869" role="outer"/>
  <member type="way" ref="45693558" role="outer"/>
  <member type="way" ref="45721294" role="outer"/>
  <member type="way" ref="290389684" role="outer"/>
  <member type="way" ref="45712335" role="outer"/>
  <member type="way" ref="152291279" role="outer"/>
  <member type="way" ref="152291280" role="outer"/>
  <member type="way" ref="45716484" role="outer"/>
  <member type="way" ref="45686769" role="outer"/>
  <member type="way" ref="438300648" role="outer"/>
  <member type="way" ref="254007121" role="outer"/>
  <member type="way" ref="10418979" role="outer"/>
  <member type="way" ref="1347527884" role="outer"/>
  <member type="way" ref="289698061" role="outer"/>
  <member type="way" ref="1347527883" role="outer"/>
  <member type="way" ref="1347695558" role="outer"/>
  <member type="way" ref="1347695559" role="outer"/>
  <member type="way" ref="1347695965" role="outer"/>
  <member type="way" ref="289692270" role="outer"/>
  <member type="way" ref="289691192" role="outer"/>
  <member type="way" ref="364793530" role="outer"/>
  <member type="way" ref="289688681" role="outer"/>
  <member type="way" ref="289688728" role="outer"/>
  <member type="way" ref="289688688" role="outer"/>
  <member type="way" ref="992037873" role="outer"/>
  <member type="way" ref="438347573" role="outer"/>
  <member type="way" ref="438347568" role="outer"/>
  <member type="way" ref="694006996" role="outer"/>
  <member type="way" ref="45685720" role="outer"/>
  <member type="way" ref="45719613" role="outer"/>
  <member type="way" ref="45640813" role="outer"/>
  <member type="way" ref="45719615" role="outer"/>
  <member type="way" ref="693993200" role="outer"/>
  <member type="way" ref="45655900" role="outer"/>
  <member type="way" ref="198359606" role="outer"/>
  <member type="way" ref="830971776" role="outer"/>
  <member type="way" ref="830971782" role="outer"/>
  <member type="way" ref="830971783" role="outer"/>
  <member type="way" ref="830971785" role="outer"/>
  <member type="way" ref="830971781" role="outer"/>
  <member type="way" ref="830985408" role="outer"/>
  <member type="way" ref="830985401" role="outer"/>
  <member type="way" ref="830985398" role="outer"/>
  <member type="way" ref="830985410" role="outer"/>
  <member type="way" ref="438938605" role="outer"/>
  <member type="way" ref="438938608" role="outer"/>
  <member type="way" ref="438942640" role="outer"/>
  <member type="way" ref="438347615" role="outer"/>
  <member type="way" ref="438942638" role="outer"/>
  <member type="way" ref="438942642" role="outer"/>
  <member type="way" ref="439080690" role="outer"/>
  <member type="way" ref="439080694" role="outer"/>
  <member type="way" ref="439080688" role="outer"/>
  <member type="way" ref="439080697" role="outer"/>
  <member type="way" ref="439080689" role="outer"/>
  <member type="way" ref="131567938" role="outer"/>
  <member type="way" ref="438839388" role="outer"/>
  <member type="way" ref="438839382" role="outer"/>
  <member type="way" ref="439100956" role="outer"/>
  <member type="way" ref="439100909" role="outer"/>
  <member type="way" ref="439102915" role="outer"/>
  <member type="way" ref="439102916" role="outer"/>
  <member type="way" ref="439261301" role="outer"/>
  <member type="way" ref="439261302" role="outer"/>
  <member type="way" ref="45685656" role="outer"/>
  <member type="way" ref="439263702" role="outer"/>
  <member type="way" ref="687252033" role="outer"/>
  <member type="way" ref="439263703" role="outer"/>
  <member type="way" ref="438347604" role="outer"/>
  <member type="way" ref="438347609" role="outer"/>
  <member type="way" ref="438347585" role="outer"/>
  <member type="way" ref="210833348" role="outer"/>
  <member type="way" ref="210833349" role="outer"/>
  <member type="way" ref="45685692" role="outer"/>
  <member type="way" ref="33616141" role="outer"/>
  <member type="way" ref="1330349169" role="outer"/>
  <member type="way" ref="268093554" role="outer"/>
  <member type="way" ref="371705892" role="outer"/>
  <member type="way" ref="371705895" role="outer"/>
  <member type="way" ref="438347619" role="outer"/>
  <member type="way" ref="438347620" role="outer"/>
  <member type="way" ref="438347575" role="outer"/>
  <member type="way" ref="438347569" role="outer"/>
  <member type="way" ref="45698596" role="outer"/>
  <member type="way" ref="45641640" role="outer"/>
  <member type="way" ref="45722380" role="outer"/>
  <member type="way" ref="45719340" role="outer"/>
  <member type="way" ref="45698598" role="outer"/>
  <member type="way" ref="45723911" role="outer"/>
  <member type="way" ref="45685572" role="outer"/>
  <member type="way" ref="438347576" role="outer"/>
  <member type="way" ref="438839378" role="outer"/>
  <member type="way" ref="438347582" role="outer"/>
  <member type="way" ref="686709175" role="outer"/>
  <member type="way" ref="686709176" role="outer"/>
  <member type="way" ref="438347570" role="outer"/>
  <member type="way" ref="45622961" role="outer"/>
  <member type="way" ref="1080863332" role="outer"/>
  <member type="way" ref="438347583" role="outer"/>
  <member type="way" ref="238132484" role="outer"/>
  <member type="way" ref="196355160" role="outer"/>
  <member type="way" ref="196355154" role="outer"/>
  <member type="way" ref="196355157" role="outer"/>
  <member type="way" ref="196355153" role="outer"/>
  <member type="way" ref="196355158" role="outer"/>
  <member type="way" ref="438306846" role="outer"/>
  <member type="way" ref="509456695" role="outer"/>
  <member type="way" ref="509456647" role="outer"/>
  <member type="way" ref="506521772" role="outer"/>
  <member type="way" ref="509456673" role="outer"/>
  <tag k="boundary" v="census"/>
  <tag k="name" v="North Kona"/>
  <tag k="name:haw" v="Kona Akau"/>
  <tag k="name:ko" v="노스코나"/>
  <tag k="name:ru" v="Северный Кона"/>
  <tag k="ref" v="District 8"/>
  <tag k="type" v="boundary"/>
  <tag k="wikidata" v="Q3198591"/>
 </relation>
 <relation id="6526514" visible="true" version="30" changeset="183081393" timestamp="2026-05-23T19:13:33Z" user="dia-jules" uid="10209572">
  <member type="way" ref="45719340" role="outer"/>
  <member type="way" ref="45698598" role="outer"/>
  <member type="way" ref="45723911" role="outer"/>
  <member type="way" ref="45685572" role="outer"/>
  <member type="way" ref="438347576" role="outer"/>
  <member type="way" ref="438861627" role="outer"/>
  <member type="way" ref="438839379" role="outer"/>
  <member type="way" ref="438839387" role="outer"/>
  <member type="way" ref="1519951168" role="outer"/>
  <member type="way" ref="499421030" role="outer"/>
  <member type="way" ref="438839386" role="outer"/>
  <member type="way" ref="441240737" role="outer"/>
  <member type="way" ref="438839381" role="outer"/>
  <member type="way" ref="438839389" role="outer"/>
  <member type="way" ref="210469375" role="outer"/>
  <member type="way" ref="271004731" role="outer"/>
  <member type="way" ref="1200087950" role="outer"/>
  <member type="way" ref="440386994" role="outer"/>
  <member type="way" ref="1200087951" role="outer"/>
  <member type="way" ref="1200087953" role="outer"/>
  <member type="way" ref="1200087952" role="outer"/>
  <member type="way" ref="193238695" role="outer"/>
  <member type="way" ref="45719663" role="outer"/>
  <member type="way" ref="438839384" role="outer"/>
  <member type="way" ref="45699553" role="outer"/>
  <member type="way" ref="438839385" role="outer"/>
  <member type="way" ref="438839380" role="outer"/>
  <member type="way" ref="438839377" role="outer"/>
  <member type="way" ref="254007118" role="outer"/>
  <member type="way" ref="140270998" role="outer"/>
  <member type="way" ref="198504098" role="outer"/>
  <member type="way" ref="289688701" role="outer"/>
  <member type="way" ref="438347577" role="outer"/>
  <member type="way" ref="438347568" role="outer"/>
  <member type="way" ref="694006996" role="outer"/>
  <member type="way" ref="45685720" role="outer"/>
  <member type="way" ref="45719613" role="outer"/>
  <member type="way" ref="45640813" role="outer"/>
  <member type="way" ref="45719615" role="outer"/>
  <member type="way" ref="693993200" role="outer"/>
  <member type="way" ref="45655900" role="outer"/>
  <member type="way" ref="198359606" role="outer"/>
  <member type="way" ref="830971776" role="outer"/>
  <member type="way" ref="830971782" role="outer"/>
  <member type="way" ref="830971783" role="outer"/>
  <member type="way" ref="830971785" role="outer"/>
  <member type="way" ref="830971781" role="outer"/>
  <member type="way" ref="830985408" role="outer"/>
  <member type="way" ref="830985401" role="outer"/>
  <member type="way" ref="830985398" role="outer"/>
  <member type="way" ref="830985410" role="outer"/>
  <member type="way" ref="438938605" role="outer"/>
  <member type="way" ref="438938608" role="outer"/>
  <member type="way" ref="438942640" role="outer"/>
  <member type="way" ref="438347615" role="outer"/>
  <member type="way" ref="438942638" role="outer"/>
  <member type="way" ref="438942642" role="outer"/>
  <member type="way" ref="439080690" role="outer"/>
  <member type="way" ref="439080694" role="outer"/>
  <member type="way" ref="439080688" role="outer"/>
  <member type="way" ref="439080697" role="outer"/>
  <member type="way" ref="439080689" role="outer"/>
  <member type="way" ref="131567938" role="outer"/>
  <member type="way" ref="438839388" role="outer"/>
  <member type="way" ref="438839382" role="outer"/>
  <member type="way" ref="439100956" role="outer"/>
  <member type="way" ref="439100909" role="outer"/>
  <member type="way" ref="439102915" role="outer"/>
  <member type="way" ref="439102916" role="outer"/>
  <member type="way" ref="439261301" role="outer"/>
  <member type="way" ref="439261302" role="outer"/>
  <member type="way" ref="45685656" role="outer"/>
  <member type="way" ref="439263702" role="outer"/>
  <member type="way" ref="687252033" role="outer"/>
  <member type="way" ref="439263703" role="outer"/>
  <member type="way" ref="438347604" role="outer"/>
  <member type="way" ref="438347609" role="outer"/>
  <member type="way" ref="438347585" role="outer"/>
  <member type="way" ref="210833348" role="outer"/>
  <member type="way" ref="210833349" role="outer"/>
  <member type="way" ref="45685692" role="outer"/>
  <member type="way" ref="33616141" role="outer"/>
  <member type="way" ref="1330349169" role="outer"/>
  <member type="way" ref="268093554" role="outer"/>
  <member type="way" ref="371705892" role="outer"/>
  <member type="way" ref="371705895" role="outer"/>
  <member type="way" ref="438347619" role="outer"/>
  <member type="way" ref="438347620" role="outer"/>
  <member type="way" ref="438347575" role="outer"/>
  <member type="way" ref="438347569" role="outer"/>
  <member type="way" ref="45698596" role="outer"/>
  <member type="way" ref="45641640" role="outer"/>
  <member type="way" ref="45722380" role="outer"/>
  <tag k="boundary" v="census"/>
  <tag k="name" v="South Kona"/>
  <tag k="name:en" v="South Kona"/>
  <tag k="name:haw" v="Kona Hema"/>
  <tag k="name:ko" v="사우스코나"/>
  <tag k="name:ru" v="Южный Кона"/>
  <tag k="ref" v="District 7"/>
  <tag k="type" v="boundary"/>
 </relation>
 <relation id="9531138" visible="true" version="58" changeset="189565348" timestamp="2026-09-25T22:51:16Z" user="HolyCrapThatsALongUsername" uid="23518244">
  <member type="way" ref="697697272" role=""/>
  <member type="way" ref="1080085087" role=""/>
  <member type="way" ref="1080085088" role=""/>
  <member type="way" ref="1520064947" role=""/>
  <member type="way" ref="438309346" role=""/>
  <member type="way" ref="231645488" role=""/>
  <member type="way" ref="1520064946" role=""/>
  <member type="way" ref="290404186" role=""/>
  <member type="way" ref="290404185" role=""/>
  <member type="way" ref="290404105" role=""/>
  <member type="way" ref="670658946" role=""/>
  <member type="way" ref="670658945" role=""/>
  <member type="way" ref="290404103" role=""/>
  <member type="way" ref="1520064945" role=""/>
  <member type="way" ref="253586538" role=""/>
  <member type="way" ref="253586537" role=""/>
  <member type="way" ref="253582946" role=""/>
  <member type="way" ref="253582948" role=""/>
  <member type="way" ref="253752874" role=""/>
  <member type="way" ref="253752876" role=""/>
  <member type="way" ref="1520064944" role=""/>
  <member type="way" ref="260231693" role=""/>
  <member type="way" ref="45621743" role=""/>
  <member type="way" ref="45621999" role=""/>
  <member type="way" ref="1520064943" role=""/>
  <member type="way" ref="375880795" role=""/>
  <member type="way" ref="375880796" role=""/>
  <member type="way" ref="188390540" role=""/>
  <member type="way" ref="260233720" role=""/>
  <member type="way" ref="260233719" role=""/>
  <member type="way" ref="260233565" role=""/>
  <member type="way" ref="260233564" role=""/>
  <member type="way" ref="281611455" role=""/>
  <member type="way" ref="281611456" role=""/>
  <member type="way" ref="281611454" role=""/>
  <member type="way" ref="281611457" role=""/>
  <member type="way" ref="1346719072" role=""/>
  <member type="way" ref="1346719154" role=""/>
  <member type="way" ref="596138655" role=""/>
  <member type="way" ref="1346719264" role=""/>
  <member type="way" ref="1346719316" role=""/>
  <member type="way" ref="1346721705" role=""/>
  <member type="way" ref="1520064942" role=""/>
  <member type="way" ref="1346721706" role=""/>
  <member type="way" ref="289835443" role=""/>
  <member type="way" ref="1346721707" role=""/>
  <member type="way" ref="289835444" role=""/>
  <member type="way" ref="596138654" role=""/>
  <member type="way" ref="289835989" role=""/>
  <member type="way" ref="289836467" role=""/>
  <member type="way" ref="289836466" role=""/>
  <member type="way" ref="289836579" role=""/>
  <member type="way" ref="289835659" role=""/>
  <member type="way" ref="1506188052" role=""/>
  <member type="way" ref="596138653" role=""/>
  <member type="way" ref="1180541206" role=""/>
  <member type="way" ref="1180541205" role=""/>
  <member type="way" ref="596138652" role=""/>
  <member type="way" ref="596138651" role=""/>
  <member type="way" ref="596138648" role=""/>
  <member type="way" ref="596138647" role=""/>
  <member type="way" ref="596138645" role=""/>
  <member type="way" ref="289836580" role=""/>
  <member type="way" ref="1180468545" role=""/>
  <member type="way" ref="1180468546" role=""/>
  <member type="way" ref="217389242" role=""/>
  <member type="way" ref="217389245" role=""/>
  <member type="way" ref="596138644" role=""/>
  <member type="way" ref="217389243" role=""/>
  <member type="way" ref="596083324" role=""/>
  <member type="way" ref="1520064941" role=""/>
  <member type="way" ref="1520064940" role=""/>
  <member type="way" ref="217556338" role=""/>
  <member type="way" ref="217556341" role=""/>
  <member type="way" ref="596083322" role=""/>
  <member type="way" ref="1520064938" role=""/>
  <member type="way" ref="1520064939" role=""/>
  <member type="way" ref="217556340" role=""/>
  <member type="way" ref="260237024" role=""/>
  <member type="way" ref="217560241" role=""/>
  <member type="way" ref="289852695" role=""/>
  <member type="way" ref="289852693" role=""/>
  <member type="way" ref="289852696" role=""/>
  <member type="way" ref="289852694" role=""/>
  <member type="way" ref="1520064937" role=""/>
  <member type="way" ref="1520064936" role=""/>
  <member type="way" ref="260237013" role=""/>
  <member type="way" ref="260237012" role=""/>
  <member type="way" ref="217336827" role=""/>
  <member type="way" ref="217511847" role=""/>
  <member type="way" ref="596079608" role=""/>
  <member type="way" ref="217336852" role=""/>
  <member type="way" ref="259157699" role=""/>
  <member type="way" ref="259157696" role=""/>
  <member type="way" ref="596079607" role=""/>
  <member type="way" ref="212278776" role=""/>
  <member type="way" ref="212423460" role=""/>
  <member type="way" ref="596079606" role=""/>
  <member type="way" ref="596079609" role=""/>
  <member type="way" ref="212278801" role=""/>
  <member type="way" ref="208513187" role=""/>
  <member type="way" ref="212278803" role=""/>
  <member type="way" ref="596079605" role=""/>
  <member type="way" ref="208513189" role=""/>
  <member type="way" ref="595900200" role=""/>
  <member type="way" ref="45700465" role="forward"/>
  <member type="way" ref="1294905776" role="forward"/>
  <member type="way" ref="45700437" role="forward"/>
  <member type="way" ref="280426129" role=""/>
  <member type="way" ref="595900196" role=""/>
  <member type="way" ref="687500768" role=""/>
  <member type="way" ref="45692275" role=""/>
  <member type="way" ref="595900189" role=""/>
  <member type="way" ref="595900184" role=""/>
  <member type="way" ref="438286230" role="forward"/>
  <member type="way" ref="438286229" role="forward"/>
  <member type="way" ref="45708419" role="forward"/>
  <member type="way" ref="687500763" role="forward"/>
  <member type="way" ref="438286231" role="forward"/>
  <member type="way" ref="45684405" role="forward"/>
  <member type="way" ref="45681055" role=""/>
  <member type="way" ref="232499533" role=""/>
  <member type="way" ref="687500759" role=""/>
  <member type="way" ref="232499534" role="forward"/>
  <member type="way" ref="146668667" role="forward"/>
  <member type="way" ref="687500766" role="forward"/>
  <member type="way" ref="430669152" role="forward"/>
  <member type="way" ref="687500758" role="forward"/>
  <member type="way" ref="687500769" role="forward"/>
  <member type="way" ref="687500767" role="forward"/>
  <member type="way" ref="687500761" role="forward"/>
  <member type="way" ref="232499532" role="forward"/>
  <member type="way" ref="232499535" role="forward"/>
  <member type="way" ref="430669153" role="forward"/>
  <member type="way" ref="1221865359" role=""/>
  <member type="way" ref="430668976" role=""/>
  <member type="way" ref="437228650" role=""/>
  <member type="way" ref="430668970" role=""/>
  <member type="way" ref="430668964" role=""/>
  <member type="way" ref="430668971" role=""/>
  <member type="way" ref="1221865358" role=""/>
  <member type="way" ref="687495981" role=""/>
  <member type="way" ref="1221865367" role=""/>
  <member type="way" ref="45657551" role=""/>
  <member type="way" ref="430668960" role=""/>
  <member type="way" ref="430668951" role=""/>
  <member type="way" ref="430668959" role=""/>
  <member type="way" ref="430668974" role="forward"/>
  <member type="way" ref="430668969" role="forward"/>
  <member type="way" ref="430668952" role="forward"/>
  <member type="way" ref="430668962" role="forward"/>
  <member type="way" ref="430668954" role="forward"/>
  <member type="way" ref="430668973" role="forward"/>
  <member type="way" ref="1221865361" role="forward"/>
  <member type="way" ref="430668965" role="forward"/>
  <member type="way" ref="430668968" role="forward"/>
  <member type="way" ref="430668977" role="forward"/>
  <member type="way" ref="1221865364" role="forward"/>
  <member type="way" ref="146452489" role="forward"/>
  <member type="way" ref="1221865362" role="forward"/>
  <member type="way" ref="430668957" role="forward"/>
  <member type="way" ref="1221865360" role="forward"/>
  <member type="way" ref="430668953" role="forward"/>
  <member type="way" ref="430668967" role="forward"/>
  <member type="way" ref="45692213" role=""/>
  <member type="way" ref="430665920" role=""/>
  <member type="way" ref="430665924" role="forward"/>
  <member type="way" ref="217608295" role="forward"/>
  <member type="way" ref="431558579" role="forward"/>
  <member type="way" ref="431558566" role="forward"/>
  <member type="way" ref="431558567" role="forward"/>
  <member type="way" ref="431558572" role="forward"/>
  <member type="way" ref="431558575" role="forward"/>
  <member type="way" ref="431558580" role="forward"/>
  <member type="way" ref="431487143" role="forward"/>
  <member type="way" ref="431487142" role="forward"/>
  <member type="way" ref="431487115" role="forward"/>
  <member type="way" ref="1185435446" role="forward"/>
  <member type="way" ref="431487126" role="forward"/>
  <member type="way" ref="431487118" role="forward"/>
  <member type="way" ref="45643708" role="forward"/>
  <member type="way" ref="431487137" role="forward"/>
  <member type="way" ref="45692110" role="forward"/>
  <member type="way" ref="217608284" role="forward"/>
  <member type="way" ref="217608287" role="forward"/>
  <member type="way" ref="45717578" role="forward"/>
  <member type="way" ref="45681050" role="forward"/>
  <member type="way" ref="431487127" role="forward"/>
  <member type="way" ref="45693166" role="forward"/>
  <member type="way" ref="431487120" role="forward"/>
  <member type="way" ref="431487139" role="forward"/>
  <member type="way" ref="829488436" role="forward"/>
  <member type="way" ref="829488428" role="forward"/>
  <member type="way" ref="431487110" role="forward"/>
  <member type="way" ref="431487132" role="forward"/>
  <member type="way" ref="431487119" role="forward"/>
  <member type="way" ref="45693146" role="forward"/>
  <member type="way" ref="431487122" role="forward"/>
  <member type="way" ref="431487147" role="forward"/>
  <member type="way" ref="431487116" role="forward"/>
  <member type="way" ref="431487125" role="forward"/>
  <member type="way" ref="238197973" role="forward"/>
  <member type="way" ref="238197971" role="forward"/>
  <member type="way" ref="431487133" role="forward"/>
  <member type="way" ref="431487106" role="forward"/>
  <member type="way" ref="431487124" role="forward"/>
  <member type="way" ref="431487146" role="forward"/>
  <member type="way" ref="431487148" role="forward"/>
  <member type="way" ref="431487145" role="forward"/>
  <member type="way" ref="431487165" role="forward"/>
  <member type="way" ref="431487156" role="forward"/>
  <member type="way" ref="431487161" role="forward"/>
  <member type="way" ref="45620631" role="forward"/>
  <member type="way" ref="431487154" role="forward"/>
  <member type="way" ref="431487167" role="forward"/>
  <member type="way" ref="431487169" role="forward"/>
  <member type="way" ref="431487164" role="forward"/>
  <member type="way" ref="431487174" role="forward"/>
  <member type="way" ref="431487170" role="forward"/>
  <member type="way" ref="431487160" role="forward"/>
  <member type="way" ref="431487155" role="forward"/>
  <member type="way" ref="431472858" role="forward"/>
  <member type="way" ref="431487157" role="forward"/>
  <member type="way" ref="431472850" role="forward"/>
  <member type="way" ref="431472851" role="forward"/>
  <member type="way" ref="431472849" role="forward"/>
  <member type="way" ref="431472856" role="forward"/>
  <member type="way" ref="431472855" role="forward"/>
  <member type="way" ref="194201609" role="forward"/>
  <member type="way" ref="784746831" role="forward"/>
  <member type="way" ref="914006335" role="forward"/>
  <member type="way" ref="784746830" role="forward"/>
  <member type="way" ref="914006336" role="forward"/>
  <member type="way" ref="194201612" role="forward"/>
  <member type="way" ref="438908207" role="forward"/>
  <member type="way" ref="45723799" role="forward"/>
  <member type="way" ref="265076924" role="forward"/>
  <member type="way" ref="265076922" role="forward"/>
  <member type="way" ref="430665919" role="backward"/>
  <member type="way" ref="430665922" role="forward"/>
  <member type="way" ref="430665923" role="forward"/>
  <member type="way" ref="45622102" role="forward"/>
  <member type="way" ref="431558569" role="forward"/>
  <member type="way" ref="431558568" role="forward"/>
  <member type="way" ref="431558563" role="forward"/>
  <member type="way" ref="431558565" role="forward"/>
  <member type="way" ref="431558562" role="forward"/>
  <member type="way" ref="431558573" role="forward"/>
  <member type="way" ref="431558560" role="forward"/>
  <member type="way" ref="431558561" role="forward"/>
  <member type="way" ref="431558571" role="forward"/>
  <member type="way" ref="431558574" role="forward"/>
  <member type="way" ref="1336869571" role="forward"/>
  <member type="way" ref="1336869570" role="forward"/>
  <member type="way" ref="431558581" role="forward"/>
  <member type="way" ref="431558577" role="forward"/>
  <member type="way" ref="431558578" role="forward"/>
  <member type="way" ref="431558558" role="forward"/>
  <member type="way" ref="431487104" role="forward"/>
  <member type="way" ref="431487140" role="forward"/>
  <member type="way" ref="1185435445" role="forward"/>
  <member type="way" ref="431487131" role="forward"/>
  <member type="way" ref="431487117" role="forward"/>
  <member type="way" ref="431487105" role="forward"/>
  <member type="way" ref="431487141" role="forward"/>
  <member type="way" ref="431487130" role="forward"/>
  <member type="way" ref="217608285" role="forward"/>
  <member type="way" ref="217608288" role="forward"/>
  <member type="way" ref="45714848" role="forward"/>
  <member type="way" ref="431487112" role="forward"/>
  <member type="way" ref="45621314" role="forward"/>
  <member type="way" ref="431487121" role="forward"/>
  <member type="way" ref="431487129" role="forward"/>
  <member type="way" ref="45712958" role="forward"/>
  <member type="way" ref="431487107" role="forward"/>
  <member type="way" ref="431487109" role="forward"/>
  <member type="way" ref="431487111" role="forward"/>
  <member type="way" ref="45640036" role="forward"/>
  <member type="way" ref="431487113" role="forward"/>
  <member type="way" ref="431487123" role="forward"/>
  <member type="way" ref="431487108" role="forward"/>
  <member type="way" ref="238197972" role="forward"/>
  <member type="way" ref="238197974" role="forward"/>
  <member type="way" ref="431487144" role="forward"/>
  <member type="way" ref="431487114" role="forward"/>
  <member type="way" ref="431487134" role="forward"/>
  <member type="way" ref="45684752" role="forward"/>
  <member type="way" ref="45659442" role="forward"/>
  <member type="way" ref="431487166" role="forward"/>
  <member type="way" ref="431487158" role="forward"/>
  <member type="way" ref="431487162" role="forward"/>
  <member type="way" ref="431487173" role="forward"/>
  <member type="way" ref="431487171" role="forward"/>
  <member type="way" ref="431487168" role="forward"/>
  <member type="way" ref="431487159" role="forward"/>
  <member type="way" ref="217661601" role="forward"/>
  <member type="way" ref="431487163" role="forward"/>
  <member type="way" ref="431487153" role="forward"/>
  <member type="way" ref="431487172" role="forward"/>
  <member type="way" ref="431472848" role="forward"/>
  <member type="way" ref="431472846" role="forward"/>
  <member type="way" ref="45639871" role="forward"/>
  <member type="way" ref="431472854" role="forward"/>
  <member type="way" ref="431472853" role="forward"/>
  <member type="way" ref="431472857" role="forward"/>
  <member type="way" ref="431472847" role="forward"/>
  <member type="way" ref="431472845" role="forward"/>
  <member type="way" ref="431472852" role="forward"/>
  <member type="way" ref="1504276651" role="forward"/>
  <member type="way" ref="784746828" role="forward"/>
  <member type="way" ref="784746829" role="forward"/>
  <member type="way" ref="194201610" role="forward"/>
  <member type="way" ref="1562313227" role="forward"/>
  <member type="way" ref="194201613" role="forward"/>
  <member type="way" ref="914006334" role="forward"/>
  <member type="way" ref="45698738" role="forward"/>
  <member type="way" ref="914006329" role=""/>
  <member type="way" ref="914006333" role=""/>
  <member type="way" ref="1427467883" role=""/>
  <member type="way" ref="1427467884" role=""/>
  <member type="way" ref="1427467885" role=""/>
  <member type="way" ref="914006332" role=""/>
  <member type="way" ref="914006331" role=""/>
  <member type="way" ref="914006330" role=""/>
  <member type="way" ref="45710094" role=""/>
  <member type="way" ref="438854480" role=""/>
  <member type="way" ref="438854481" role=""/>
  <member type="way" ref="45641680" role=""/>
  <member type="way" ref="1124868962" role=""/>
  <member type="way" ref="509466810" role=""/>
  <member type="way" ref="1137766558" role=""/>
  <member type="way" ref="45712765" role=""/>
  <member type="way" ref="509466812" role=""/>
  <member type="way" ref="509466811" role=""/>
  <member type="way" ref="509466813" role=""/>
  <member type="way" ref="1137766574" role=""/>
  <member type="way" ref="914006328" role=""/>
  <member type="way" ref="218402937" role=""/>
  <member type="way" ref="218404450" role=""/>
  <member type="way" ref="1030753955" role=""/>
  <member type="way" ref="1030753954" role=""/>
  <member type="way" ref="1030753953" role=""/>
  <member type="way" ref="1030753952" role=""/>
  <member type="way" ref="218404451" role=""/>
  <member type="way" ref="216242035" role=""/>
  <member type="way" ref="1030753950" role=""/>
  <member type="way" ref="1030753949" role=""/>
  <member type="way" ref="216242032" role=""/>
  <member type="way" ref="216242061" role=""/>
  <member type="way" ref="216242033" role=""/>
  <member type="way" ref="216242050" role=""/>
  <member type="way" ref="45711472" role="forward"/>
  <member type="way" ref="216242060" role="forward"/>
  <member type="way" ref="304190165" role=""/>
  <member type="way" ref="211534367" role=""/>
  <member type="way" ref="1030753944" role=""/>
  <member type="way" ref="1030753945" role=""/>
  <member type="way" ref="45713245" role=""/>
  <member type="way" ref="216242053" role=""/>
  <member type="way" ref="1138252321" role=""/>
  <member type="way" ref="1138252319" role=""/>
  <member type="way" ref="1137888828" role=""/>
  <member type="way" ref="1137766581" role=""/>
  <member type="way" ref="1138252318" role=""/>
  <member type="way" ref="1138252316" role=""/>
  <member type="way" ref="1138253583" role=""/>
  <member type="way" ref="215707679" role=""/>
  <member type="way" ref="442095251" role=""/>
  <member type="way" ref="442095249" role=""/>
  <member type="way" ref="215962047" role=""/>
  <member type="way" ref="1427223274" role=""/>
  <member type="way" ref="1427223273" role=""/>
  <member type="way" ref="442095250" role=""/>
  <member type="way" ref="241879202" role=""/>
  <member type="way" ref="260393649" role=""/>
  <member type="way" ref="1144259510" role=""/>
  <member type="way" ref="1144259402" role=""/>
  <member type="way" ref="1519951170" role=""/>
  <member type="way" ref="260393648" role=""/>
  <member type="way" ref="45656373" role=""/>
  <member type="way" ref="1200087980" role=""/>
  <member type="way" ref="1200087978" role=""/>
  <member type="way" ref="1200087979" role=""/>
  <member type="way" ref="1200087981" role=""/>
  <member type="way" ref="1200087970" role=""/>
  <member type="way" ref="1200087971" role=""/>
  <member type="way" ref="1200087968" role=""/>
  <member type="way" ref="1200087972" role=""/>
  <member type="way" ref="1200087967" role=""/>
  <member type="way" ref="1200087969" role=""/>
  <member type="way" ref="409901683" role=""/>
  <member type="way" ref="1519951169" role=""/>
  <member type="way" ref="441240738" role=""/>
  <member type="way" ref="441240737" role=""/>
  <member type="way" ref="438839386" role=""/>
  <member type="way" ref="499421030" role=""/>
  <member type="way" ref="1519951168" role=""/>
  <member type="way" ref="438839387" role=""/>
  <member type="way" ref="45718294" role=""/>
  <member type="way" ref="439432611" role=""/>
  <member type="way" ref="499421085" role=""/>
  <member type="way" ref="45724720" role=""/>
  <member type="way" ref="1347625026" role=""/>
  <member type="way" ref="439432612" role=""/>
  <member type="way" ref="1347686820" role=""/>
  <member type="way" ref="1347686929" role=""/>
  <member type="way" ref="1347624804" role=""/>
  <member type="way" ref="1347687045" role=""/>
  <member type="way" ref="1347624680" role=""/>
  <member type="way" ref="1347624678" role=""/>
  <member type="way" ref="439391599" role=""/>
  <member type="way" ref="439391598" role=""/>
  <member type="way" ref="439391597" role=""/>
  <member type="way" ref="439391609" role=""/>
  <member type="way" ref="439391606" role=""/>
  <member type="way" ref="439391607" role=""/>
  <member type="way" ref="439391608" role=""/>
  <member type="way" ref="438347614" role=""/>
  <member type="way" ref="438925591" role=""/>
  <member type="way" ref="438347601" role=""/>
  <member type="way" ref="438925592" role=""/>
  <member type="way" ref="438925590" role=""/>
  <member type="way" ref="438347609" role=""/>
  <member type="way" ref="438347604" role=""/>
  <member type="way" ref="439263703" role=""/>
  <member type="way" ref="687252033" role=""/>
  <member type="way" ref="439263702" role=""/>
  <member type="way" ref="439261310" role=""/>
  <member type="way" ref="439263699" role=""/>
  <member type="way" ref="439263701" role=""/>
  <member type="way" ref="439263700" role=""/>
  <member type="way" ref="439261311" role=""/>
  <member type="way" ref="439261312" role=""/>
  <member type="way" ref="45719387" role=""/>
  <member type="way" ref="438839388" role=""/>
  <member type="way" ref="131567938" role=""/>
  <member type="way" ref="439080689" role=""/>
  <member type="way" ref="439080692" role="forward"/>
  <member type="way" ref="439080696" role="forward"/>
  <member type="way" ref="439080695" role="forward"/>
  <member type="way" ref="439080691" role="forward"/>
  <member type="way" ref="439080693" role="forward"/>
  <member type="way" ref="438942643" role="forward"/>
  <member type="way" ref="438942641" role="forward"/>
  <member type="way" ref="45719308" role="forward"/>
  <member type="way" ref="438942637" role="forward"/>
  <member type="way" ref="439080697" role="forward"/>
  <member type="way" ref="439080688" role="forward"/>
  <member type="way" ref="439080694" role="forward"/>
  <member type="way" ref="439080690" role="forward"/>
  <member type="way" ref="438942642" role="forward"/>
  <member type="way" ref="438942638" role="forward"/>
  <member type="way" ref="438347615" role="forward"/>
  <member type="way" ref="438942640" role="forward"/>
  <member type="way" ref="131567935" role="forward"/>
  <member type="way" ref="438938603" role="forward"/>
  <member type="way" ref="438942635" role="forward"/>
  <member type="way" ref="45656099" role="forward"/>
  <member type="way" ref="438938604" role=""/>
  <member type="way" ref="438938602" role=""/>
  <member type="way" ref="438938600" role=""/>
  <member type="way" ref="830987032" role=""/>
  <member type="way" ref="1034066958" role=""/>
  <member type="way" ref="1034066960" role=""/>
  <member type="way" ref="1034066959" role=""/>
  <member type="way" ref="45722410" role=""/>
  <member type="way" ref="1552473530" role=""/>
  <member type="way" ref="360750559" role=""/>
  <member type="way" ref="1520014665" role=""/>
  <member type="way" ref="1520014664" role=""/>
  <member type="way" ref="509456649" role=""/>
  <member type="way" ref="1554377272" role=""/>
  <member type="way" ref="1554377271" role=""/>
  <member type="way" ref="814595250" role=""/>
  <member type="way" ref="814595251" role=""/>
  <member type="way" ref="814595252" role=""/>
  <member type="way" ref="814595253" role=""/>
  <member type="way" ref="814595254" role=""/>
  <member type="way" ref="814595255" role=""/>
  <member type="way" ref="814595248" role=""/>
  <member type="way" ref="814595260" role=""/>
  <member type="way" ref="814595259" role=""/>
  <member type="way" ref="814595258" role=""/>
  <member type="way" ref="814595257" role=""/>
  <member type="way" ref="814595256" role=""/>
  <member type="way" ref="814595249" role=""/>
  <member type="way" ref="509456666" role=""/>
  <member type="way" ref="45701314" role=""/>
  <member type="way" ref="438306845" role=""/>
  <member type="way" ref="509453956" role=""/>
  <member type="way" ref="45720996" role=""/>
  <member type="way" ref="45720986" role=""/>
  <member type="way" ref="45682361" role=""/>
  <member type="way" ref="45653460" role=""/>
  <member type="way" ref="199558802" role=""/>
  <member type="way" ref="844873028" role=""/>
  <member type="way" ref="844873023" role=""/>
  <member type="way" ref="1520014663" role=""/>
  <member type="way" ref="45724093" role=""/>
  <member type="way" ref="697697271" role=""/>
  <member type="way" ref="1520064948" role=""/>
  <tag k="name" v="Hawaii Belt Road"/>
  <tag k="network" v="US:HI"/>
  <tag k="route" v="road"/>
  <tag k="type" v="route"/>
 </relation>
 <relation id="11329187" visible="true" version="2" changeset="93587378" timestamp="2020-11-05T08:18:01Z" user="stevea" uid="123633">
  <member type="way" ref="828321269" role="outer"/>
  <member type="way" ref="828321347" role="outer"/>
  <member type="way" ref="828321207" role="outer"/>
  <member type="way" ref="828321308" role="outer"/>
  <member type="way" ref="828321387" role="outer"/>
  <tag k="boundary" v="aboriginal_lands"/>
  <tag k="name" v="Kealakehe Hawaiian Home Land"/>
  <tag k="population" v="1239"/>
  <tag k="type" v="boundary"/>
 </relation>
 <relation id="14407748" visible="true" version="1" changeset="124321424" timestamp="2022-08-01T00:07:27Z" user="wmss" uid="16696805">
  <member type="way" ref="830971771" role="from"/>
  <member type="node" ref="2084989496" role="via"/>
  <member type="way" ref="830971779" role="to"/>
  <tag k="restriction" v="no_right_turn"/>
  <tag k="type" v="restriction"/>
 </relation>
 <relation id="14407749" visible="true" version="1" changeset="124321424" timestamp="2022-08-01T00:07:27Z" user="wmss" uid="16696805">
  <member type="way" ref="830971783" role="from"/>
  <member type="node" ref="2084989489" role="via"/>
  <member type="way" ref="830971777" role="to"/>
  <tag k="restriction" v="no_right_turn"/>
  <tag k="type" v="restriction"/>
 </relation>
 <relation id="14407750" visible="true" version="1" changeset="124321424" timestamp="2022-08-01T00:07:27Z" user="wmss" uid="16696805">
  <member type="way" ref="193079276" role="from"/>
  <member type="node" ref="2084989505" role="via"/>
  <member type="way" ref="830971780" role="to"/>
  <tag k="restriction" v="no_right_turn"/>
  <tag k="type" v="restriction"/>
 </relation>
 <relation id="14407751" visible="true" version="1" changeset="124321424" timestamp="2022-08-01T00:07:27Z" user="wmss" uid="16696805">
  <member type="way" ref="198359590" role="from"/>
  <member type="node" ref="2084989481" role="via"/>
  <member type="way" ref="830971781" role="to"/>
  <tag k="restriction" v="no_right_turn"/>
  <tag k="type" v="restriction"/>
 </relation>
</osm>
